scenario,scenario_label,replicate,true_peaks,detected_peaks,matched_peaks,peak_recovery_pct,exact_wave_count,false_positive_peaks,median_absolute_peak_error_days,mean_signed_peak_error_days,burden_relative_error_pct
ideal_weekly,"Weekly, constant fatality",20260815,3,3,3,100.0,1,0,10.0,0.3333333333333333,-0.1562035684331331
ideal_weekly,"Weekly, constant fatality",20260816,3,3,3,100.0,1,0,5.0,4.0,1.2360513309858323
ideal_weekly,"Weekly, constant fatality",20260817,3,3,3,100.0,1,0,11.0,5.0,-3.926618921841807
ideal_weekly,"Weekly, constant fatality",20260818,3,3,3,100.0,1,0,5.0,2.0,-1.2076178573300345
ideal_weekly,"Weekly, constant fatality",20260819,3,3,3,100.0,1,0,9.0,-7.0,2.605038597632392
ideal_weekly,"Weekly, constant fatality",20260820,3,3,3,100.0,1,0,11.0,8.0,1.6334369768635337
ideal_weekly,"Weekly, constant fatality",20260821,3,3,3,100.0,1,0,12.0,-5.333333333333333,-1.910223006782652
ideal_weekly,"Weekly, constant fatality",20260822,3,3,3,100.0,1,0,11.0,-1.3333333333333333,-2.9005396011849705
ideal_weekly,"Weekly, constant fatality",20260823,3,3,3,100.0,1,0,15.0,-3.0,-2.5748461248135346
ideal_weekly,"Weekly, constant fatality",20260824,3,3,3,100.0,1,0,15.0,5.333333333333333,-1.5536180722788728
ideal_weekly,"Weekly, constant fatality",20260825,3,3,3,100.0,1,0,2.0,1.0,2.771400276833891
ideal_weekly,"Weekly, constant fatality",20260826,3,3,3,100.0,1,0,12.0,11.666666666666666,-2.218518400130809
ideal_weekly,"Weekly, constant fatality",20260827,3,3,3,100.0,1,0,9.0,0.6666666666666666,1.2748734347275414
ideal_weekly,"Weekly, constant fatality",20260828,3,3,3,100.0,1,0,2.0,-5.0,-3.641749254458737
ideal_weekly,"Weekly, constant fatality",20260829,3,3,3,100.0,1,0,7.0,0.3333333333333333,-1.8183825082691563
ideal_weekly,"Weekly, constant fatality",20260830,3,3,3,100.0,1,0,6.0,4.666666666666667,0.13854960600896415
ideal_weekly,"Weekly, constant fatality",20260831,3,3,3,100.0,1,0,11.0,15.333333333333334,0.11330728097691534
ideal_weekly,"Weekly, constant fatality",20260832,3,3,3,100.0,1,0,14.0,8.333333333333334,1.73576952504495
ideal_weekly,"Weekly, constant fatality",20260833,3,4,3,100.0,0,1,6.0,-2.0,-1.9156930088991664
ideal_weekly,"Weekly, constant fatality",20260834,3,3,3,100.0,1,0,18.0,11.0,1.698868630272643
ideal_weekly,"Weekly, constant fatality",20260835,3,3,3,100.0,1,0,15.0,0.6666666666666666,-0.4188972617445552
ideal_weekly,"Weekly, constant fatality",20260836,3,3,3,100.0,1,0,7.0,8.666666666666666,0.7570443349312006
ideal_weekly,"Weekly, constant fatality",20260837,3,3,3,100.0,1,0,18.0,12.333333333333334,-6.452543228863139
ideal_weekly,"Weekly, constant fatality",20260838,3,3,3,100.0,1,0,4.0,10.666666666666666,-2.810348458047729
ideal_weekly,"Weekly, constant fatality",20260839,3,3,3,100.0,1,0,1.0,-6.333333333333333,-1.0836557005026393
ideal_weekly,"Weekly, constant fatality",20260840,3,3,3,100.0,1,0,10.0,6.333333333333333,1.9867172048201098
ideal_weekly,"Weekly, constant fatality",20260841,3,3,3,100.0,1,0,10.0,7.666666666666667,-3.942283909026245
ideal_weekly,"Weekly, constant fatality",20260842,3,3,3,100.0,1,0,6.0,7.666666666666667,0.6864164372563097
ideal_weekly,"Weekly, constant fatality",20260843,3,3,3,100.0,1,0,6.0,3.6666666666666665,-5.149734637087578
ideal_weekly,"Weekly, constant fatality",20260844,3,4,3,100.0,0,1,10.0,8.0,-0.21144152634777758
ideal_weekly,"Weekly, constant fatality",20260845,3,3,3,100.0,1,0,6.0,-2.6666666666666665,-0.5580441439984152
ideal_weekly,"Weekly, constant fatality",20260846,3,3,3,100.0,1,0,3.0,4.0,2.134524221977152
ideal_weekly,"Weekly, constant fatality",20260847,3,3,3,100.0,1,0,11.0,3.6666666666666665,-1.7159655839865562
ideal_weekly,"Weekly, constant fatality",20260848,3,3,3,100.0,1,0,4.0,4.333333333333333,1.275188325661114
ideal_weekly,"Weekly, constant fatality",20260849,3,3,3,100.0,1,0,5.0,9.666666666666666,1.46627931429959
ideal_weekly,"Weekly, constant fatality",20260850,3,3,3,100.0,1,0,11.0,16.666666666666668,1.7711559092013607
ideal_weekly,"Weekly, constant fatality",20260851,3,3,3,100.0,1,0,5.0,0.3333333333333333,-1.3851294915444679
ideal_weekly,"Weekly, constant fatality",20260852,3,3,3,100.0,1,0,11.0,10.666666666666666,-2.8678664643090213
ideal_weekly,"Weekly, constant fatality",20260853,3,3,3,100.0,1,0,9.0,11.0,-2.5599970938650074
ideal_weekly,"Weekly, constant fatality",20260854,3,3,3,100.0,1,0,9.0,5.0,2.5419259644059222
ideal_weekly,"Weekly, constant fatality",20260855,3,3,3,100.0,1,0,14.0,-1.3333333333333333,-0.9928815255654477
ideal_weekly,"Weekly, constant fatality",20260856,3,3,3,100.0,1,0,13.0,16.0,-7.0125419389211245
ideal_weekly,"Weekly, constant fatality",20260857,3,3,3,100.0,1,0,4.0,-3.0,-1.1588038021213443
ideal_weekly,"Weekly, constant fatality",20260858,3,3,3,100.0,1,0,4.0,4.666666666666667,3.1679732478510747
ideal_weekly,"Weekly, constant fatality",20260859,3,3,3,100.0,1,0,3.0,5.0,0.30234068368908407
ideal_weekly,"Weekly, constant fatality",20260860,3,3,3,100.0,1,0,12.0,11.0,-0.36990501853303437
ideal_weekly,"Weekly, constant fatality",20260861,3,3,3,100.0,1,0,6.0,2.6666666666666665,4.508496890495839
ideal_weekly,"Weekly, constant fatality",20260862,3,3,3,100.0,1,0,4.0,6.333333333333333,-4.838489587293038
ideal_weekly,"Weekly, constant fatality",20260863,3,3,3,100.0,1,0,4.0,1.6666666666666667,-0.15809668856321402
ideal_weekly,"Weekly, constant fatality",20260864,3,3,3,100.0,1,0,8.0,8.666666666666666,2.587659539938647
ideal_weekly,"Weekly, constant fatality",20260865,3,3,3,100.0,1,0,19.0,13.666666666666666,-2.5301581364467363
ideal_weekly,"Weekly, constant fatality",20260866,3,3,3,100.0,1,0,11.0,3.0,3.3628887264201657
ideal_weekly,"Weekly, constant fatality",20260867,3,3,3,100.0,1,0,10.0,-8.333333333333334,2.237309125430298
ideal_weekly,"Weekly, constant fatality",20260868,3,3,3,100.0,1,0,15.0,-11.666666666666666,-1.8791938656588902
ideal_weekly,"Weekly, constant fatality",20260869,3,3,3,100.0,1,0,17.0,8.333333333333334,1.0289484842394891
ideal_weekly,"Weekly, constant fatality",20260870,3,3,3,100.0,1,0,10.0,-1.3333333333333333,-2.954641884790421
ideal_weekly,"Weekly, constant fatality",20260871,3,3,3,100.0,1,0,4.0,-0.3333333333333333,0.10859374389593501
ideal_weekly,"Weekly, constant fatality",20260872,3,3,3,100.0,1,0,10.0,-2.3333333333333335,2.4415279068620954
ideal_weekly,"Weekly, constant fatality",20260873,3,3,3,100.0,1,0,9.0,6.333333333333333,2.7881151680523075
ideal_weekly,"Weekly, constant fatality",20260874,3,3,3,100.0,1,0,25.0,22.666666666666668,0.21381320760882616
ideal_weekly,"Weekly, constant fatality",20260875,3,3,3,100.0,1,0,7.0,11.666666666666666,-2.7564938343380585
ideal_weekly,"Weekly, constant fatality",20260876,3,3,3,100.0,1,0,3.0,-1.6666666666666667,1.954637217478128
ideal_weekly,"Weekly, constant fatality",20260877,3,3,3,100.0,1,0,22.0,13.333333333333334,0.9675489650936342
ideal_weekly,"Weekly, constant fatality",20260878,3,3,3,100.0,1,0,5.0,-3.0,1.874850956812768
ideal_weekly,"Weekly, constant fatality",20260879,3,3,3,100.0,1,0,12.0,10.333333333333334,0.41035212773394836
ideal_weekly,"Weekly, constant fatality",20260880,3,3,3,100.0,1,0,11.0,-8.333333333333334,-0.6777360944437927
ideal_weekly,"Weekly, constant fatality",20260881,3,3,3,100.0,1,0,3.0,10.0,2.7391568108176445
ideal_weekly,"Weekly, constant fatality",20260882,3,3,3,100.0,1,0,21.0,14.0,2.5994815089647183
ideal_weekly,"Weekly, constant fatality",20260883,3,3,3,100.0,1,0,3.0,-0.3333333333333333,2.365508249287851
ideal_weekly,"Weekly, constant fatality",20260884,3,3,3,100.0,1,0,10.0,-2.6666666666666665,6.201876254816652
ideal_weekly,"Weekly, constant fatality",20260885,3,3,3,100.0,1,0,19.0,-1.6666666666666667,2.5627516571972153
ideal_weekly,"Weekly, constant fatality",20260886,3,3,3,100.0,1,0,13.0,12.333333333333334,4.502552187561282
ideal_weekly,"Weekly, constant fatality",20260887,3,3,3,100.0,1,0,12.0,8.0,-1.030262347123112
ideal_weekly,"Weekly, constant fatality",20260888,3,3,3,100.0,1,0,5.0,-3.6666666666666665,-1.7544849315715871
ideal_weekly,"Weekly, constant fatality",20260889,3,3,3,100.0,1,0,7.0,6.333333333333333,0.3034343745645707
ideal_weekly,"Weekly, constant fatality",20260890,3,3,3,100.0,1,0,10.0,9.0,1.6080826027454975
ideal_weekly,"Weekly, constant fatality",20260891,3,3,3,100.0,1,0,11.0,13.0,-2.291769257970455
ideal_weekly,"Weekly, constant fatality",20260892,3,3,3,100.0,1,0,3.0,1.6666666666666667,-0.09853238473838122
ideal_weekly,"Weekly, constant fatality",20260893,3,3,3,100.0,1,0,8.0,5.333333333333333,3.8139037572587853
ideal_weekly,"Weekly, constant fatality",20260894,3,3,3,100.0,1,0,8.0,1.3333333333333333,2.0141838389192923
ideal_weekly,"Weekly, constant fatality",20260895,3,3,3,100.0,1,0,14.0,1.6666666666666667,5.56499498593106
ideal_weekly,"Weekly, constant fatality",20260896,3,3,3,100.0,1,0,14.0,7.666666666666667,3.6141309987094195
ideal_weekly,"Weekly, constant fatality",20260897,3,3,3,100.0,1,0,23.0,14.333333333333334,-0.35088156308219487
ideal_weekly,"Weekly, constant fatality",20260898,3,3,3,100.0,1,0,11.0,-3.0,1.887320206335441
ideal_weekly,"Weekly, constant fatality",20260899,3,3,3,100.0,1,0,17.0,13.666666666666666,-2.3508347410679864
ideal_weekly,"Weekly, constant fatality",20260900,3,3,3,100.0,1,0,7.0,18.666666666666668,0.42535487249131254
ideal_weekly,"Weekly, constant fatality",20260901,3,3,3,100.0,1,0,13.0,16.0,-1.3295074165848964
ideal_weekly,"Weekly, constant fatality",20260902,3,3,3,100.0,1,0,21.0,20.0,-0.08810838097212947
ideal_weekly,"Weekly, constant fatality",20260903,3,3,3,100.0,1,0,6.0,7.0,1.860834058898253
ideal_weekly,"Weekly, constant fatality",20260904,3,3,3,100.0,1,0,4.0,0.6666666666666666,0.2723323958909285
ideal_weekly,"Weekly, constant fatality",20260905,3,3,3,100.0,1,0,15.0,4.0,1.0987620838505574
ideal_weekly,"Weekly, constant fatality",20260906,3,3,3,100.0,1,0,5.0,1.6666666666666667,2.4979054194856243
ideal_weekly,"Weekly, constant fatality",20260907,3,3,3,100.0,1,0,6.0,-3.3333333333333335,-1.0599088965600134
ideal_weekly,"Weekly, constant fatality",20260908,3,3,3,100.0,1,0,21.0,19.666666666666668,-2.800756720862474
ideal_weekly,"Weekly, constant fatality",20260909,3,3,3,100.0,1,0,23.0,21.333333333333332,1.8865795726969559
ideal_weekly,"Weekly, constant fatality",20260910,3,3,3,100.0,1,0,16.0,2.3333333333333335,0.3498707690173797
ideal_weekly,"Weekly, constant fatality",20260911,3,3,3,100.0,1,0,12.0,6.0,2.190453419537075
ideal_weekly,"Weekly, constant fatality",20260912,3,3,3,100.0,1,0,4.0,4.666666666666667,3.508669660662367
ideal_weekly,"Weekly, constant fatality",20260913,3,3,3,100.0,1,0,14.0,-13.666666666666666,0.48967885344650686
ideal_weekly,"Weekly, constant fatality",20260914,3,3,3,100.0,1,0,10.0,8.666666666666666,-2.9544690255276285
ideal_weekly,"Weekly, constant fatality",20260915,3,3,3,100.0,1,0,5.0,6.333333333333333,1.262061780187862
ideal_weekly,"Weekly, constant fatality",20260916,3,3,3,100.0,1,0,7.0,5.333333333333333,1.0189276482230891
ideal_weekly,"Weekly, constant fatality",20260917,3,3,3,100.0,1,0,7.0,7.333333333333333,1.2569719923499534
ideal_weekly,"Weekly, constant fatality",20260918,3,3,3,100.0,1,0,10.0,-10.333333333333334,-2.1060177590856877
ideal_weekly,"Weekly, constant fatality",20260919,3,3,3,100.0,1,0,6.0,4.333333333333333,1.4132610604894236
ideal_weekly,"Weekly, constant fatality",20260920,3,3,3,100.0,1,0,11.0,-5.666666666666667,0.6084001024380559
ideal_weekly,"Weekly, constant fatality",20260921,3,3,3,100.0,1,0,5.0,4.666666666666667,-2.963830572317727
ideal_weekly,"Weekly, constant fatality",20260922,3,3,3,100.0,1,0,4.0,-9.666666666666666,1.7195507648894548
ideal_weekly,"Weekly, constant fatality",20260923,3,3,3,100.0,1,0,3.0,6.666666666666667,-4.68733095698648
ideal_weekly,"Weekly, constant fatality",20260924,3,3,3,100.0,1,0,13.0,3.0,1.4593214574480928
ideal_weekly,"Weekly, constant fatality",20260925,3,3,3,100.0,1,0,15.0,2.6666666666666665,1.6940137529189325
ideal_weekly,"Weekly, constant fatality",20260926,3,3,3,100.0,1,0,12.0,6.666666666666667,-0.07724286566641592
ideal_weekly,"Weekly, constant fatality",20260927,3,3,3,100.0,1,0,10.0,11.666666666666666,-1.7754970350563393
ideal_weekly,"Weekly, constant fatality",20260928,3,3,3,100.0,1,0,11.0,6.666666666666667,-1.1129457090360728
ideal_weekly,"Weekly, constant fatality",20260929,3,3,3,100.0,1,0,13.0,8.666666666666666,-3.6643196361998642
ideal_weekly,"Weekly, constant fatality",20260930,3,3,3,100.0,1,0,11.0,7.333333333333333,-0.4238996051324828
ideal_weekly,"Weekly, constant fatality",20260931,3,3,3,100.0,1,0,16.0,8.0,-0.5296354928768898
ideal_weekly,"Weekly, constant fatality",20260932,3,3,3,100.0,1,0,15.0,11.0,2.387393270677851
ideal_weekly,"Weekly, constant fatality",20260933,3,3,3,100.0,1,0,15.0,2.0,0.2472467514236909
ideal_weekly,"Weekly, constant fatality",20260934,3,3,3,100.0,1,0,18.0,9.0,2.367719114114397
ideal_weekly,"Weekly, constant fatality",20260935,3,3,3,100.0,1,0,8.0,2.0,-1.0789371795685732
ideal_weekly,"Weekly, constant fatality",20260936,3,3,3,100.0,1,0,6.0,1.3333333333333333,1.4487484584752464
ideal_weekly,"Weekly, constant fatality",20260937,3,3,3,100.0,1,0,9.0,11.666666666666666,-2.923738637503248
ideal_weekly,"Weekly, constant fatality",20260938,3,3,3,100.0,1,0,4.0,7.0,-0.9320402811451522
ideal_weekly,"Weekly, constant fatality",20260939,3,3,3,100.0,1,0,14.0,1.3333333333333333,0.026634124376934132
ideal_weekly,"Weekly, constant fatality",20260940,3,3,3,100.0,1,0,18.0,1.0,2.807049446223142
ideal_weekly,"Weekly, constant fatality",20260941,3,3,3,100.0,1,0,9.0,-3.3333333333333335,0.7877247220201999
ideal_weekly,"Weekly, constant fatality",20260942,3,3,3,100.0,1,0,8.0,10.333333333333334,-0.9175114930549233
ideal_weekly,"Weekly, constant fatality",20260943,3,3,3,100.0,1,0,15.0,4.0,-1.5341089138038555
ideal_weekly,"Weekly, constant fatality",20260944,3,3,3,100.0,1,0,6.0,1.6666666666666667,-2.7894930242926885
ideal_weekly,"Weekly, constant fatality",20260945,3,3,3,100.0,1,0,3.0,-1.0,-1.5673816849338107
ideal_weekly,"Weekly, constant fatality",20260946,3,3,3,100.0,1,0,11.0,5.666666666666667,-2.5949486420450585
ideal_weekly,"Weekly, constant fatality",20260947,3,3,3,100.0,1,0,6.0,10.0,2.263499728447016
ideal_weekly,"Weekly, constant fatality",20260948,3,3,3,100.0,1,0,11.0,10.666666666666666,-0.1044638298314915
ideal_weekly,"Weekly, constant fatality",20260949,3,3,3,100.0,1,0,6.0,-6.333333333333333,2.795633435837619
ideal_weekly,"Weekly, constant fatality",20260950,3,3,3,100.0,1,0,12.0,8.0,-2.71016859593588
ideal_weekly,"Weekly, constant fatality",20260951,3,3,3,100.0,1,0,7.0,-5.666666666666667,0.7519771503795125
ideal_weekly,"Weekly, constant fatality",20260952,3,3,3,100.0,1,0,20.0,-4.0,3.8663343091674296
ideal_weekly,"Weekly, constant fatality",20260953,3,3,3,100.0,1,0,13.0,12.333333333333334,0.2060728462166761
ideal_weekly,"Weekly, constant fatality",20260954,3,3,3,100.0,1,0,5.0,4.666666666666667,0.4661008326737992
ideal_weekly,"Weekly, constant fatality",20260955,3,3,3,100.0,1,0,3.0,4.666666666666667,1.9825305903093948
ideal_weekly,"Weekly, constant fatality",20260956,3,3,3,100.0,1,0,16.0,13.0,0.279277106499487
ideal_weekly,"Weekly, constant fatality",20260957,3,3,3,100.0,1,0,11.0,-1.3333333333333333,-1.483252842098337
ideal_weekly,"Weekly, constant fatality",20260958,3,3,3,100.0,1,0,6.0,12.666666666666666,0.20764974341027642
ideal_weekly,"Weekly, constant fatality",20260959,3,3,3,100.0,1,0,20.0,18.333333333333332,0.8017490233805491
ideal_weekly,"Weekly, constant fatality",20260960,3,3,3,100.0,1,0,8.0,1.6666666666666667,0.6279377559715638
ideal_weekly,"Weekly, constant fatality",20260961,3,3,3,100.0,1,0,18.0,0.6666666666666666,0.6194401126761173
ideal_weekly,"Weekly, constant fatality",20260962,3,3,3,100.0,1,0,13.0,-9.333333333333334,-2.358650649331817
ideal_weekly,"Weekly, constant fatality",20260963,3,3,3,100.0,1,0,21.0,18.333333333333332,-2.146173375055982
ideal_weekly,"Weekly, constant fatality",20260964,3,3,3,100.0,1,0,6.0,3.3333333333333335,0.927022811009337
ideal_weekly,"Weekly, constant fatality",20260965,3,3,3,100.0,1,0,15.0,0.3333333333333333,-0.7320037902839194
ideal_weekly,"Weekly, constant fatality",20260966,3,3,3,100.0,1,0,6.0,-1.0,0.9650525366307283
ideal_weekly,"Weekly, constant fatality",20260967,3,3,3,100.0,1,0,16.0,13.666666666666666,0.7492665001278542
ideal_weekly,"Weekly, constant fatality",20260968,3,3,3,100.0,1,0,12.0,4.333333333333333,1.347892913425408
ideal_weekly,"Weekly, constant fatality",20260969,3,3,3,100.0,1,0,7.0,-9.666666666666666,0.907552660043276
ideal_weekly,"Weekly, constant fatality",20260970,3,3,3,100.0,1,0,24.0,-1.6666666666666667,3.6427802881690896
ideal_weekly,"Weekly, constant fatality",20260971,3,3,3,100.0,1,0,11.0,-13.333333333333334,-1.785293704927593
ideal_weekly,"Weekly, constant fatality",20260972,3,3,3,100.0,1,0,5.0,-3.6666666666666665,3.1203121975740267
ideal_weekly,"Weekly, constant fatality",20260973,3,3,3,100.0,1,0,3.0,3.0,-0.8671611800848744
ideal_weekly,"Weekly, constant fatality",20260974,3,3,3,100.0,1,0,17.0,1.0,1.629749533835323
ideal_weekly,"Weekly, constant fatality",20260975,3,3,3,100.0,1,0,1.0,-3.3333333333333335,-1.3020170121368135
ideal_weekly,"Weekly, constant fatality",20260976,3,3,3,100.0,1,0,22.0,21.333333333333332,-1.887160617008199
ideal_weekly,"Weekly, constant fatality",20260977,3,3,3,100.0,1,0,2.0,-7.333333333333333,-3.8230945936316596
ideal_weekly,"Weekly, constant fatality",20260978,3,3,3,100.0,1,0,4.0,6.666666666666667,-1.7568623601115108
ideal_weekly,"Weekly, constant fatality",20260979,3,3,3,100.0,1,0,13.0,5.0,5.489432815190365
ideal_weekly,"Weekly, constant fatality",20260980,3,3,3,100.0,1,0,8.0,7.0,-2.3937136817209104
ideal_weekly,"Weekly, constant fatality",20260981,3,3,3,100.0,1,0,8.0,0.3333333333333333,-5.369996160907753
ideal_weekly,"Weekly, constant fatality",20260982,3,3,3,100.0,1,0,25.0,3.6666666666666665,0.2980874660333255
ideal_weekly,"Weekly, constant fatality",20260983,3,3,3,100.0,1,0,13.0,-8.0,-4.642052688308517
ideal_weekly,"Weekly, constant fatality",20260984,3,3,3,100.0,1,0,4.0,-1.6666666666666667,-0.7428841014961662
ideal_weekly,"Weekly, constant fatality",20260985,3,3,3,100.0,1,0,3.0,7.0,0.5069386251683516
ideal_weekly,"Weekly, constant fatality",20260986,3,3,3,100.0,1,0,3.0,-6.0,2.1134149191931906
ideal_weekly,"Weekly, constant fatality",20260987,3,3,3,100.0,1,0,10.0,-0.3333333333333333,2.054872179250644
ideal_weekly,"Weekly, constant fatality",20260988,3,3,3,100.0,1,0,4.0,6.333333333333333,0.502940838738386
ideal_weekly,"Weekly, constant fatality",20260989,3,3,3,100.0,1,0,13.0,-10.333333333333334,0.8379689005237445
ideal_weekly,"Weekly, constant fatality",20260990,3,3,3,100.0,1,0,8.0,-0.3333333333333333,0.34883546209680816
ideal_weekly,"Weekly, constant fatality",20260991,3,3,3,100.0,1,0,6.0,0.6666666666666666,1.2273205081737348
ideal_weekly,"Weekly, constant fatality",20260992,3,3,3,100.0,1,0,6.0,-6.0,-1.0707332205179165
ideal_weekly,"Weekly, constant fatality",20260993,3,4,3,100.0,0,1,10.0,8.333333333333334,-0.1255921263592863
ideal_weekly,"Weekly, constant fatality",20260994,3,3,3,100.0,1,0,20.0,-1.6666666666666667,-0.8290740983730727
ideal_weekly,"Weekly, constant fatality",20260995,3,3,3,100.0,1,0,10.0,0.3333333333333333,-1.8859387605048572
ideal_weekly,"Weekly, constant fatality",20260996,3,3,3,100.0,1,0,6.0,8.666666666666666,-4.299891658856558
ideal_weekly,"Weekly, constant fatality",20260997,3,3,3,100.0,1,0,13.0,7.0,0.4379748469174327
ideal_weekly,"Weekly, constant fatality",20260998,3,3,3,100.0,1,0,8.0,7.666666666666667,-0.4271902470894706
ideal_weekly,"Weekly, constant fatality",20260999,3,3,3,100.0,1,0,5.0,0.3333333333333333,-0.269179450007373
ideal_weekly,"Weekly, constant fatality",20261000,3,3,3,100.0,1,0,12.0,-2.3333333333333335,-5.874276509801857
ideal_weekly,"Weekly, constant fatality",20261001,3,3,3,100.0,1,0,9.0,10.666666666666666,-0.3001951651549484
ideal_weekly,"Weekly, constant fatality",20261002,3,3,3,100.0,1,0,10.0,-4.333333333333333,-5.2735806149146525
ideal_weekly,"Weekly, constant fatality",20261003,3,3,3,100.0,1,0,10.0,5.666666666666667,-1.8134295598290495
ideal_weekly,"Weekly, constant fatality",20261004,3,3,2,66.66666666666667,1,1,12.5,-12.5,2.2862885941300037
ideal_weekly,"Weekly, constant fatality",20261005,3,3,3,100.0,1,0,1.0,3.3333333333333335,0.14886773020519328
ideal_weekly,"Weekly, constant fatality",20261006,3,3,3,100.0,1,0,1.0,-2.0,-2.161749111397371
ideal_weekly,"Weekly, constant fatality",20261007,3,3,3,100.0,1,0,3.0,-5.0,-0.9372309806895518
ideal_weekly,"Weekly, constant fatality",20261008,3,3,3,100.0,1,0,12.0,6.333333333333333,1.5988037692489243
ideal_weekly,"Weekly, constant fatality",20261009,3,3,3,100.0,1,0,21.0,8.0,-5.422435972858297
ideal_weekly,"Weekly, constant fatality",20261010,3,3,3,100.0,1,0,13.0,1.3333333333333333,-2.8005026878172634
ideal_weekly,"Weekly, constant fatality",20261011,3,3,3,100.0,1,0,8.0,-7.0,0.8689953936858563
ideal_weekly,"Weekly, constant fatality",20261012,3,3,3,100.0,1,0,10.0,-5.333333333333333,-1.5161314173745555
ideal_weekly,"Weekly, constant fatality",20261013,3,3,3,100.0,1,0,9.0,-3.3333333333333335,-1.4455795988810194
ideal_weekly,"Weekly, constant fatality",20261014,3,3,3,100.0,1,0,6.0,-0.6666666666666666,-3.7971567742311696
ideal_weekly,"Weekly, constant fatality",20261015,3,3,3,100.0,1,0,10.0,5.666666666666667,-0.6996816894764168
ideal_weekly,"Weekly, constant fatality",20261016,3,3,3,100.0,1,0,6.0,1.3333333333333333,-2.0874972300899186
ideal_weekly,"Weekly, constant fatality",20261017,3,3,3,100.0,1,0,1.0,-5.0,-0.1310853885752028
ideal_weekly,"Weekly, constant fatality",20261018,3,3,3,100.0,1,0,6.0,-6.0,-0.7980418481572049
ideal_weekly,"Weekly, constant fatality",20261019,3,3,3,100.0,1,0,14.0,4.333333333333333,-1.2757340755958024
ideal_weekly,"Weekly, constant fatality",20261020,3,3,3,100.0,1,0,1.0,11.333333333333334,2.9806561018021815
ideal_weekly,"Weekly, constant fatality",20261021,3,3,3,100.0,1,0,4.0,0.0,-1.6356974316781403
ideal_weekly,"Weekly, constant fatality",20261022,3,3,3,100.0,1,0,15.0,1.6666666666666667,-2.4917505538304408
ideal_weekly,"Weekly, constant fatality",20261023,3,3,3,100.0,1,0,8.0,-10.666666666666666,0.06520045938094299
ideal_weekly,"Weekly, constant fatality",20261024,3,3,3,100.0,1,0,6.0,11.666666666666666,-3.821804011181029
ideal_weekly,"Weekly, constant fatality",20261025,3,3,3,100.0,1,0,15.0,20.0,0.8094274861721429
ideal_weekly,"Weekly, constant fatality",20261026,3,3,3,100.0,1,0,1.0,4.0,-6.115349086706945
ideal_weekly,"Weekly, constant fatality",20261027,3,3,3,100.0,1,0,7.0,6.0,-0.8852383674926689
ideal_weekly,"Weekly, constant fatality",20261028,3,3,3,100.0,1,0,11.0,-1.6666666666666667,2.914322941875258
ideal_weekly,"Weekly, constant fatality",20261029,3,3,3,100.0,1,0,8.0,9.0,1.1138923887547003
ideal_weekly,"Weekly, constant fatality",20261030,3,3,3,100.0,1,0,5.0,-4.333333333333333,-1.8777505999466038
ideal_weekly,"Weekly, constant fatality",20261031,3,3,3,100.0,1,0,16.0,-2.0,2.5281004078186786
ideal_weekly,"Weekly, constant fatality",20261032,3,3,3,100.0,1,0,4.0,10.0,-1.4957117865387226
ideal_weekly,"Weekly, constant fatality",20261033,3,3,3,100.0,1,0,7.0,-7.0,0.5726772179486028
ideal_weekly,"Weekly, constant fatality",20261034,3,3,3,100.0,1,0,16.0,-10.333333333333334,-2.279035053986944
ideal_weekly,"Weekly, constant fatality",20261035,3,3,3,100.0,1,0,9.0,5.666666666666667,2.9004765051626524
ideal_weekly,"Weekly, constant fatality",20261036,3,3,3,100.0,1,0,8.0,-2.6666666666666665,-3.35324318474991
ideal_weekly,"Weekly, constant fatality",20261037,3,3,3,100.0,1,0,10.0,-5.0,-3.69783667826199
ideal_weekly,"Weekly, constant fatality",20261038,3,3,3,100.0,1,0,10.0,-2.3333333333333335,-2.330846646460649
ideal_weekly,"Weekly, constant fatality",20261039,3,3,3,100.0,1,0,18.0,19.0,0.4941748586731798
ideal_weekly,"Weekly, constant fatality",20261040,3,3,3,100.0,1,0,12.0,-2.3333333333333335,1.2706329034890773
ideal_weekly,"Weekly, constant fatality",20261041,3,3,3,100.0,1,0,8.0,10.666666666666666,0.9560460230408019
ideal_weekly,"Weekly, constant fatality",20261042,3,3,3,100.0,1,0,11.0,4.0,-0.785977898373158
ideal_weekly,"Weekly, constant fatality",20261043,3,3,3,100.0,1,0,20.0,13.0,2.7304833467319822
ideal_weekly,"Weekly, constant fatality",20261044,3,3,3,100.0,1,0,18.0,22.666666666666668,0.7372453126665901
ideal_weekly,"Weekly, constant fatality",20261045,3,3,3,100.0,1,0,24.0,-0.3333333333333333,-1.294132186470054
ideal_weekly,"Weekly, constant fatality",20261046,3,3,3,100.0,1,0,6.0,1.0,-3.832940675015395
ideal_weekly,"Weekly, constant fatality",20261047,3,3,3,100.0,1,0,11.0,4.0,-1.6189999120622134
ideal_weekly,"Weekly, constant fatality",20261048,3,3,3,100.0,1,0,9.0,1.0,-2.1714041597042377
ideal_weekly,"Weekly, constant fatality",20261049,3,3,3,100.0,1,0,7.0,4.666666666666667,0.49228701804682196
ideal_weekly,"Weekly, constant fatality",20261050,3,3,3,100.0,1,0,9.0,-3.0,0.3457845865863396
ideal_weekly,"Weekly, constant fatality",20261051,3,3,3,100.0,1,0,16.0,3.6666666666666665,1.2935322084142165
ideal_weekly,"Weekly, constant fatality",20261052,3,3,3,100.0,1,0,10.0,-3.0,1.5037897986518889
ideal_weekly,"Weekly, constant fatality",20261053,3,3,3,100.0,1,0,3.0,3.6666666666666665,0.4338716627547923
ideal_weekly,"Weekly, constant fatality",20261054,3,3,3,100.0,1,0,11.0,-5.333333333333333,-2.7526555588038404
low_signal,"Weekly, lower mortality signal",20360815,3,3,3,100.0,1,0,29.0,14.333333333333334,-69.78454713302654
low_signal,"Weekly, lower mortality signal",20360816,3,3,3,100.0,1,0,3.0,0.0,-68.8027183187975
low_signal,"Weekly, lower mortality signal",20360817,3,4,3,100.0,0,1,4.0,-2.6666666666666665,-70.59547373527343
low_signal,"Weekly, lower mortality signal",20360818,3,3,3,100.0,1,0,17.0,-14.666666666666666,-70.66553073870455
low_signal,"Weekly, lower mortality signal",20360819,3,3,3,100.0,1,0,26.0,-5.0,-69.85855552463518
low_signal,"Weekly, lower mortality signal",20360820,3,3,3,100.0,1,0,4.0,11.0,-67.67115339735807
low_signal,"Weekly, lower mortality signal",20360821,3,3,3,100.0,1,0,15.0,13.666666666666666,-71.14807416930995
low_signal,"Weekly, lower mortality signal",20360822,3,3,3,100.0,1,0,14.0,-12.333333333333334,-68.00193079129434
low_signal,"Weekly, lower mortality signal",20360823,3,3,3,100.0,1,0,17.0,18.666666666666668,-70.22351721486861
low_signal,"Weekly, lower mortality signal",20360824,3,3,3,100.0,1,0,9.0,14.666666666666666,-66.71543338916463
low_signal,"Weekly, lower mortality signal",20360825,3,3,3,100.0,1,0,4.0,2.0,-69.86992687578399
low_signal,"Weekly, lower mortality signal",20360826,3,3,3,100.0,1,0,15.0,-3.6666666666666665,-68.97440171241682
low_signal,"Weekly, lower mortality signal",20360827,3,3,2,66.66666666666667,1,1,6.5,6.5,-69.30242715662848
low_signal,"Weekly, lower mortality signal",20360828,3,3,2,66.66666666666667,1,1,9.5,7.5,-70.43925086662959
low_signal,"Weekly, lower mortality signal",20360829,3,3,3,100.0,1,0,19.0,-0.3333333333333333,-69.71159533001187
low_signal,"Weekly, lower mortality signal",20360830,3,3,3,100.0,1,0,10.0,-3.3333333333333335,-70.33688359380038
low_signal,"Weekly, lower mortality signal",20360831,3,3,3,100.0,1,0,8.0,-4.333333333333333,-68.76536089811258
low_signal,"Weekly, lower mortality signal",20360832,3,3,3,100.0,1,0,4.0,9.333333333333334,-68.71553111665851
low_signal,"Weekly, lower mortality signal",20360833,3,3,3,100.0,1,0,13.0,-11.0,-66.4759792322826
low_signal,"Weekly, lower mortality signal",20360834,3,3,3,100.0,1,0,15.0,4.0,-70.97517133001176
low_signal,"Weekly, lower mortality signal",20360835,3,4,3,100.0,0,1,20.0,22.333333333333332,-67.89352868177102
low_signal,"Weekly, lower mortality signal",20360836,3,3,3,100.0,1,0,16.0,12.333333333333334,-69.93432934499668
low_signal,"Weekly, lower mortality signal",20360837,3,3,3,100.0,1,0,4.0,9.0,-68.44685491457818
low_signal,"Weekly, lower mortality signal",20360838,3,3,3,100.0,1,0,5.0,2.0,-69.81365717062276
low_signal,"Weekly, lower mortality signal",20360839,3,4,3,100.0,0,1,19.0,15.666666666666666,-67.29531607430236
low_signal,"Weekly, lower mortality signal",20360840,3,3,3,100.0,1,0,15.0,2.0,-69.49017454441868
low_signal,"Weekly, lower mortality signal",20360841,3,3,3,100.0,1,0,11.0,8.666666666666666,-68.74709986078118
low_signal,"Weekly, lower mortality signal",20360842,3,3,3,100.0,1,0,25.0,5.666666666666667,-69.502833878659
low_signal,"Weekly, lower mortality signal",20360843,3,3,3,100.0,1,0,8.0,-5.333333333333333,-70.41988532834962
low_signal,"Weekly, lower mortality signal",20360844,3,3,3,100.0,1,0,6.0,2.3333333333333335,-70.37748847208769
low_signal,"Weekly, lower mortality signal",20360845,3,3,3,100.0,1,0,16.0,11.333333333333334,-68.86933240560786
low_signal,"Weekly, lower mortality signal",20360846,3,3,3,100.0,1,0,8.0,-1.3333333333333333,-69.38738003229514
low_signal,"Weekly, lower mortality signal",20360847,3,3,3,100.0,1,0,17.0,1.6666666666666667,-67.84779622757559
low_signal,"Weekly, lower mortality signal",20360848,3,3,3,100.0,1,0,15.0,16.0,-71.78907897021962
low_signal,"Weekly, lower mortality signal",20360849,3,3,3,100.0,1,0,12.0,-10.666666666666666,-68.05330913841236
low_signal,"Weekly, lower mortality signal",20360850,3,3,3,100.0,1,0,12.0,8.333333333333334,-68.05546835445455
low_signal,"Weekly, lower mortality signal",20360851,3,3,3,100.0,1,0,3.0,8.333333333333334,-70.22458756250356
low_signal,"Weekly, lower mortality signal",20360852,3,3,3,100.0,1,0,31.0,9.333333333333334,-65.13557543136017
low_signal,"Weekly, lower mortality signal",20360853,3,3,3,100.0,1,0,27.0,1.3333333333333333,-68.1037075171971
low_signal,"Weekly, lower mortality signal",20360854,3,4,3,100.0,0,1,18.0,-0.3333333333333333,-68.19424134442035
low_signal,"Weekly, lower mortality signal",20360855,3,3,3,100.0,1,0,5.0,8.333333333333334,-66.84003683974873
low_signal,"Weekly, lower mortality signal",20360856,3,3,3,100.0,1,0,33.0,15.666666666666666,-69.7963337867207
low_signal,"Weekly, lower mortality signal",20360857,3,3,3,100.0,1,0,4.0,-11.333333333333334,-69.17290289618865
low_signal,"Weekly, lower mortality signal",20360858,3,4,3,100.0,0,1,17.0,11.666666666666666,-69.63799699614412
low_signal,"Weekly, lower mortality signal",20360859,3,3,3,100.0,1,0,21.0,-6.333333333333333,-67.21655534839009
low_signal,"Weekly, lower mortality signal",20360860,3,3,3,100.0,1,0,18.0,4.666666666666667,-66.86517753940824
low_signal,"Weekly, lower mortality signal",20360861,3,4,3,100.0,0,1,16.0,13.0,-69.12730696101461
low_signal,"Weekly, lower mortality signal",20360862,3,3,3,100.0,1,0,15.0,12.666666666666666,-68.13398214974438
low_signal,"Weekly, lower mortality signal",20360863,3,3,3,100.0,1,0,10.0,10.0,-69.15548516160597
low_signal,"Weekly, lower mortality signal",20360864,3,3,3,100.0,1,0,29.0,-14.0,-67.03994733778123
low_signal,"Weekly, lower mortality signal",20360865,3,3,3,100.0,1,0,18.0,19.666666666666668,-67.03062917277526
low_signal,"Weekly, lower mortality signal",20360866,3,3,3,100.0,1,0,0.0,-4.333333333333333,-66.83821071746483
low_signal,"Weekly, lower mortality signal",20360867,3,4,3,100.0,0,1,21.0,-21.666666666666668,-69.62970203953948
low_signal,"Weekly, lower mortality signal",20360868,3,4,3,100.0,0,1,14.0,-1.6666666666666667,-67.93576705004207
low_signal,"Weekly, lower mortality signal",20360869,3,3,3,100.0,1,0,7.0,6.666666666666667,-68.22078518207053
low_signal,"Weekly, lower mortality signal",20360870,3,3,3,100.0,1,0,11.0,-4.0,-69.59572186945944
low_signal,"Weekly, lower mortality signal",20360871,3,3,3,100.0,1,0,7.0,-3.6666666666666665,-69.86113601510479
low_signal,"Weekly, lower mortality signal",20360872,3,4,3,100.0,0,1,5.0,-9.0,-68.13655147599295
low_signal,"Weekly, lower mortality signal",20360873,3,3,3,100.0,1,0,12.0,7.666666666666667,-68.01630297958945
low_signal,"Weekly, lower mortality signal",20360874,3,3,3,100.0,1,0,7.0,-5.666666666666667,-70.55864034612557
low_signal,"Weekly, lower mortality signal",20360875,3,3,3,100.0,1,0,9.0,14.0,-67.5967774448067
low_signal,"Weekly, lower mortality signal",20360876,3,3,3,100.0,1,0,1.0,-3.6666666666666665,-65.54071256824997
low_signal,"Weekly, lower mortality signal",20360877,3,4,3,100.0,0,1,15.0,-15.666666666666666,-70.68705876224794
low_signal,"Weekly, lower mortality signal",20360878,3,3,3,100.0,1,0,18.0,1.3333333333333333,-66.70610125822553
low_signal,"Weekly, lower mortality signal",20360879,3,3,3,100.0,1,0,18.0,-5.666666666666667,-68.81745743867431
low_signal,"Weekly, lower mortality signal",20360880,3,3,3,100.0,1,0,22.0,0.6666666666666666,-69.43573320428584
low_signal,"Weekly, lower mortality signal",20360881,3,3,3,100.0,1,0,4.0,7.0,-68.97785935197211
low_signal,"Weekly, lower mortality signal",20360882,3,3,3,100.0,1,0,9.0,3.3333333333333335,-68.22717720619909
low_signal,"Weekly, lower mortality signal",20360883,3,3,3,100.0,1,0,7.0,1.3333333333333333,-67.54365406946258
low_signal,"Weekly, lower mortality signal",20360884,3,3,3,100.0,1,0,19.0,4.666666666666667,-70.7843787515211
low_signal,"Weekly, lower mortality signal",20360885,3,3,3,100.0,1,0,23.0,19.333333333333332,-69.5852190913335
low_signal,"Weekly, lower mortality signal",20360886,3,3,2,66.66666666666667,1,1,2.0,-2.0,-69.03712990457845
low_signal,"Weekly, lower mortality signal",20360887,3,3,3,100.0,1,0,9.0,-10.666666666666666,-68.03172686005496
low_signal,"Weekly, lower mortality signal",20360888,3,3,3,100.0,1,0,26.0,7.0,-68.91462472279846
low_signal,"Weekly, lower mortality signal",20360889,3,3,2,66.66666666666667,1,1,15.5,-1.5,-67.65078412559257
low_signal,"Weekly, lower mortality signal",20360890,3,3,3,100.0,1,0,9.0,-8.666666666666666,-68.09716922888498
low_signal,"Weekly, lower mortality signal",20360891,3,3,3,100.0,1,0,13.0,-0.3333333333333333,-67.84525234625067
low_signal,"Weekly, lower mortality signal",20360892,3,3,3,100.0,1,0,24.0,-2.3333333333333335,-69.46173309081675
low_signal,"Weekly, lower mortality signal",20360893,3,3,2,66.66666666666667,1,1,24.5,24.5,-67.95643823443268
low_signal,"Weekly, lower mortality signal",20360894,3,3,3,100.0,1,0,11.0,11.666666666666666,-68.98577138226582
low_signal,"Weekly, lower mortality signal",20360895,3,3,3,100.0,1,0,17.0,-7.0,-67.56669742264015
low_signal,"Weekly, lower mortality signal",20360896,3,3,3,100.0,1,0,24.0,11.0,-67.6828627987237
low_signal,"Weekly, lower mortality signal",20360897,3,3,3,100.0,1,0,23.0,-1.3333333333333333,-69.49088693725263
low_signal,"Weekly, lower mortality signal",20360898,3,3,3,100.0,1,0,16.0,-2.0,-71.13820309065638
low_signal,"Weekly, lower mortality signal",20360899,3,3,3,100.0,1,0,17.0,9.666666666666666,-64.33719752698286
low_signal,"Weekly, lower mortality signal",20360900,3,3,3,100.0,1,0,3.0,-5.333333333333333,-67.53986583261667
low_signal,"Weekly, lower mortality signal",20360901,3,3,3,100.0,1,0,14.0,-0.3333333333333333,-68.30770745837745
low_signal,"Weekly, lower mortality signal",20360902,3,3,3,100.0,1,0,3.0,3.6666666666666665,-68.32073025256247
low_signal,"Weekly, lower mortality signal",20360903,3,3,3,100.0,1,0,9.0,11.333333333333334,-68.75878833820337
low_signal,"Weekly, lower mortality signal",20360904,3,3,3,100.0,1,0,2.0,11.333333333333334,-66.7672451947376
low_signal,"Weekly, lower mortality signal",20360905,3,3,3,100.0,1,0,8.0,6.666666666666667,-69.578132061537
low_signal,"Weekly, lower mortality signal",20360906,3,3,2,66.66666666666667,1,1,12.5,-1.5,-68.80845408095679
low_signal,"Weekly, lower mortality signal",20360907,3,4,3,100.0,0,1,9.0,0.0,-71.92953269648103
low_signal,"Weekly, lower mortality signal",20360908,3,3,3,100.0,1,0,18.0,4.333333333333333,-68.25154057913022
low_signal,"Weekly, lower mortality signal",20360909,3,3,3,100.0,1,0,9.0,5.333333333333333,-69.56008510921829
low_signal,"Weekly, lower mortality signal",20360910,3,3,3,100.0,1,0,7.0,6.333333333333333,-70.46978057301678
low_signal,"Weekly, lower mortality signal",20360911,3,4,3,100.0,0,1,9.0,4.333333333333333,-66.11218912999813
low_signal,"Weekly, lower mortality signal",20360912,3,3,3,100.0,1,0,10.0,11.666666666666666,-67.94596709155944
low_signal,"Weekly, lower mortality signal",20360913,3,3,3,100.0,1,0,7.0,7.666666666666667,-68.86655392648305
low_signal,"Weekly, lower mortality signal",20360914,3,4,3,100.0,0,1,10.0,5.666666666666667,-68.21994696376538
low_signal,"Weekly, lower mortality signal",20360915,3,3,2,66.66666666666667,1,1,9.0,9.0,-71.71837193517453
low_signal,"Weekly, lower mortality signal",20360916,3,3,3,100.0,1,0,19.0,20.0,-68.20727304306264
low_signal,"Weekly, lower mortality signal",20360917,3,3,3,100.0,1,0,23.0,15.0,-66.62245227722954
low_signal,"Weekly, lower mortality signal",20360918,3,3,3,100.0,1,0,3.0,11.0,-68.30851209081663
low_signal,"Weekly, lower mortality signal",20360919,3,3,3,100.0,1,0,13.0,0.3333333333333333,-69.69974582376872
low_signal,"Weekly, lower mortality signal",20360920,3,3,3,100.0,1,0,13.0,1.0,-67.98216710706362
low_signal,"Weekly, lower mortality signal",20360921,3,3,3,100.0,1,0,3.0,-1.0,-68.90008159190666
low_signal,"Weekly, lower mortality signal",20360922,3,3,3,100.0,1,0,7.0,-5.666666666666667,-69.52711619166713
low_signal,"Weekly, lower mortality signal",20360923,3,3,3,100.0,1,0,8.0,1.3333333333333333,-69.23258197927969
low_signal,"Weekly, lower mortality signal",20360924,3,3,3,100.0,1,0,8.0,-11.333333333333334,-65.42516524333004
low_signal,"Weekly, lower mortality signal",20360925,3,3,3,100.0,1,0,27.0,10.666666666666666,-68.70609405303453
low_signal,"Weekly, lower mortality signal",20360926,3,3,3,100.0,1,0,6.0,-5.666666666666667,-68.05575611880333
low_signal,"Weekly, lower mortality signal",20360927,3,3,3,100.0,1,0,3.0,9.333333333333334,-69.7406373237693
low_signal,"Weekly, lower mortality signal",20360928,3,3,3,100.0,1,0,18.0,2.6666666666666665,-66.30951419405693
low_signal,"Weekly, lower mortality signal",20360929,3,4,3,100.0,0,1,3.0,-6.333333333333333,-70.64899676639382
low_signal,"Weekly, lower mortality signal",20360930,3,5,3,100.0,0,2,12.0,-8.666666666666666,-70.48172990892654
low_signal,"Weekly, lower mortality signal",20360931,3,4,3,100.0,0,1,10.0,6.666666666666667,-72.14220063449159
low_signal,"Weekly, lower mortality signal",20360932,3,3,3,100.0,1,0,9.0,-4.0,-68.95483651614089
low_signal,"Weekly, lower mortality signal",20360933,3,4,3,100.0,0,1,3.0,-7.0,-64.1958918258703
low_signal,"Weekly, lower mortality signal",20360934,3,3,3,100.0,1,0,6.0,-6.333333333333333,-70.42476322208961
low_signal,"Weekly, lower mortality signal",20360935,3,3,3,100.0,1,0,10.0,-6.0,-69.81161564164809
low_signal,"Weekly, lower mortality signal",20360936,3,3,3,100.0,1,0,13.0,10.666666666666666,-67.2997974825357
low_signal,"Weekly, lower mortality signal",20360937,3,3,2,66.66666666666667,1,1,14.5,14.5,-67.68715121879889
low_signal,"Weekly, lower mortality signal",20360938,3,3,3,100.0,1,0,22.0,-6.0,-68.47885028856523
low_signal,"Weekly, lower mortality signal",20360939,3,3,3,100.0,1,0,13.0,-7.0,-70.58998720345319
low_signal,"Weekly, lower mortality signal",20360940,3,4,3,100.0,0,1,16.0,12.333333333333334,-67.07517860552126
low_signal,"Weekly, lower mortality signal",20360941,3,3,3,100.0,1,0,8.0,8.333333333333334,-68.68350538075933
low_signal,"Weekly, lower mortality signal",20360942,3,3,3,100.0,1,0,1.0,10.333333333333334,-68.745134965263
low_signal,"Weekly, lower mortality signal",20360943,3,3,3,100.0,1,0,13.0,6.333333333333333,-68.18716925386848
low_signal,"Weekly, lower mortality signal",20360944,3,3,3,100.0,1,0,15.0,17.333333333333332,-67.72961460976728
low_signal,"Weekly, lower mortality signal",20360945,3,4,3,100.0,0,1,8.0,9.333333333333334,-68.1444278166647
low_signal,"Weekly, lower mortality signal",20360946,3,3,3,100.0,1,0,13.0,8.0,-71.22389633297779
low_signal,"Weekly, lower mortality signal",20360947,3,3,3,100.0,1,0,22.0,-14.0,-68.59911017364183
low_signal,"Weekly, lower mortality signal",20360948,3,4,3,100.0,0,1,12.0,9.666666666666666,-70.1846542875789
low_signal,"Weekly, lower mortality signal",20360949,3,4,3,100.0,0,1,9.0,5.333333333333333,-69.49791718909643
low_signal,"Weekly, lower mortality signal",20360950,3,3,3,100.0,1,0,6.0,2.0,-69.19902014773362
low_signal,"Weekly, lower mortality signal",20360951,3,3,3,100.0,1,0,4.0,4.333333333333333,-66.11390543348551
low_signal,"Weekly, lower mortality signal",20360952,3,3,3,100.0,1,0,11.0,0.3333333333333333,-68.90610955304864
low_signal,"Weekly, lower mortality signal",20360953,3,3,3,100.0,1,0,4.0,4.333333333333333,-66.40645247311545
low_signal,"Weekly, lower mortality signal",20360954,3,3,3,100.0,1,0,5.0,5.333333333333333,-67.39787643389083
low_signal,"Weekly, lower mortality signal",20360955,3,4,3,100.0,0,1,12.0,-7.0,-66.50291341735532
low_signal,"Weekly, lower mortality signal",20360956,3,3,3,100.0,1,0,11.0,-6.0,-69.98199146179122
low_signal,"Weekly, lower mortality signal",20360957,3,3,3,100.0,1,0,5.0,3.3333333333333335,-69.24705010015877
low_signal,"Weekly, lower mortality signal",20360958,3,4,3,100.0,0,1,5.0,-2.6666666666666665,-67.29086459351853
low_signal,"Weekly, lower mortality signal",20360959,3,4,3,100.0,0,1,3.0,13.333333333333334,-67.53709427462458
low_signal,"Weekly, lower mortality signal",20360960,3,3,3,100.0,1,0,27.0,14.333333333333334,-69.56616231811152
low_signal,"Weekly, lower mortality signal",20360961,3,3,3,100.0,1,0,12.0,14.0,-67.63589467912344
low_signal,"Weekly, lower mortality signal",20360962,3,4,3,100.0,0,1,20.0,19.0,-70.28123240952128
low_signal,"Weekly, lower mortality signal",20360963,3,3,3,100.0,1,0,11.0,6.0,-70.25241654299114
low_signal,"Weekly, lower mortality signal",20360964,3,3,3,100.0,1,0,7.0,13.333333333333334,-65.93093251938674
low_signal,"Weekly, lower mortality signal",20360965,3,3,3,100.0,1,0,11.0,-9.666666666666666,-69.69765369413716
low_signal,"Weekly, lower mortality signal",20360966,3,3,3,100.0,1,0,11.0,-6.0,-69.02289899070362
low_signal,"Weekly, lower mortality signal",20360967,3,4,3,100.0,0,1,5.0,-12.0,-68.91138921880312
low_signal,"Weekly, lower mortality signal",20360968,3,3,3,100.0,1,0,22.0,6.333333333333333,-70.53152059202526
low_signal,"Weekly, lower mortality signal",20360969,3,3,3,100.0,1,0,12.0,6.666666666666667,-69.34768059945782
low_signal,"Weekly, lower mortality signal",20360970,3,3,3,100.0,1,0,3.0,-1.0,-68.74232643261307
low_signal,"Weekly, lower mortality signal",20360971,3,3,3,100.0,1,0,12.0,-14.0,-68.80756470006831
low_signal,"Weekly, lower mortality signal",20360972,3,3,3,100.0,1,0,11.0,-0.3333333333333333,-69.99693982725421
low_signal,"Weekly, lower mortality signal",20360973,3,3,3,100.0,1,0,9.0,16.333333333333332,-69.06626557845927
low_signal,"Weekly, lower mortality signal",20360974,3,3,3,100.0,1,0,10.0,-9.0,-67.78042274921954
low_signal,"Weekly, lower mortality signal",20360975,3,4,3,100.0,0,1,15.0,1.3333333333333333,-69.44461942088648
low_signal,"Weekly, lower mortality signal",20360976,3,3,3,100.0,1,0,6.0,-1.3333333333333333,-68.77211236572222
low_signal,"Weekly, lower mortality signal",20360977,3,3,3,100.0,1,0,14.0,7.666666666666667,-69.82278226501323
low_signal,"Weekly, lower mortality signal",20360978,3,3,3,100.0,1,0,18.0,8.666666666666666,-68.57198091301338
low_signal,"Weekly, lower mortality signal",20360979,3,4,3,100.0,0,1,10.0,-0.3333333333333333,-73.01095627564615
low_signal,"Weekly, lower mortality signal",20360980,3,3,3,100.0,1,0,19.0,1.0,-69.50339985973379
low_signal,"Weekly, lower mortality signal",20360981,3,4,3,100.0,0,1,8.0,-6.666666666666667,-68.12005572282366
low_signal,"Weekly, lower mortality signal",20360982,3,3,3,100.0,1,0,13.0,-2.3333333333333335,-71.6371499777568
low_signal,"Weekly, lower mortality signal",20360983,3,3,3,100.0,1,0,13.0,3.0,-68.48509924792549
low_signal,"Weekly, lower mortality signal",20360984,3,3,3,100.0,1,0,14.0,3.6666666666666665,-62.60340895290939
low_signal,"Weekly, lower mortality signal",20360985,3,3,3,100.0,1,0,29.0,6.333333333333333,-69.63072766974692
low_signal,"Weekly, lower mortality signal",20360986,3,3,3,100.0,1,0,11.0,15.333333333333334,-67.18304816824558
low_signal,"Weekly, lower mortality signal",20360987,3,4,3,100.0,0,1,19.0,-16.666666666666668,-69.84100353603802
low_signal,"Weekly, lower mortality signal",20360988,3,3,3,100.0,1,0,19.0,4.666666666666667,-68.05081432465636
low_signal,"Weekly, lower mortality signal",20360989,3,3,3,100.0,1,0,13.0,5.0,-71.40597875594612
low_signal,"Weekly, lower mortality signal",20360990,3,3,3,100.0,1,0,6.0,7.333333333333333,-67.83173322175817
low_signal,"Weekly, lower mortality signal",20360991,3,3,3,100.0,1,0,12.0,7.666666666666667,-66.98373985126966
low_signal,"Weekly, lower mortality signal",20360992,3,3,3,100.0,1,0,8.0,18.666666666666668,-68.58077456635216
low_signal,"Weekly, lower mortality signal",20360993,3,3,3,100.0,1,0,10.0,-6.333333333333333,-67.5213441875442
low_signal,"Weekly, lower mortality signal",20360994,3,3,3,100.0,1,0,23.0,-1.3333333333333333,-69.52615409980005
low_signal,"Weekly, lower mortality signal",20360995,3,3,3,100.0,1,0,13.0,-6.333333333333333,-67.58445166642035
low_signal,"Weekly, lower mortality signal",20360996,3,3,3,100.0,1,0,13.0,-0.6666666666666666,-67.52418717623416
low_signal,"Weekly, lower mortality signal",20360997,3,4,3,100.0,0,1,10.0,-4.0,-70.01892195232193
low_signal,"Weekly, lower mortality signal",20360998,3,3,3,100.0,1,0,5.0,3.6666666666666665,-67.95403105993512
low_signal,"Weekly, lower mortality signal",20360999,3,3,3,100.0,1,0,13.0,8.333333333333334,-70.54286318688237
low_signal,"Weekly, lower mortality signal",20361000,3,3,3,100.0,1,0,5.0,-6.666666666666667,-69.41094768250326
low_signal,"Weekly, lower mortality signal",20361001,3,3,3,100.0,1,0,24.0,26.0,-69.36661066864582
low_signal,"Weekly, lower mortality signal",20361002,3,3,3,100.0,1,0,7.0,-5.0,-67.96637825524184
low_signal,"Weekly, lower mortality signal",20361003,3,4,3,100.0,0,1,25.0,13.333333333333334,-69.00991417463868
low_signal,"Weekly, lower mortality signal",20361004,3,3,3,100.0,1,0,4.0,-2.0,-66.46740381622249
low_signal,"Weekly, lower mortality signal",20361005,3,3,3,100.0,1,0,4.0,3.6666666666666665,-69.0801875852119
low_signal,"Weekly, lower mortality signal",20361006,3,3,3,100.0,1,0,12.0,-2.6666666666666665,-67.47683671208833
low_signal,"Weekly, lower mortality signal",20361007,3,3,3,100.0,1,0,18.0,17.666666666666668,-71.18767351199091
low_signal,"Weekly, lower mortality signal",20361008,3,3,3,100.0,1,0,6.0,1.0,-67.7431460330286
low_signal,"Weekly, lower mortality signal",20361009,3,3,3,100.0,1,0,26.0,13.666666666666666,-69.0145189119746
low_signal,"Weekly, lower mortality signal",20361010,3,4,3,100.0,0,1,17.0,12.666666666666666,-70.62008266474015
low_signal,"Weekly, lower mortality signal",20361011,3,3,3,100.0,1,0,5.0,-4.0,-67.7072946013313
low_signal,"Weekly, lower mortality signal",20361012,3,3,3,100.0,1,0,10.0,-8.666666666666666,-68.12906661782463
low_signal,"Weekly, lower mortality signal",20361013,3,3,3,100.0,1,0,13.0,2.0,-68.2661691125023
low_signal,"Weekly, lower mortality signal",20361014,3,3,3,100.0,1,0,30.0,20.666666666666668,-68.77809973068072
low_signal,"Weekly, lower mortality signal",20361015,3,3,3,100.0,1,0,11.0,5.666666666666667,-70.08407709558054
low_signal,"Weekly, lower mortality signal",20361016,3,4,3,100.0,0,1,8.0,6.666666666666667,-69.77512732159539
low_signal,"Weekly, lower mortality signal",20361017,3,3,3,100.0,1,0,9.0,7.0,-68.93352755629161
low_signal,"Weekly, lower mortality signal",20361018,3,4,3,100.0,0,1,9.0,-2.6666666666666665,-70.01548078917445
low_signal,"Weekly, lower mortality signal",20361019,3,3,2,66.66666666666667,1,1,20.0,-17.0,-70.14115430780375
low_signal,"Weekly, lower mortality signal",20361020,3,3,3,100.0,1,0,9.0,10.666666666666666,-71.11690093295617
low_signal,"Weekly, lower mortality signal",20361021,3,3,3,100.0,1,0,12.0,8.0,-67.59128069508394
low_signal,"Weekly, lower mortality signal",20361022,3,3,3,100.0,1,0,18.0,-15.333333333333334,-67.00162821154771
low_signal,"Weekly, lower mortality signal",20361023,3,3,2,66.66666666666667,1,1,17.0,-17.0,-69.67084538708697
low_signal,"Weekly, lower mortality signal",20361024,3,3,3,100.0,1,0,10.0,2.3333333333333335,-68.58952243196728
low_signal,"Weekly, lower mortality signal",20361025,3,3,3,100.0,1,0,22.0,13.0,-67.49471806190456
low_signal,"Weekly, lower mortality signal",20361026,3,3,3,100.0,1,0,13.0,-5.666666666666667,-69.53099902818573
low_signal,"Weekly, lower mortality signal",20361027,3,3,3,100.0,1,0,2.0,13.666666666666666,-67.55982928962642
low_signal,"Weekly, lower mortality signal",20361028,3,3,3,100.0,1,0,24.0,12.666666666666666,-68.56606640220953
low_signal,"Weekly, lower mortality signal",20361029,3,3,3,100.0,1,0,17.0,7.0,-67.43666458225734
low_signal,"Weekly, lower mortality signal",20361030,3,3,2,66.66666666666667,1,1,7.5,5.5,-68.66686256010459
low_signal,"Weekly, lower mortality signal",20361031,3,3,2,66.66666666666667,1,1,13.0,-13.0,-66.0765602340019
low_signal,"Weekly, lower mortality signal",20361032,3,3,3,100.0,1,0,16.0,-9.0,-70.07773195127236
low_signal,"Weekly, lower mortality signal",20361033,3,3,3,100.0,1,0,9.0,-0.3333333333333333,-69.2613818971223
low_signal,"Weekly, lower mortality signal",20361034,3,3,3,100.0,1,0,13.0,2.0,-69.81510697470664
low_signal,"Weekly, lower mortality signal",20361035,3,3,3,100.0,1,0,17.0,5.333333333333333,-67.85521319821261
low_signal,"Weekly, lower mortality signal",20361036,3,3,3,100.0,1,0,23.0,20.0,-67.24564078447624
low_signal,"Weekly, lower mortality signal",20361037,3,3,3,100.0,1,0,11.0,1.0,-69.25077231644983
low_signal,"Weekly, lower mortality signal",20361038,3,3,2,66.66666666666667,1,1,22.5,22.5,-69.23937008388977
low_signal,"Weekly, lower mortality signal",20361039,3,3,3,100.0,1,0,8.0,10.333333333333334,-68.35551489351944
low_signal,"Weekly, lower mortality signal",20361040,3,3,3,100.0,1,0,10.0,2.0,-70.24627634237513
low_signal,"Weekly, lower mortality signal",20361041,3,3,3,100.0,1,0,2.0,8.333333333333334,-69.81807613651172
low_signal,"Weekly, lower mortality signal",20361042,3,3,3,100.0,1,0,21.0,6.333333333333333,-67.03522988688523
low_signal,"Weekly, lower mortality signal",20361043,3,3,3,100.0,1,0,17.0,-13.333333333333334,-67.54436297389091
low_signal,"Weekly, lower mortality signal",20361044,3,3,3,100.0,1,0,1.0,3.0,-68.54393072631568
low_signal,"Weekly, lower mortality signal",20361045,3,3,3,100.0,1,0,18.0,13.666666666666666,-68.05320523300284
low_signal,"Weekly, lower mortality signal",20361046,3,3,3,100.0,1,0,17.0,3.3333333333333335,-67.01607800852074
low_signal,"Weekly, lower mortality signal",20361047,3,3,3,100.0,1,0,14.0,-13.666666666666666,-70.04926050531964
low_signal,"Weekly, lower mortality signal",20361048,3,3,3,100.0,1,0,6.0,-13.666666666666666,-66.11922850885708
low_signal,"Weekly, lower mortality signal",20361049,3,3,3,100.0,1,0,16.0,1.6666666666666667,-69.26105337956214
low_signal,"Weekly, lower mortality signal",20361050,3,3,3,100.0,1,0,14.0,1.3333333333333333,-69.78664732205324
low_signal,"Weekly, lower mortality signal",20361051,3,3,3,100.0,1,0,10.0,-11.333333333333334,-69.71300065273658
low_signal,"Weekly, lower mortality signal",20361052,3,5,3,100.0,0,2,2.0,-13.333333333333334,-70.11483595515372
low_signal,"Weekly, lower mortality signal",20361053,3,3,3,100.0,1,0,9.0,-5.0,-66.95297261109185
low_signal,"Weekly, lower mortality signal",20361054,3,3,3,100.0,1,0,4.0,6.666666666666667,-68.5401007706417
between_wave_ifr,"Weekly, fatality differs by wave",20460815,3,3,3,100.0,1,0,4.0,-6.666666666666667,-20.61136442067101
between_wave_ifr,"Weekly, fatality differs by wave",20460816,3,3,3,100.0,1,0,2.0,3.3333333333333335,-19.95982385187556
between_wave_ifr,"Weekly, fatality differs by wave",20460817,3,3,3,100.0,1,0,12.0,-2.0,-19.40359333345132
between_wave_ifr,"Weekly, fatality differs by wave",20460818,3,3,3,100.0,1,0,10.0,10.333333333333334,-16.06233552919789
between_wave_ifr,"Weekly, fatality differs by wave",20460819,3,3,3,100.0,1,0,2.0,4.666666666666667,-18.654463083069395
between_wave_ifr,"Weekly, fatality differs by wave",20460820,3,3,3,100.0,1,0,9.0,-0.6666666666666666,-18.15369577900041
between_wave_ifr,"Weekly, fatality differs by wave",20460821,3,3,3,100.0,1,0,12.0,-8.666666666666666,-20.101669887966565
between_wave_ifr,"Weekly, fatality differs by wave",20460822,3,3,3,100.0,1,0,11.0,13.0,-22.12205224596738
between_wave_ifr,"Weekly, fatality differs by wave",20460823,3,3,3,100.0,1,0,3.0,11.0,-17.87078841427123
between_wave_ifr,"Weekly, fatality differs by wave",20460824,3,3,3,100.0,1,0,1.0,0.3333333333333333,-18.334399624812637
between_wave_ifr,"Weekly, fatality differs by wave",20460825,3,3,3,100.0,1,0,12.0,-6.0,-19.40208248450761
between_wave_ifr,"Weekly, fatality differs by wave",20460826,3,3,3,100.0,1,0,18.0,18.333333333333332,-19.48971307973406
between_wave_ifr,"Weekly, fatality differs by wave",20460827,3,3,3,100.0,1,0,10.0,11.666666666666666,-19.523627142662903
between_wave_ifr,"Weekly, fatality differs by wave",20460828,3,3,3,100.0,1,0,11.0,9.333333333333334,-21.606537056400377
between_wave_ifr,"Weekly, fatality differs by wave",20460829,3,3,3,100.0,1,0,14.0,16.333333333333332,-18.75613069887354
between_wave_ifr,"Weekly, fatality differs by wave",20460830,3,3,3,100.0,1,0,7.0,-0.6666666666666666,-24.504316421909557
between_wave_ifr,"Weekly, fatality differs by wave",20460831,3,3,3,100.0,1,0,23.0,-2.6666666666666665,-25.58873537388977
between_wave_ifr,"Weekly, fatality differs by wave",20460832,3,3,3,100.0,1,0,23.0,0.3333333333333333,-18.746264861552618
between_wave_ifr,"Weekly, fatality differs by wave",20460833,3,3,3,100.0,1,0,6.0,1.3333333333333333,-21.701513831401233
between_wave_ifr,"Weekly, fatality differs by wave",20460834,3,3,3,100.0,1,0,13.0,-3.0,-18.532776242702596
between_wave_ifr,"Weekly, fatality differs by wave",20460835,3,3,3,100.0,1,0,11.0,-1.3333333333333333,-23.813528189084565
between_wave_ifr,"Weekly, fatality differs by wave",20460836,3,3,3,100.0,1,0,15.0,5.0,-20.145407777905323
between_wave_ifr,"Weekly, fatality differs by wave",20460837,3,3,3,100.0,1,0,8.0,12.333333333333334,-16.27186713958253
between_wave_ifr,"Weekly, fatality differs by wave",20460838,3,3,3,100.0,1,0,7.0,-3.6666666666666665,-16.55222065706885
between_wave_ifr,"Weekly, fatality differs by wave",20460839,3,3,3,100.0,1,0,17.0,3.3333333333333335,-18.34675752161251
between_wave_ifr,"Weekly, fatality differs by wave",20460840,3,3,3,100.0,1,0,7.0,0.0,-20.773559833700517
between_wave_ifr,"Weekly, fatality differs by wave",20460841,3,3,3,100.0,1,0,10.0,6.0,-18.228511126402537
between_wave_ifr,"Weekly, fatality differs by wave",20460842,3,3,3,100.0,1,0,14.0,18.333333333333332,-21.230780402606708
between_wave_ifr,"Weekly, fatality differs by wave",20460843,3,3,3,100.0,1,0,9.0,5.666666666666667,-22.627514078725454
between_wave_ifr,"Weekly, fatality differs by wave",20460844,3,3,3,100.0,1,0,7.0,5.666666666666667,-21.778963467376077
between_wave_ifr,"Weekly, fatality differs by wave",20460845,3,3,3,100.0,1,0,10.0,0.3333333333333333,-23.41072621634346
between_wave_ifr,"Weekly, fatality differs by wave",20460846,3,3,3,100.0,1,0,0.0,-2.3333333333333335,-22.405975450831896
between_wave_ifr,"Weekly, fatality differs by wave",20460847,3,3,3,100.0,1,0,12.0,1.0,-19.210484814038576
between_wave_ifr,"Weekly, fatality differs by wave",20460848,3,3,3,100.0,1,0,7.0,-2.3333333333333335,-19.473170674548758
between_wave_ifr,"Weekly, fatality differs by wave",20460849,3,3,3,100.0,1,0,7.0,-5.333333333333333,-18.992842376423134
between_wave_ifr,"Weekly, fatality differs by wave",20460850,3,3,3,100.0,1,0,18.0,12.666666666666666,-20.2579284497049
between_wave_ifr,"Weekly, fatality differs by wave",20460851,3,3,3,100.0,1,0,20.0,4.666666666666667,-18.792717623428423
between_wave_ifr,"Weekly, fatality differs by wave",20460852,3,3,3,100.0,1,0,9.0,-4.333333333333333,-21.367307787420987
between_wave_ifr,"Weekly, fatality differs by wave",20460853,3,3,3,100.0,1,0,5.0,3.6666666666666665,-21.643552459295712
between_wave_ifr,"Weekly, fatality differs by wave",20460854,3,3,3,100.0,1,0,19.0,11.0,-17.23329454109438
between_wave_ifr,"Weekly, fatality differs by wave",20460855,3,3,3,100.0,1,0,14.0,14.0,-25.349270786073173
between_wave_ifr,"Weekly, fatality differs by wave",20460856,3,3,3,100.0,1,0,26.0,15.333333333333334,-20.004134581161658
between_wave_ifr,"Weekly, fatality differs by wave",20460857,3,3,3,100.0,1,0,6.0,3.0,-22.37631254146144
between_wave_ifr,"Weekly, fatality differs by wave",20460858,3,3,3,100.0,1,0,4.0,-6.0,-15.773669923524436
between_wave_ifr,"Weekly, fatality differs by wave",20460859,3,3,3,100.0,1,0,3.0,-3.3333333333333335,-17.72082993668087
between_wave_ifr,"Weekly, fatality differs by wave",20460860,3,3,3,100.0,1,0,10.0,-4.0,-22.02524954897328
between_wave_ifr,"Weekly, fatality differs by wave",20460861,3,3,3,100.0,1,0,18.0,1.6666666666666667,-20.61845961056541
between_wave_ifr,"Weekly, fatality differs by wave",20460862,3,3,3,100.0,1,0,13.0,15.666666666666666,-20.901510081471784
between_wave_ifr,"Weekly, fatality differs by wave",20460863,3,3,3,100.0,1,0,12.0,-3.6666666666666665,-17.855559104606645
between_wave_ifr,"Weekly, fatality differs by wave",20460864,3,3,3,100.0,1,0,15.0,14.0,-22.6670865930353
between_wave_ifr,"Weekly, fatality differs by wave",20460865,3,3,3,100.0,1,0,10.0,9.333333333333334,-19.324104819126532
between_wave_ifr,"Weekly, fatality differs by wave",20460866,3,3,3,100.0,1,0,22.0,20.666666666666668,-24.907091758727784
between_wave_ifr,"Weekly, fatality differs by wave",20460867,3,3,2,66.66666666666667,1,1,13.5,13.5,-20.976445521577467
between_wave_ifr,"Weekly, fatality differs by wave",20460868,3,3,3,100.0,1,0,6.0,14.0,-20.692147431436027
between_wave_ifr,"Weekly, fatality differs by wave",20460869,3,3,3,100.0,1,0,7.0,0.0,-18.377794161557738
between_wave_ifr,"Weekly, fatality differs by wave",20460870,3,3,3,100.0,1,0,11.0,10.0,-19.299083663653814
between_wave_ifr,"Weekly, fatality differs by wave",20460871,3,3,3,100.0,1,0,2.0,2.3333333333333335,-20.329472899242973
between_wave_ifr,"Weekly, fatality differs by wave",20460872,3,3,3,100.0,1,0,14.0,-2.6666666666666665,-17.36163351251172
between_wave_ifr,"Weekly, fatality differs by wave",20460873,3,3,3,100.0,1,0,8.0,-5.666666666666667,-17.74451274369944
between_wave_ifr,"Weekly, fatality differs by wave",20460874,3,3,3,100.0,1,0,11.0,-15.666666666666666,-18.760841500159852
between_wave_ifr,"Weekly, fatality differs by wave",20460875,3,3,3,100.0,1,0,15.0,8.333333333333334,-21.726660199639593
between_wave_ifr,"Weekly, fatality differs by wave",20460876,3,3,3,100.0,1,0,6.0,-2.3333333333333335,-23.914343431213368
between_wave_ifr,"Weekly, fatality differs by wave",20460877,3,3,3,100.0,1,0,7.0,4.333333333333333,-21.159952055902032
between_wave_ifr,"Weekly, fatality differs by wave",20460878,3,3,3,100.0,1,0,15.0,12.0,-17.385472372550204
between_wave_ifr,"Weekly, fatality differs by wave",20460879,3,3,3,100.0,1,0,5.0,7.666666666666667,-17.772085854767884
between_wave_ifr,"Weekly, fatality differs by wave",20460880,3,3,3,100.0,1,0,12.0,5.0,-20.919077446559765
between_wave_ifr,"Weekly, fatality differs by wave",20460881,3,3,3,100.0,1,0,5.0,4.333333333333333,-17.44311377698182
between_wave_ifr,"Weekly, fatality differs by wave",20460882,3,3,3,100.0,1,0,17.0,16.0,-16.5575990059588
between_wave_ifr,"Weekly, fatality differs by wave",20460883,3,3,3,100.0,1,0,6.0,-2.6666666666666665,-21.591973581428235
between_wave_ifr,"Weekly, fatality differs by wave",20460884,3,3,3,100.0,1,0,7.0,-4.333333333333333,-17.75069998321189
between_wave_ifr,"Weekly, fatality differs by wave",20460885,3,3,3,100.0,1,0,9.0,3.0,-21.46994117081148
between_wave_ifr,"Weekly, fatality differs by wave",20460886,3,3,3,100.0,1,0,12.0,2.6666666666666665,-20.06828801402898
between_wave_ifr,"Weekly, fatality differs by wave",20460887,3,3,3,100.0,1,0,13.0,3.6666666666666665,-20.518006553396585
between_wave_ifr,"Weekly, fatality differs by wave",20460888,3,3,3,100.0,1,0,3.0,4.0,-20.030970221229282
between_wave_ifr,"Weekly, fatality differs by wave",20460889,3,3,3,100.0,1,0,10.0,8.333333333333334,-23.68239942558651
between_wave_ifr,"Weekly, fatality differs by wave",20460890,3,3,3,100.0,1,0,12.0,10.333333333333334,-18.655990282219015
between_wave_ifr,"Weekly, fatality differs by wave",20460891,3,3,3,100.0,1,0,17.0,14.333333333333334,-19.257967174565316
between_wave_ifr,"Weekly, fatality differs by wave",20460892,3,3,3,100.0,1,0,8.0,-4.333333333333333,-18.79305550752399
between_wave_ifr,"Weekly, fatality differs by wave",20460893,3,3,3,100.0,1,0,11.0,-0.6666666666666666,-21.384481522840293
between_wave_ifr,"Weekly, fatality differs by wave",20460894,3,3,3,100.0,1,0,19.0,10.0,-16.933117962246
between_wave_ifr,"Weekly, fatality differs by wave",20460895,3,3,3,100.0,1,0,10.0,-4.666666666666667,-16.377957436829426
between_wave_ifr,"Weekly, fatality differs by wave",20460896,3,3,3,100.0,1,0,5.0,10.666666666666666,-22.45246317168006
between_wave_ifr,"Weekly, fatality differs by wave",20460897,3,3,3,100.0,1,0,17.0,6.0,-20.805613812185076
between_wave_ifr,"Weekly, fatality differs by wave",20460898,3,3,3,100.0,1,0,13.0,6.0,-20.301307440571982
between_wave_ifr,"Weekly, fatality differs by wave",20460899,3,3,3,100.0,1,0,12.0,2.6666666666666665,-16.883911272025422
between_wave_ifr,"Weekly, fatality differs by wave",20460900,3,3,3,100.0,1,0,15.0,-2.6666666666666665,-23.002525820525754
between_wave_ifr,"Weekly, fatality differs by wave",20460901,3,3,3,100.0,1,0,3.0,-3.6666666666666665,-20.257828915988764
between_wave_ifr,"Weekly, fatality differs by wave",20460902,3,3,3,100.0,1,0,7.0,-4.666666666666667,-20.625166076025693
between_wave_ifr,"Weekly, fatality differs by wave",20460903,3,3,3,100.0,1,0,5.0,1.0,-18.129387946773758
between_wave_ifr,"Weekly, fatality differs by wave",20460904,3,3,3,100.0,1,0,11.0,-6.0,-18.444448483998165
between_wave_ifr,"Weekly, fatality differs by wave",20460905,3,3,3,100.0,1,0,7.0,-1.0,-20.82849414939649
between_wave_ifr,"Weekly, fatality differs by wave",20460906,3,3,3,100.0,1,0,19.0,8.333333333333334,-17.35941036706359
between_wave_ifr,"Weekly, fatality differs by wave",20460907,3,3,3,100.0,1,0,5.0,5.333333333333333,-20.535980366474604
between_wave_ifr,"Weekly, fatality differs by wave",20460908,3,3,3,100.0,1,0,19.0,13.666666666666666,-20.803853588211652
between_wave_ifr,"Weekly, fatality differs by wave",20460909,3,3,3,100.0,1,0,2.0,3.6666666666666665,-19.376165396639543
between_wave_ifr,"Weekly, fatality differs by wave",20460910,3,3,3,100.0,1,0,17.0,-8.333333333333334,-21.25033833230383
between_wave_ifr,"Weekly, fatality differs by wave",20460911,3,3,3,100.0,1,0,7.0,-6.666666666666667,-20.134299540141466
between_wave_ifr,"Weekly, fatality differs by wave",20460912,3,3,3,100.0,1,0,11.0,7.0,-22.805358199326832
between_wave_ifr,"Weekly, fatality differs by wave",20460913,3,3,3,100.0,1,0,11.0,0.3333333333333333,-21.67272892193568
between_wave_ifr,"Weekly, fatality differs by wave",20460914,3,3,3,100.0,1,0,12.0,20.333333333333332,-18.924646793763944
between_wave_ifr,"Weekly, fatality differs by wave",20460915,3,3,3,100.0,1,0,8.0,-1.6666666666666667,-22.450905609245876
between_wave_ifr,"Weekly, fatality differs by wave",20460916,3,3,3,100.0,1,0,9.0,20.333333333333332,-23.73296347984737
between_wave_ifr,"Weekly, fatality differs by wave",20460917,3,3,3,100.0,1,0,15.0,12.0,-17.911121483212476
between_wave_ifr,"Weekly, fatality differs by wave",20460918,3,3,3,100.0,1,0,16.0,4.666666666666667,-21.963475243474797
between_wave_ifr,"Weekly, fatality differs by wave",20460919,3,3,3,100.0,1,0,10.0,0.0,-22.58040261365527
between_wave_ifr,"Weekly, fatality differs by wave",20460920,3,3,3,100.0,1,0,5.0,2.3333333333333335,-20.058663995983416
between_wave_ifr,"Weekly, fatality differs by wave",20460921,3,3,3,100.0,1,0,16.0,13.666666666666666,-21.181859914458645
between_wave_ifr,"Weekly, fatality differs by wave",20460922,3,3,3,100.0,1,0,18.0,1.6666666666666667,-22.274251912375732
between_wave_ifr,"Weekly, fatality differs by wave",20460923,3,3,3,100.0,1,0,14.0,-10.0,-19.38914903301745
between_wave_ifr,"Weekly, fatality differs by wave",20460924,3,3,3,100.0,1,0,16.0,-17.666666666666668,-19.30127052072258
between_wave_ifr,"Weekly, fatality differs by wave",20460925,3,3,3,100.0,1,0,0.0,-4.0,-21.03347723990875
between_wave_ifr,"Weekly, fatality differs by wave",20460926,3,3,3,100.0,1,0,6.0,0.0,-16.992481260751024
between_wave_ifr,"Weekly, fatality differs by wave",20460927,3,3,3,100.0,1,0,9.0,8.0,-21.863402330922344
between_wave_ifr,"Weekly, fatality differs by wave",20460928,3,3,3,100.0,1,0,12.0,-12.666666666666666,-22.233740666369606
between_wave_ifr,"Weekly, fatality differs by wave",20460929,3,3,3,100.0,1,0,12.0,8.333333333333334,-20.090660767824218
between_wave_ifr,"Weekly, fatality differs by wave",20460930,3,3,3,100.0,1,0,9.0,2.0,-20.609170308677925
between_wave_ifr,"Weekly, fatality differs by wave",20460931,3,3,3,100.0,1,0,8.0,3.0,-16.90877178498489
between_wave_ifr,"Weekly, fatality differs by wave",20460932,3,3,3,100.0,1,0,11.0,11.0,-16.812762883888134
between_wave_ifr,"Weekly, fatality differs by wave",20460933,3,3,3,100.0,1,0,16.0,1.3333333333333333,-20.37447824351971
between_wave_ifr,"Weekly, fatality differs by wave",20460934,3,3,3,100.0,1,0,14.0,11.666666666666666,-21.442016396683062
between_wave_ifr,"Weekly, fatality differs by wave",20460935,3,3,3,100.0,1,0,18.0,13.333333333333334,-19.444479789652636
between_wave_ifr,"Weekly, fatality differs by wave",20460936,3,3,3,100.0,1,0,21.0,5.666666666666667,-16.557313232634176
between_wave_ifr,"Weekly, fatality differs by wave",20460937,3,3,3,100.0,1,0,5.0,-3.3333333333333335,-16.867339469043362
between_wave_ifr,"Weekly, fatality differs by wave",20460938,3,3,3,100.0,1,0,6.0,8.666666666666666,-20.739211729536034
between_wave_ifr,"Weekly, fatality differs by wave",20460939,3,3,3,100.0,1,0,15.0,11.0,-19.600412870952542
between_wave_ifr,"Weekly, fatality differs by wave",20460940,3,3,3,100.0,1,0,10.0,1.6666666666666667,-20.760049024622706
between_wave_ifr,"Weekly, fatality differs by wave",20460941,3,3,3,100.0,1,0,20.0,16.0,-18.71333815451267
between_wave_ifr,"Weekly, fatality differs by wave",20460942,3,3,3,100.0,1,0,12.0,12.666666666666666,-19.567650697628224
between_wave_ifr,"Weekly, fatality differs by wave",20460943,3,3,3,100.0,1,0,25.0,-3.3333333333333335,-22.82854242199083
between_wave_ifr,"Weekly, fatality differs by wave",20460944,3,3,3,100.0,1,0,4.0,2.6666666666666665,-16.70427197667712
between_wave_ifr,"Weekly, fatality differs by wave",20460945,3,3,3,100.0,1,0,32.0,23.0,-21.358426183628055
between_wave_ifr,"Weekly, fatality differs by wave",20460946,3,3,3,100.0,1,0,14.0,8.666666666666666,-21.294700603176274
between_wave_ifr,"Weekly, fatality differs by wave",20460947,3,3,3,100.0,1,0,3.0,3.6666666666666665,-17.33496903125642
between_wave_ifr,"Weekly, fatality differs by wave",20460948,3,3,3,100.0,1,0,8.0,1.3333333333333333,-23.592354280718975
between_wave_ifr,"Weekly, fatality differs by wave",20460949,3,3,3,100.0,1,0,12.0,-1.3333333333333333,-20.831356238925324
between_wave_ifr,"Weekly, fatality differs by wave",20460950,3,3,3,100.0,1,0,11.0,10.666666666666666,-19.354372773947894
between_wave_ifr,"Weekly, fatality differs by wave",20460951,3,3,3,100.0,1,0,17.0,0.0,-18.971700713668838
between_wave_ifr,"Weekly, fatality differs by wave",20460952,3,3,3,100.0,1,0,9.0,-10.333333333333334,-20.724850128128114
between_wave_ifr,"Weekly, fatality differs by wave",20460953,3,3,3,100.0,1,0,13.0,-8.0,-22.309142826733353
between_wave_ifr,"Weekly, fatality differs by wave",20460954,3,3,3,100.0,1,0,7.0,-12.0,-14.188893804456503
between_wave_ifr,"Weekly, fatality differs by wave",20460955,3,3,3,100.0,1,0,15.0,14.0,-21.28650456107288
between_wave_ifr,"Weekly, fatality differs by wave",20460956,3,3,3,100.0,1,0,10.0,8.0,-16.382486135077833
between_wave_ifr,"Weekly, fatality differs by wave",20460957,3,3,3,100.0,1,0,9.0,10.333333333333334,-21.154900318003733
between_wave_ifr,"Weekly, fatality differs by wave",20460958,3,3,3,100.0,1,0,12.0,0.6666666666666666,-19.65484941645944
between_wave_ifr,"Weekly, fatality differs by wave",20460959,3,3,3,100.0,1,0,12.0,1.3333333333333333,-19.45784739990436
between_wave_ifr,"Weekly, fatality differs by wave",20460960,3,3,3,100.0,1,0,7.0,-4.0,-18.015858759322878
between_wave_ifr,"Weekly, fatality differs by wave",20460961,3,3,3,100.0,1,0,3.0,3.0,-18.030897482505072
between_wave_ifr,"Weekly, fatality differs by wave",20460962,3,3,3,100.0,1,0,3.0,12.333333333333334,-16.69294571679246
between_wave_ifr,"Weekly, fatality differs by wave",20460963,3,3,3,100.0,1,0,20.0,9.0,-20.33846864440366
between_wave_ifr,"Weekly, fatality differs by wave",20460964,3,3,3,100.0,1,0,14.0,16.333333333333332,-20.518061845603206
between_wave_ifr,"Weekly, fatality differs by wave",20460965,3,3,3,100.0,1,0,11.0,5.333333333333333,-20.881182696155086
between_wave_ifr,"Weekly, fatality differs by wave",20460966,3,3,3,100.0,1,0,22.0,6.333333333333333,-20.33719950864743
between_wave_ifr,"Weekly, fatality differs by wave",20460967,3,3,3,100.0,1,0,9.0,1.3333333333333333,-16.697199754552283
between_wave_ifr,"Weekly, fatality differs by wave",20460968,3,3,3,100.0,1,0,24.0,15.666666666666666,-23.375785526959724
between_wave_ifr,"Weekly, fatality differs by wave",20460969,3,3,3,100.0,1,0,3.0,-0.3333333333333333,-18.73351713671466
between_wave_ifr,"Weekly, fatality differs by wave",20460970,3,3,3,100.0,1,0,3.0,3.6666666666666665,-19.471131891808103
between_wave_ifr,"Weekly, fatality differs by wave",20460971,3,3,3,100.0,1,0,8.0,12.666666666666666,-21.352994396996404
between_wave_ifr,"Weekly, fatality differs by wave",20460972,3,3,3,100.0,1,0,4.0,-5.666666666666667,-23.056147329801913
between_wave_ifr,"Weekly, fatality differs by wave",20460973,3,3,3,100.0,1,0,6.0,1.6666666666666667,-15.528510438532017
between_wave_ifr,"Weekly, fatality differs by wave",20460974,3,3,3,100.0,1,0,6.0,-7.666666666666667,-21.30048860282524
between_wave_ifr,"Weekly, fatality differs by wave",20460975,3,3,3,100.0,1,0,9.0,6.666666666666667,-17.544910366924405
between_wave_ifr,"Weekly, fatality differs by wave",20460976,3,3,3,100.0,1,0,7.0,1.0,-20.806579313820528
between_wave_ifr,"Weekly, fatality differs by wave",20460977,3,3,3,100.0,1,0,12.0,11.333333333333334,-22.743898590336563
between_wave_ifr,"Weekly, fatality differs by wave",20460978,3,3,3,100.0,1,0,10.0,8.0,-15.489679594794016
between_wave_ifr,"Weekly, fatality differs by wave",20460979,3,3,3,100.0,1,0,13.0,18.0,-21.32912419264651
between_wave_ifr,"Weekly, fatality differs by wave",20460980,3,3,3,100.0,1,0,3.0,7.0,-18.591271135245968
between_wave_ifr,"Weekly, fatality differs by wave",20460981,3,3,3,100.0,1,0,14.0,10.333333333333334,-16.63358104170619
between_wave_ifr,"Weekly, fatality differs by wave",20460982,3,3,3,100.0,1,0,8.0,8.666666666666666,-18.10838607450691
between_wave_ifr,"Weekly, fatality differs by wave",20460983,3,3,3,100.0,1,0,8.0,12.0,-19.745347824191562
between_wave_ifr,"Weekly, fatality differs by wave",20460984,3,3,3,100.0,1,0,11.0,1.6666666666666667,-15.622911262942319
between_wave_ifr,"Weekly, fatality differs by wave",20460985,3,3,3,100.0,1,0,14.0,-7.666666666666667,-13.075866271426905
between_wave_ifr,"Weekly, fatality differs by wave",20460986,3,3,3,100.0,1,0,10.0,5.666666666666667,-17.002281248896946
between_wave_ifr,"Weekly, fatality differs by wave",20460987,3,3,3,100.0,1,0,12.0,7.0,-18.01338911670145
between_wave_ifr,"Weekly, fatality differs by wave",20460988,3,3,3,100.0,1,0,10.0,12.666666666666666,-21.036454875255583
between_wave_ifr,"Weekly, fatality differs by wave",20460989,3,3,3,100.0,1,0,4.0,-4.666666666666667,-17.688535773651903
between_wave_ifr,"Weekly, fatality differs by wave",20460990,3,3,3,100.0,1,0,12.0,15.666666666666666,-19.247126463419928
between_wave_ifr,"Weekly, fatality differs by wave",20460991,3,3,3,100.0,1,0,18.0,4.0,-19.77797751847483
between_wave_ifr,"Weekly, fatality differs by wave",20460992,3,3,3,100.0,1,0,10.0,5.333333333333333,-21.91892304371591
between_wave_ifr,"Weekly, fatality differs by wave",20460993,3,3,3,100.0,1,0,9.0,1.0,-19.453525711497367
between_wave_ifr,"Weekly, fatality differs by wave",20460994,3,3,3,100.0,1,0,25.0,11.333333333333334,-21.509343752499845
between_wave_ifr,"Weekly, fatality differs by wave",20460995,3,3,3,100.0,1,0,2.0,2.0,-19.070932835430277
between_wave_ifr,"Weekly, fatality differs by wave",20460996,3,3,3,100.0,1,0,17.0,9.333333333333334,-18.901044707400594
between_wave_ifr,"Weekly, fatality differs by wave",20460997,3,3,3,100.0,1,0,10.0,-9.666666666666666,-20.629669584087317
between_wave_ifr,"Weekly, fatality differs by wave",20460998,3,3,3,100.0,1,0,13.0,3.3333333333333335,-21.400764303624886
between_wave_ifr,"Weekly, fatality differs by wave",20460999,3,3,3,100.0,1,0,6.0,4.0,-22.334887366093103
between_wave_ifr,"Weekly, fatality differs by wave",20461000,3,3,3,100.0,1,0,10.0,3.3333333333333335,-23.035294409919004
between_wave_ifr,"Weekly, fatality differs by wave",20461001,3,3,3,100.0,1,0,21.0,12.666666666666666,-18.535608744697285
between_wave_ifr,"Weekly, fatality differs by wave",20461002,3,3,3,100.0,1,0,1.0,4.0,-21.823101106444163
between_wave_ifr,"Weekly, fatality differs by wave",20461003,3,3,3,100.0,1,0,20.0,16.0,-21.21735264743907
between_wave_ifr,"Weekly, fatality differs by wave",20461004,3,3,3,100.0,1,0,21.0,0.3333333333333333,-17.86754002773634
between_wave_ifr,"Weekly, fatality differs by wave",20461005,3,3,3,100.0,1,0,7.0,2.3333333333333335,-18.35435407793532
between_wave_ifr,"Weekly, fatality differs by wave",20461006,3,3,3,100.0,1,0,4.0,5.333333333333333,-18.27180734106427
between_wave_ifr,"Weekly, fatality differs by wave",20461007,3,3,3,100.0,1,0,12.0,8.0,-20.36478366949943
between_wave_ifr,"Weekly, fatality differs by wave",20461008,3,3,3,100.0,1,0,4.0,0.3333333333333333,-21.281605242387336
between_wave_ifr,"Weekly, fatality differs by wave",20461009,3,3,3,100.0,1,0,2.0,-11.333333333333334,-20.40107280486232
between_wave_ifr,"Weekly, fatality differs by wave",20461010,3,3,3,100.0,1,0,12.0,-0.3333333333333333,-23.5116778074423
between_wave_ifr,"Weekly, fatality differs by wave",20461011,3,3,3,100.0,1,0,18.0,14.666666666666666,-18.160574212922253
between_wave_ifr,"Weekly, fatality differs by wave",20461012,3,3,3,100.0,1,0,14.0,11.0,-18.01053836370826
between_wave_ifr,"Weekly, fatality differs by wave",20461013,3,3,3,100.0,1,0,11.0,9.666666666666666,-13.810982273335593
between_wave_ifr,"Weekly, fatality differs by wave",20461014,3,3,3,100.0,1,0,13.0,-6.333333333333333,-20.393092304053884
between_wave_ifr,"Weekly, fatality differs by wave",20461015,3,3,3,100.0,1,0,4.0,5.333333333333333,-21.30527006769698
between_wave_ifr,"Weekly, fatality differs by wave",20461016,3,3,3,100.0,1,0,19.0,18.666666666666668,-20.822057096153678
between_wave_ifr,"Weekly, fatality differs by wave",20461017,3,3,3,100.0,1,0,15.0,9.0,-21.940904056038146
between_wave_ifr,"Weekly, fatality differs by wave",20461018,3,3,3,100.0,1,0,9.0,6.0,-17.861822538454753
between_wave_ifr,"Weekly, fatality differs by wave",20461019,3,3,3,100.0,1,0,2.0,1.0,-17.10252541408811
between_wave_ifr,"Weekly, fatality differs by wave",20461020,3,3,3,100.0,1,0,2.0,3.6666666666666665,-18.435814711398958
between_wave_ifr,"Weekly, fatality differs by wave",20461021,3,3,3,100.0,1,0,10.0,13.0,-18.913305612256927
between_wave_ifr,"Weekly, fatality differs by wave",20461022,3,3,3,100.0,1,0,11.0,-8.0,-18.61064378596301
between_wave_ifr,"Weekly, fatality differs by wave",20461023,3,3,3,100.0,1,0,13.0,10.0,-23.54558438188136
between_wave_ifr,"Weekly, fatality differs by wave",20461024,3,3,3,100.0,1,0,9.0,9.666666666666666,-19.784655924936136
between_wave_ifr,"Weekly, fatality differs by wave",20461025,3,3,3,100.0,1,0,10.0,3.3333333333333335,-16.339175305247345
between_wave_ifr,"Weekly, fatality differs by wave",20461026,3,3,3,100.0,1,0,2.0,3.6666666666666665,-22.859375742323394
between_wave_ifr,"Weekly, fatality differs by wave",20461027,3,3,3,100.0,1,0,9.0,7.333333333333333,-18.928295536305505
between_wave_ifr,"Weekly, fatality differs by wave",20461028,3,3,3,100.0,1,0,4.0,1.6666666666666667,-20.903138548781964
between_wave_ifr,"Weekly, fatality differs by wave",20461029,3,3,3,100.0,1,0,25.0,16.333333333333332,-20.074353723823013
between_wave_ifr,"Weekly, fatality differs by wave",20461030,3,3,3,100.0,1,0,10.0,0.0,-17.890620979486737
between_wave_ifr,"Weekly, fatality differs by wave",20461031,3,3,3,100.0,1,0,6.0,-9.333333333333334,-21.19862519922554
between_wave_ifr,"Weekly, fatality differs by wave",20461032,3,3,3,100.0,1,0,7.0,6.0,-23.152910553806905
between_wave_ifr,"Weekly, fatality differs by wave",20461033,3,3,3,100.0,1,0,12.0,0.6666666666666666,-18.74624389623222
between_wave_ifr,"Weekly, fatality differs by wave",20461034,3,3,3,100.0,1,0,18.0,21.666666666666668,-16.67160436494862
between_wave_ifr,"Weekly, fatality differs by wave",20461035,3,3,3,100.0,1,0,3.0,5.0,-20.88211603452459
between_wave_ifr,"Weekly, fatality differs by wave",20461036,3,3,3,100.0,1,0,15.0,5.333333333333333,-21.955334180958218
between_wave_ifr,"Weekly, fatality differs by wave",20461037,3,3,3,100.0,1,0,5.0,6.333333333333333,-21.619287220054375
between_wave_ifr,"Weekly, fatality differs by wave",20461038,3,3,3,100.0,1,0,10.0,8.666666666666666,-20.396723294057594
between_wave_ifr,"Weekly, fatality differs by wave",20461039,3,3,3,100.0,1,0,11.0,-6.333333333333333,-20.4989034461008
between_wave_ifr,"Weekly, fatality differs by wave",20461040,3,3,3,100.0,1,0,6.0,-2.0,-17.760701804498215
between_wave_ifr,"Weekly, fatality differs by wave",20461041,3,3,3,100.0,1,0,20.0,5.666666666666667,-15.612863795629506
between_wave_ifr,"Weekly, fatality differs by wave",20461042,3,3,3,100.0,1,0,3.0,1.6666666666666667,-18.99935488683042
between_wave_ifr,"Weekly, fatality differs by wave",20461043,3,3,3,100.0,1,0,4.0,-4.333333333333333,-19.11598610372839
between_wave_ifr,"Weekly, fatality differs by wave",20461044,3,3,3,100.0,1,0,12.0,17.666666666666668,-20.85127871228848
between_wave_ifr,"Weekly, fatality differs by wave",20461045,3,3,3,100.0,1,0,10.0,2.0,-15.926631520519575
between_wave_ifr,"Weekly, fatality differs by wave",20461046,3,3,3,100.0,1,0,10.0,12.333333333333334,-19.634857421248665
between_wave_ifr,"Weekly, fatality differs by wave",20461047,3,3,3,100.0,1,0,4.0,1.3333333333333333,-19.51517664320217
between_wave_ifr,"Weekly, fatality differs by wave",20461048,3,3,3,100.0,1,0,3.0,-0.6666666666666666,-19.27907701950643
between_wave_ifr,"Weekly, fatality differs by wave",20461049,3,3,3,100.0,1,0,4.0,5.0,-17.2255555406167
between_wave_ifr,"Weekly, fatality differs by wave",20461050,3,3,3,100.0,1,0,23.0,1.0,-21.851554759217795
between_wave_ifr,"Weekly, fatality differs by wave",20461051,3,3,3,100.0,1,0,17.0,13.333333333333334,-19.664739187324532
between_wave_ifr,"Weekly, fatality differs by wave",20461052,3,3,3,100.0,1,0,6.0,-6.333333333333333,-15.706679322436623
between_wave_ifr,"Weekly, fatality differs by wave",20461053,3,3,3,100.0,1,0,11.0,15.666666666666666,-21.134777883041266
between_wave_ifr,"Weekly, fatality differs by wave",20461054,3,3,3,100.0,1,0,27.0,25.333333333333332,-19.79094184496907
within_wave_ifr,"Weekly, fatality declines within waves",20560815,3,3,3,100.0,1,0,8.0,-1.3333333333333333,-25.824988390905588
within_wave_ifr,"Weekly, fatality declines within waves",20560816,3,3,3,100.0,1,0,15.0,2.6666666666666665,-24.77007596092864
within_wave_ifr,"Weekly, fatality declines within waves",20560817,3,3,3,100.0,1,0,15.0,14.666666666666666,-25.88513351059991
within_wave_ifr,"Weekly, fatality declines within waves",20560818,3,3,3,100.0,1,0,6.0,2.6666666666666665,-24.4807631733879
within_wave_ifr,"Weekly, fatality declines within waves",20560819,3,3,3,100.0,1,0,5.0,0.0,-25.553696766752232
within_wave_ifr,"Weekly, fatality declines within waves",20560820,3,3,3,100.0,1,0,18.0,-5.666666666666667,-24.46030108477665
within_wave_ifr,"Weekly, fatality declines within waves",20560821,3,3,3,100.0,1,0,12.0,-2.0,-24.71362092191074
within_wave_ifr,"Weekly, fatality declines within waves",20560822,3,3,3,100.0,1,0,9.0,12.333333333333334,-27.670221105596948
within_wave_ifr,"Weekly, fatality declines within waves",20560823,3,3,3,100.0,1,0,3.0,1.3333333333333333,-25.99959897162154
within_wave_ifr,"Weekly, fatality declines within waves",20560824,3,3,3,100.0,1,0,6.0,4.666666666666667,-23.285286856042042
within_wave_ifr,"Weekly, fatality declines within waves",20560825,3,3,3,100.0,1,0,3.0,-0.3333333333333333,-22.219159549837098
within_wave_ifr,"Weekly, fatality declines within waves",20560826,3,3,3,100.0,1,0,12.0,8.666666666666666,-25.84446678648977
within_wave_ifr,"Weekly, fatality declines within waves",20560827,3,3,3,100.0,1,0,7.0,-5.333333333333333,-21.8100088851649
within_wave_ifr,"Weekly, fatality declines within waves",20560828,3,3,3,100.0,1,0,15.0,-16.333333333333332,-25.887936288236034
within_wave_ifr,"Weekly, fatality declines within waves",20560829,3,3,3,100.0,1,0,12.0,5.666666666666667,-24.303535740894656
within_wave_ifr,"Weekly, fatality declines within waves",20560830,3,3,3,100.0,1,0,23.0,-4.333333333333333,-21.40320541940641
within_wave_ifr,"Weekly, fatality declines within waves",20560831,3,3,3,100.0,1,0,7.0,6.666666666666667,-27.13442568846802
within_wave_ifr,"Weekly, fatality declines within waves",20560832,3,3,3,100.0,1,0,23.0,3.6666666666666665,-25.23252067570191
within_wave_ifr,"Weekly, fatality declines within waves",20560833,3,3,3,100.0,1,0,3.0,4.666666666666667,-25.4445027823771
within_wave_ifr,"Weekly, fatality declines within waves",20560834,3,3,3,100.0,1,0,25.0,19.333333333333332,-29.60513629493281
within_wave_ifr,"Weekly, fatality declines within waves",20560835,3,3,3,100.0,1,0,8.0,6.333333333333333,-21.539228754234852
within_wave_ifr,"Weekly, fatality declines within waves",20560836,3,3,3,100.0,1,0,12.0,2.0,-26.000481738772564
within_wave_ifr,"Weekly, fatality declines within waves",20560837,3,3,3,100.0,1,0,10.0,-4.0,-26.442694533058063
within_wave_ifr,"Weekly, fatality declines within waves",20560838,3,3,3,100.0,1,0,10.0,-4.0,-27.36052668392206
within_wave_ifr,"Weekly, fatality declines within waves",20560839,3,3,3,100.0,1,0,5.0,0.3333333333333333,-25.94104234225413
within_wave_ifr,"Weekly, fatality declines within waves",20560840,3,3,3,100.0,1,0,7.0,1.0,-24.698952134702168
within_wave_ifr,"Weekly, fatality declines within waves",20560841,3,3,3,100.0,1,0,3.0,6.333333333333333,-23.3093383504588
within_wave_ifr,"Weekly, fatality declines within waves",20560842,3,3,3,100.0,1,0,18.0,3.3333333333333335,-26.657633327743437
within_wave_ifr,"Weekly, fatality declines within waves",20560843,3,3,3,100.0,1,0,5.0,5.0,-22.1665129878684
within_wave_ifr,"Weekly, fatality declines within waves",20560844,3,3,3,100.0,1,0,15.0,1.0,-26.623161467936107
within_wave_ifr,"Weekly, fatality declines within waves",20560845,3,3,3,100.0,1,0,8.0,-7.333333333333333,-25.53939517374213
within_wave_ifr,"Weekly, fatality declines within waves",20560846,3,3,3,100.0,1,0,15.0,2.6666666666666665,-24.1836588841285
within_wave_ifr,"Weekly, fatality declines within waves",20560847,3,3,3,100.0,1,0,17.0,6.666666666666667,-22.918803138505105
within_wave_ifr,"Weekly, fatality declines within waves",20560848,3,3,3,100.0,1,0,20.0,15.666666666666666,-26.018750427910863
within_wave_ifr,"Weekly, fatality declines within waves",20560849,3,3,3,100.0,1,0,12.0,-0.6666666666666666,-21.80004226656289
within_wave_ifr,"Weekly, fatality declines within waves",20560850,3,3,3,100.0,1,0,13.0,-2.0,-24.002542281289884
within_wave_ifr,"Weekly, fatality declines within waves",20560851,3,3,3,100.0,1,0,11.0,4.333333333333333,-25.84242429773955
within_wave_ifr,"Weekly, fatality declines within waves",20560852,3,3,3,100.0,1,0,10.0,-3.0,-22.670429410105044
within_wave_ifr,"Weekly, fatality declines within waves",20560853,3,3,3,100.0,1,0,12.0,3.0,-24.004608814290673
within_wave_ifr,"Weekly, fatality declines within waves",20560854,3,3,3,100.0,1,0,15.0,11.666666666666666,-24.508425647030528
within_wave_ifr,"Weekly, fatality declines within waves",20560855,3,3,3,100.0,1,0,7.0,7.333333333333333,-25.349238153207875
within_wave_ifr,"Weekly, fatality declines within waves",20560856,3,3,3,100.0,1,0,9.0,11.666666666666666,-23.834539197312576
within_wave_ifr,"Weekly, fatality declines within waves",20560857,3,3,3,100.0,1,0,9.0,-5.0,-28.15832441960141
within_wave_ifr,"Weekly, fatality declines within waves",20560858,3,3,3,100.0,1,0,6.0,7.666666666666667,-25.171359926244495
within_wave_ifr,"Weekly, fatality declines within waves",20560859,3,3,3,100.0,1,0,7.0,1.3333333333333333,-24.307736774041
within_wave_ifr,"Weekly, fatality declines within waves",20560860,3,3,3,100.0,1,0,8.0,-9.333333333333334,-26.337089286723103
within_wave_ifr,"Weekly, fatality declines within waves",20560861,3,3,3,100.0,1,0,1.0,9.0,-21.410720006126716
within_wave_ifr,"Weekly, fatality declines within waves",20560862,3,3,3,100.0,1,0,11.0,12.0,-26.254539950693655
within_wave_ifr,"Weekly, fatality declines within waves",20560863,3,3,3,100.0,1,0,10.0,-3.3333333333333335,-24.05923861341349
within_wave_ifr,"Weekly, fatality declines within waves",20560864,3,3,3,100.0,1,0,11.0,9.333333333333334,-22.91647892627715
within_wave_ifr,"Weekly, fatality declines within waves",20560865,3,3,3,100.0,1,0,11.0,-4.333333333333333,-25.913858795437385
within_wave_ifr,"Weekly, fatality declines within waves",20560866,3,3,3,100.0,1,0,11.0,15.333333333333334,-25.304269754855834
within_wave_ifr,"Weekly, fatality declines within waves",20560867,3,3,3,100.0,1,0,11.0,9.666666666666666,-25.504321858988632
within_wave_ifr,"Weekly, fatality declines within waves",20560868,3,3,3,100.0,1,0,3.0,-8.0,-25.058498615897072
within_wave_ifr,"Weekly, fatality declines within waves",20560869,3,3,3,100.0,1,0,4.0,1.0,-19.470605520213415
within_wave_ifr,"Weekly, fatality declines within waves",20560870,3,3,3,100.0,1,0,10.0,-12.0,-27.232298926073952
within_wave_ifr,"Weekly, fatality declines within waves",20560871,3,3,3,100.0,1,0,11.0,0.0,-26.71687803630195
within_wave_ifr,"Weekly, fatality declines within waves",20560872,3,3,3,100.0,1,0,13.0,-12.0,-26.32573263866793
within_wave_ifr,"Weekly, fatality declines within waves",20560873,3,3,3,100.0,1,0,1.0,8.333333333333334,-22.169141133393133
within_wave_ifr,"Weekly, fatality declines within waves",20560874,3,3,3,100.0,1,0,22.0,3.0,-22.248089152539386
within_wave_ifr,"Weekly, fatality declines within waves",20560875,3,3,3,100.0,1,0,4.0,3.6666666666666665,-23.518799845548443
within_wave_ifr,"Weekly, fatality declines within waves",20560876,3,3,3,100.0,1,0,13.0,10.666666666666666,-23.758063277502607
within_wave_ifr,"Weekly, fatality declines within waves",20560877,3,3,3,100.0,1,0,10.0,-12.0,-25.025583482252333
within_wave_ifr,"Weekly, fatality declines within waves",20560878,3,3,3,100.0,1,0,9.0,2.6666666666666665,-22.377596993513304
within_wave_ifr,"Weekly, fatality declines within waves",20560879,3,3,3,100.0,1,0,4.0,7.666666666666667,-23.237304166116658
within_wave_ifr,"Weekly, fatality declines within waves",20560880,3,3,3,100.0,1,0,9.0,-8.666666666666666,-20.763537906235317
within_wave_ifr,"Weekly, fatality declines within waves",20560881,3,3,3,100.0,1,0,10.0,-4.333333333333333,-26.56043642486453
within_wave_ifr,"Weekly, fatality declines within waves",20560882,3,3,3,100.0,1,0,15.0,16.0,-22.11140692811352
within_wave_ifr,"Weekly, fatality declines within waves",20560883,3,3,3,100.0,1,0,2.0,-2.3333333333333335,-25.240045497740493
within_wave_ifr,"Weekly, fatality declines within waves",20560884,3,3,3,100.0,1,0,11.0,0.3333333333333333,-20.60696958217797
within_wave_ifr,"Weekly, fatality declines within waves",20560885,3,3,3,100.0,1,0,23.0,26.0,-22.865888684181467
within_wave_ifr,"Weekly, fatality declines within waves",20560886,3,3,3,100.0,1,0,34.0,-2.3333333333333335,-27.08979219527061
within_wave_ifr,"Weekly, fatality declines within waves",20560887,3,3,3,100.0,1,0,16.0,-0.6666666666666666,-27.288225094223595
within_wave_ifr,"Weekly, fatality declines within waves",20560888,3,3,3,100.0,1,0,2.0,-2.0,-27.050957285433274
within_wave_ifr,"Weekly, fatality declines within waves",20560889,3,3,3,100.0,1,0,8.0,12.0,-24.23598372647363
within_wave_ifr,"Weekly, fatality declines within waves",20560890,3,3,3,100.0,1,0,13.0,-4.333333333333333,-26.69423519904407
within_wave_ifr,"Weekly, fatality declines within waves",20560891,3,3,3,100.0,1,0,8.0,-1.6666666666666667,-25.07347590063832
within_wave_ifr,"Weekly, fatality declines within waves",20560892,3,3,3,100.0,1,0,25.0,-1.6666666666666667,-24.924934980521396
within_wave_ifr,"Weekly, fatality declines within waves",20560893,3,3,3,100.0,1,0,10.0,7.0,-21.74481201175712
within_wave_ifr,"Weekly, fatality declines within waves",20560894,3,3,3,100.0,1,0,13.0,7.0,-25.69075757960606
within_wave_ifr,"Weekly, fatality declines within waves",20560895,3,3,3,100.0,1,0,9.0,-10.0,-25.88783047640435
within_wave_ifr,"Weekly, fatality declines within waves",20560896,3,3,3,100.0,1,0,2.0,-6.666666666666667,-25.333476410784563
within_wave_ifr,"Weekly, fatality declines within waves",20560897,3,3,3,100.0,1,0,8.0,-3.6666666666666665,-25.383573338227638
within_wave_ifr,"Weekly, fatality declines within waves",20560898,3,3,3,100.0,1,0,17.0,9.333333333333334,-24.293735688663187
within_wave_ifr,"Weekly, fatality declines within waves",20560899,3,3,3,100.0,1,0,3.0,-5.0,-25.255964740686775
within_wave_ifr,"Weekly, fatality declines within waves",20560900,3,3,3,100.0,1,0,4.0,-2.6666666666666665,-24.28352614156869
within_wave_ifr,"Weekly, fatality declines within waves",20560901,3,3,3,100.0,1,0,7.0,1.6666666666666667,-26.006884277363994
within_wave_ifr,"Weekly, fatality declines within waves",20560902,3,3,3,100.0,1,0,17.0,13.0,-25.5739511359358
within_wave_ifr,"Weekly, fatality declines within waves",20560903,3,3,3,100.0,1,0,7.0,8.666666666666666,-28.502512243006972
within_wave_ifr,"Weekly, fatality declines within waves",20560904,3,3,3,100.0,1,0,9.0,-4.333333333333333,-23.539901669126053
within_wave_ifr,"Weekly, fatality declines within waves",20560905,3,3,3,100.0,1,0,4.0,3.3333333333333335,-21.286710897120997
within_wave_ifr,"Weekly, fatality declines within waves",20560906,3,3,3,100.0,1,0,12.0,-11.333333333333334,-25.49557029300187
within_wave_ifr,"Weekly, fatality declines within waves",20560907,3,3,3,100.0,1,0,13.0,10.333333333333334,-23.025579759713864
within_wave_ifr,"Weekly, fatality declines within waves",20560908,3,3,3,100.0,1,0,10.0,-0.3333333333333333,-24.106277372382166
within_wave_ifr,"Weekly, fatality declines within waves",20560909,3,3,3,100.0,1,0,8.0,1.3333333333333333,-24.46220954024143
within_wave_ifr,"Weekly, fatality declines within waves",20560910,3,3,3,100.0,1,0,14.0,4.333333333333333,-27.972777368876965
within_wave_ifr,"Weekly, fatality declines within waves",20560911,3,3,3,100.0,1,0,18.0,4.333333333333333,-26.313766126528915
within_wave_ifr,"Weekly, fatality declines within waves",20560912,3,3,3,100.0,1,0,7.0,4.333333333333333,-23.530621056536305
within_wave_ifr,"Weekly, fatality declines within waves",20560913,3,3,3,100.0,1,0,21.0,-5.333333333333333,-24.563474828548195
within_wave_ifr,"Weekly, fatality declines within waves",20560914,3,3,3,100.0,1,0,5.0,1.3333333333333333,-24.751930017693226
within_wave_ifr,"Weekly, fatality declines within waves",20560915,3,3,3,100.0,1,0,14.0,-8.0,-28.61339338325951
within_wave_ifr,"Weekly, fatality declines within waves",20560916,3,3,3,100.0,1,0,4.0,-3.0,-25.98887530862619
within_wave_ifr,"Weekly, fatality declines within waves",20560917,3,3,3,100.0,1,0,4.0,-0.6666666666666666,-24.755297780274066
within_wave_ifr,"Weekly, fatality declines within waves",20560918,3,3,3,100.0,1,0,9.0,1.3333333333333333,-23.55203982851193
within_wave_ifr,"Weekly, fatality declines within waves",20560919,3,3,3,100.0,1,0,17.0,-7.333333333333333,-25.99332452595612
within_wave_ifr,"Weekly, fatality declines within waves",20560920,3,3,3,100.0,1,0,14.0,-0.6666666666666666,-22.159426212617817
within_wave_ifr,"Weekly, fatality declines within waves",20560921,3,3,3,100.0,1,0,12.0,2.6666666666666665,-24.300788426065967
within_wave_ifr,"Weekly, fatality declines within waves",20560922,3,3,3,100.0,1,0,10.0,-10.0,-23.5253897235419
within_wave_ifr,"Weekly, fatality declines within waves",20560923,3,3,3,100.0,1,0,24.0,11.666666666666666,-21.207959867139692
within_wave_ifr,"Weekly, fatality declines within waves",20560924,3,3,3,100.0,1,0,7.0,3.0,-22.966454490105328
within_wave_ifr,"Weekly, fatality declines within waves",20560925,3,3,3,100.0,1,0,8.0,11.333333333333334,-24.926792113420625
within_wave_ifr,"Weekly, fatality declines within waves",20560926,3,3,3,100.0,1,0,9.0,5.333333333333333,-25.320516399876425
within_wave_ifr,"Weekly, fatality declines within waves",20560927,3,3,3,100.0,1,0,14.0,-0.3333333333333333,-24.9865233351808
within_wave_ifr,"Weekly, fatality declines within waves",20560928,3,3,3,100.0,1,0,8.0,3.0,-27.548970578010458
within_wave_ifr,"Weekly, fatality declines within waves",20560929,3,3,3,100.0,1,0,1.0,-3.0,-26.674548140603925
within_wave_ifr,"Weekly, fatality declines within waves",20560930,3,3,3,100.0,1,0,4.0,7.0,-28.20651938734442
within_wave_ifr,"Weekly, fatality declines within waves",20560931,3,3,3,100.0,1,0,5.0,-3.0,-25.503472612626965
within_wave_ifr,"Weekly, fatality declines within waves",20560932,3,3,3,100.0,1,0,14.0,14.333333333333334,-25.69752295308093
within_wave_ifr,"Weekly, fatality declines within waves",20560933,3,3,3,100.0,1,0,2.0,-5.0,-23.450999220566814
within_wave_ifr,"Weekly, fatality declines within waves",20560934,3,3,3,100.0,1,0,13.0,-1.0,-24.697941871984586
within_wave_ifr,"Weekly, fatality declines within waves",20560935,3,3,3,100.0,1,0,5.0,-5.0,-21.223329891772035
within_wave_ifr,"Weekly, fatality declines within waves",20560936,3,3,3,100.0,1,0,20.0,-14.0,-24.6526009371144
within_wave_ifr,"Weekly, fatality declines within waves",20560937,3,3,3,100.0,1,0,14.0,1.0,-24.205261656551226
within_wave_ifr,"Weekly, fatality declines within waves",20560938,3,3,3,100.0,1,0,4.0,-2.3333333333333335,-22.718615689466493
within_wave_ifr,"Weekly, fatality declines within waves",20560939,3,3,3,100.0,1,0,11.0,-2.0,-23.641365005351624
within_wave_ifr,"Weekly, fatality declines within waves",20560940,3,3,3,100.0,1,0,11.0,8.333333333333334,-25.667584514731622
within_wave_ifr,"Weekly, fatality declines within waves",20560941,3,3,3,100.0,1,0,9.0,5.0,-24.5793559251586
within_wave_ifr,"Weekly, fatality declines within waves",20560942,3,3,3,100.0,1,0,12.0,-10.333333333333334,-23.430797215705656
within_wave_ifr,"Weekly, fatality declines within waves",20560943,3,3,3,100.0,1,0,3.0,8.333333333333334,-23.894733328641138
within_wave_ifr,"Weekly, fatality declines within waves",20560944,3,3,3,100.0,1,0,8.0,6.666666666666667,-29.048941688356532
within_wave_ifr,"Weekly, fatality declines within waves",20560945,3,3,3,100.0,1,0,15.0,0.3333333333333333,-20.321005761867305
within_wave_ifr,"Weekly, fatality declines within waves",20560946,3,3,3,100.0,1,0,9.0,-14.0,-25.319509556962593
within_wave_ifr,"Weekly, fatality declines within waves",20560947,3,3,3,100.0,1,0,13.0,-8.0,-24.9035229857451
within_wave_ifr,"Weekly, fatality declines within waves",20560948,3,3,3,100.0,1,0,7.0,-3.3333333333333335,-25.44660735405181
within_wave_ifr,"Weekly, fatality declines within waves",20560949,3,3,3,100.0,1,0,8.0,-8.666666666666666,-23.40108639811126
within_wave_ifr,"Weekly, fatality declines within waves",20560950,3,3,3,100.0,1,0,4.0,4.666666666666667,-24.98282439492612
within_wave_ifr,"Weekly, fatality declines within waves",20560951,3,3,3,100.0,1,0,12.0,-12.333333333333334,-24.430047213975914
within_wave_ifr,"Weekly, fatality declines within waves",20560952,3,3,3,100.0,1,0,6.0,-2.3333333333333335,-23.832430133773443
within_wave_ifr,"Weekly, fatality declines within waves",20560953,3,3,3,100.0,1,0,3.0,-0.3333333333333333,-22.409900112748858
within_wave_ifr,"Weekly, fatality declines within waves",20560954,3,3,3,100.0,1,0,1.0,1.3333333333333333,-26.90206999515755
within_wave_ifr,"Weekly, fatality declines within waves",20560955,3,3,3,100.0,1,0,13.0,5.666666666666667,-25.15928467184303
within_wave_ifr,"Weekly, fatality declines within waves",20560956,3,3,3,100.0,1,0,8.0,-0.6666666666666666,-26.656900451942978
within_wave_ifr,"Weekly, fatality declines within waves",20560957,3,3,3,100.0,1,0,22.0,-13.0,-26.3134121530586
within_wave_ifr,"Weekly, fatality declines within waves",20560958,3,3,3,100.0,1,0,5.0,-4.0,-25.006875881102154
within_wave_ifr,"Weekly, fatality declines within waves",20560959,3,3,3,100.0,1,0,18.0,-5.0,-21.54068454537198
within_wave_ifr,"Weekly, fatality declines within waves",20560960,3,3,3,100.0,1,0,12.0,9.666666666666666,-24.306664697942924
within_wave_ifr,"Weekly, fatality declines within waves",20560961,3,3,3,100.0,1,0,18.0,-15.333333333333334,-27.001855248356765
within_wave_ifr,"Weekly, fatality declines within waves",20560962,3,3,3,100.0,1,0,16.0,5.0,-25.249594327359414
within_wave_ifr,"Weekly, fatality declines within waves",20560963,3,3,3,100.0,1,0,18.0,4.0,-24.168797919956862
within_wave_ifr,"Weekly, fatality declines within waves",20560964,3,3,3,100.0,1,0,11.0,-14.333333333333334,-24.51872372417808
within_wave_ifr,"Weekly, fatality declines within waves",20560965,3,3,3,100.0,1,0,9.0,-9.333333333333334,-24.116978747696606
within_wave_ifr,"Weekly, fatality declines within waves",20560966,3,3,3,100.0,1,0,9.0,8.666666666666666,-22.9480867190629
within_wave_ifr,"Weekly, fatality declines within waves",20560967,3,3,3,100.0,1,0,15.0,0.0,-25.85034452529128
within_wave_ifr,"Weekly, fatality declines within waves",20560968,3,3,3,100.0,1,0,1.0,-5.333333333333333,-28.41836315985239
within_wave_ifr,"Weekly, fatality declines within waves",20560969,3,3,3,100.0,1,0,12.0,-7.666666666666667,-26.2903575233016
within_wave_ifr,"Weekly, fatality declines within waves",20560970,3,3,3,100.0,1,0,8.0,3.0,-24.597593390503658
within_wave_ifr,"Weekly, fatality declines within waves",20560971,3,3,3,100.0,1,0,3.0,-3.3333333333333335,-24.158837388103926
within_wave_ifr,"Weekly, fatality declines within waves",20560972,3,3,3,100.0,1,0,12.0,0.0,-26.424544285282213
within_wave_ifr,"Weekly, fatality declines within waves",20560973,3,3,3,100.0,1,0,13.0,4.666666666666667,-23.685857474320816
within_wave_ifr,"Weekly, fatality declines within waves",20560974,3,3,3,100.0,1,0,15.0,-8.666666666666666,-22.561970197360182
within_wave_ifr,"Weekly, fatality declines within waves",20560975,3,3,3,100.0,1,0,17.0,17.666666666666668,-24.740569487893726
within_wave_ifr,"Weekly, fatality declines within waves",20560976,3,3,3,100.0,1,0,2.0,-2.0,-29.396799163213828
within_wave_ifr,"Weekly, fatality declines within waves",20560977,3,3,3,100.0,1,0,1.0,1.0,-26.354790927922956
within_wave_ifr,"Weekly, fatality declines within waves",20560978,3,3,3,100.0,1,0,20.0,-2.3333333333333335,-28.478561113141655
within_wave_ifr,"Weekly, fatality declines within waves",20560979,3,3,3,100.0,1,0,2.0,0.6666666666666666,-22.402791589737337
within_wave_ifr,"Weekly, fatality declines within waves",20560980,3,3,3,100.0,1,0,4.0,-8.333333333333334,-22.938163030781578
within_wave_ifr,"Weekly, fatality declines within waves",20560981,3,3,3,100.0,1,0,12.0,-10.666666666666666,-26.537312773360565
within_wave_ifr,"Weekly, fatality declines within waves",20560982,3,3,3,100.0,1,0,17.0,11.666666666666666,-24.266858677743997
within_wave_ifr,"Weekly, fatality declines within waves",20560983,3,3,3,100.0,1,0,16.0,2.0,-23.896964189545145
within_wave_ifr,"Weekly, fatality declines within waves",20560984,3,3,3,100.0,1,0,11.0,5.0,-25.532671197075484
within_wave_ifr,"Weekly, fatality declines within waves",20560985,3,3,3,100.0,1,0,9.0,-5.333333333333333,-24.776106271192234
within_wave_ifr,"Weekly, fatality declines within waves",20560986,3,3,2,66.66666666666667,1,1,23.0,-10.0,-26.681838865227427
within_wave_ifr,"Weekly, fatality declines within waves",20560987,3,3,3,100.0,1,0,7.0,3.3333333333333335,-23.56426375939713
within_wave_ifr,"Weekly, fatality declines within waves",20560988,3,3,3,100.0,1,0,10.0,-1.0,-22.274334006497163
within_wave_ifr,"Weekly, fatality declines within waves",20560989,3,3,3,100.0,1,0,4.0,-5.0,-27.18925210359917
within_wave_ifr,"Weekly, fatality declines within waves",20560990,3,3,3,100.0,1,0,10.0,2.3333333333333335,-26.73467624070378
within_wave_ifr,"Weekly, fatality declines within waves",20560991,3,3,3,100.0,1,0,23.0,13.0,-23.325357132329717
within_wave_ifr,"Weekly, fatality declines within waves",20560992,3,3,3,100.0,1,0,20.0,-4.333333333333333,-26.824810898883854
within_wave_ifr,"Weekly, fatality declines within waves",20560993,3,3,3,100.0,1,0,8.0,10.333333333333334,-26.113109952706292
within_wave_ifr,"Weekly, fatality declines within waves",20560994,3,3,3,100.0,1,0,10.0,-3.0,-27.76530888691716
within_wave_ifr,"Weekly, fatality declines within waves",20560995,3,3,3,100.0,1,0,4.0,3.6666666666666665,-22.777442230509205
within_wave_ifr,"Weekly, fatality declines within waves",20560996,3,3,3,100.0,1,0,6.0,-1.0,-22.77596936060622
within_wave_ifr,"Weekly, fatality declines within waves",20560997,3,3,3,100.0,1,0,11.0,13.333333333333334,-29.171325381892142
within_wave_ifr,"Weekly, fatality declines within waves",20560998,3,3,3,100.0,1,0,16.0,-11.333333333333334,-26.258132960267922
within_wave_ifr,"Weekly, fatality declines within waves",20560999,3,3,3,100.0,1,0,10.0,7.333333333333333,-24.504363011198848
within_wave_ifr,"Weekly, fatality declines within waves",20561000,3,3,3,100.0,1,0,10.0,9.333333333333334,-26.75162715927962
within_wave_ifr,"Weekly, fatality declines within waves",20561001,3,3,3,100.0,1,0,14.0,13.666666666666666,-23.230135656618035
within_wave_ifr,"Weekly, fatality declines within waves",20561002,3,3,3,100.0,1,0,19.0,-3.0,-27.13137101762343
within_wave_ifr,"Weekly, fatality declines within waves",20561003,3,3,3,100.0,1,0,11.0,2.3333333333333335,-24.100159957243616
within_wave_ifr,"Weekly, fatality declines within waves",20561004,3,3,3,100.0,1,0,3.0,-2.6666666666666665,-27.600782223867636
within_wave_ifr,"Weekly, fatality declines within waves",20561005,3,3,3,100.0,1,0,13.0,9.666666666666666,-22.005137004974717
within_wave_ifr,"Weekly, fatality declines within waves",20561006,3,3,3,100.0,1,0,7.0,-3.6666666666666665,-25.841794752599444
within_wave_ifr,"Weekly, fatality declines within waves",20561007,3,3,3,100.0,1,0,8.0,6.0,-28.32303736473445
within_wave_ifr,"Weekly, fatality declines within waves",20561008,3,3,3,100.0,1,0,4.0,5.333333333333333,-26.470558729425886
within_wave_ifr,"Weekly, fatality declines within waves",20561009,3,3,3,100.0,1,0,10.0,3.6666666666666665,-28.000799231035835
within_wave_ifr,"Weekly, fatality declines within waves",20561010,3,3,3,100.0,1,0,4.0,-6.0,-23.364063280713264
within_wave_ifr,"Weekly, fatality declines within waves",20561011,3,3,3,100.0,1,0,9.0,-2.6666666666666665,-27.405295858518762
within_wave_ifr,"Weekly, fatality declines within waves",20561012,3,3,3,100.0,1,0,11.0,-8.666666666666666,-26.21112924855136
within_wave_ifr,"Weekly, fatality declines within waves",20561013,3,3,3,100.0,1,0,6.0,-9.333333333333334,-25.850721301036973
within_wave_ifr,"Weekly, fatality declines within waves",20561014,3,3,3,100.0,1,0,8.0,3.3333333333333335,-27.40054277227143
within_wave_ifr,"Weekly, fatality declines within waves",20561015,3,3,3,100.0,1,0,6.0,-6.666666666666667,-24.454783945874482
within_wave_ifr,"Weekly, fatality declines within waves",20561016,3,3,3,100.0,1,0,9.0,0.6666666666666666,-24.84067548027753
within_wave_ifr,"Weekly, fatality declines within waves",20561017,3,3,3,100.0,1,0,4.0,8.333333333333334,-24.01414871026777
within_wave_ifr,"Weekly, fatality declines within waves",20561018,3,3,3,100.0,1,0,9.0,7.333333333333333,-24.852177812394938
within_wave_ifr,"Weekly, fatality declines within waves",20561019,3,3,3,100.0,1,0,9.0,11.333333333333334,-24.060272236344638
within_wave_ifr,"Weekly, fatality declines within waves",20561020,3,3,3,100.0,1,0,3.0,-2.3333333333333335,-23.4552158960604
within_wave_ifr,"Weekly, fatality declines within waves",20561021,3,3,3,100.0,1,0,4.0,2.3333333333333335,-25.62557849711091
within_wave_ifr,"Weekly, fatality declines within waves",20561022,3,3,3,100.0,1,0,0.0,5.0,-26.090146003221804
within_wave_ifr,"Weekly, fatality declines within waves",20561023,3,3,3,100.0,1,0,19.0,-2.0,-25.85199409350505
within_wave_ifr,"Weekly, fatality declines within waves",20561024,3,3,3,100.0,1,0,19.0,1.6666666666666667,-17.422710554654742
within_wave_ifr,"Weekly, fatality declines within waves",20561025,3,3,3,100.0,1,0,10.0,10.333333333333334,-24.54031945036581
within_wave_ifr,"Weekly, fatality declines within waves",20561026,3,3,3,100.0,1,0,12.0,9.666666666666666,-26.389570091894054
within_wave_ifr,"Weekly, fatality declines within waves",20561027,3,3,3,100.0,1,0,8.0,3.6666666666666665,-24.893064862326842
within_wave_ifr,"Weekly, fatality declines within waves",20561028,3,3,3,100.0,1,0,5.0,9.666666666666666,-26.091922672718827
within_wave_ifr,"Weekly, fatality declines within waves",20561029,3,3,3,100.0,1,0,17.0,2.3333333333333335,-24.951812171770293
within_wave_ifr,"Weekly, fatality declines within waves",20561030,3,3,3,100.0,1,0,4.0,3.0,-24.83975312901977
within_wave_ifr,"Weekly, fatality declines within waves",20561031,3,3,3,100.0,1,0,16.0,1.0,-23.180792300086296
within_wave_ifr,"Weekly, fatality declines within waves",20561032,3,3,3,100.0,1,0,20.0,-3.6666666666666665,-24.147972290025177
within_wave_ifr,"Weekly, fatality declines within waves",20561033,3,3,3,100.0,1,0,2.0,-3.6666666666666665,-25.999804335875286
within_wave_ifr,"Weekly, fatality declines within waves",20561034,3,3,3,100.0,1,0,4.0,-6.0,-21.97399972224836
within_wave_ifr,"Weekly, fatality declines within waves",20561035,3,3,3,100.0,1,0,10.0,2.0,-27.200281757490796
within_wave_ifr,"Weekly, fatality declines within waves",20561036,3,3,3,100.0,1,0,16.0,9.666666666666666,-25.48816573636643
within_wave_ifr,"Weekly, fatality declines within waves",20561037,3,3,3,100.0,1,0,12.0,7.0,-24.357269978128993
within_wave_ifr,"Weekly, fatality declines within waves",20561038,3,3,3,100.0,1,0,3.0,2.6666666666666665,-24.57929562717538
within_wave_ifr,"Weekly, fatality declines within waves",20561039,3,3,3,100.0,1,0,15.0,10.0,-23.931802497533226
within_wave_ifr,"Weekly, fatality declines within waves",20561040,3,3,3,100.0,1,0,6.0,0.6666666666666666,-23.351626432396188
within_wave_ifr,"Weekly, fatality declines within waves",20561041,3,3,3,100.0,1,0,6.0,3.0,-23.791033919435566
within_wave_ifr,"Weekly, fatality declines within waves",20561042,3,3,3,100.0,1,0,6.0,12.666666666666666,-22.77597556994183
within_wave_ifr,"Weekly, fatality declines within waves",20561043,3,3,3,100.0,1,0,4.0,-0.3333333333333333,-23.291457373921464
within_wave_ifr,"Weekly, fatality declines within waves",20561044,3,3,3,100.0,1,0,11.0,-0.6666666666666666,-27.718686560186544
within_wave_ifr,"Weekly, fatality declines within waves",20561045,3,3,3,100.0,1,0,3.0,-2.0,-30.247648814746608
within_wave_ifr,"Weekly, fatality declines within waves",20561046,3,3,3,100.0,1,0,7.0,-3.3333333333333335,-19.012849953211962
within_wave_ifr,"Weekly, fatality declines within waves",20561047,3,3,3,100.0,1,0,17.0,-0.3333333333333333,-21.89327016238526
within_wave_ifr,"Weekly, fatality declines within waves",20561048,3,3,3,100.0,1,0,8.0,3.6666666666666665,-23.48423862074547
within_wave_ifr,"Weekly, fatality declines within waves",20561049,3,3,3,100.0,1,0,33.0,9.333333333333334,-28.607098423285425
within_wave_ifr,"Weekly, fatality declines within waves",20561050,3,3,3,100.0,1,0,8.0,-3.0,-22.786255966119782
within_wave_ifr,"Weekly, fatality declines within waves",20561051,3,3,3,100.0,1,0,14.0,12.333333333333334,-23.799412976123424
within_wave_ifr,"Weekly, fatality declines within waves",20561052,3,3,3,100.0,1,0,18.0,8.333333333333334,-26.450209218272857
within_wave_ifr,"Weekly, fatality declines within waves",20561053,3,3,3,100.0,1,0,26.0,1.6666666666666667,-22.01821866210204
within_wave_ifr,"Weekly, fatality declines within waves",20561054,3,3,3,100.0,1,0,2.0,-5.0,-23.881333169355145
delay_14,"Weekly, true delay 14 d",20660815,3,3,3,100.0,1,0,7.0,7.333333333333333,-0.6016240294646091
delay_14,"Weekly, true delay 14 d",20660816,3,3,3,100.0,1,0,12.0,-1.3333333333333333,1.429826622622965
delay_14,"Weekly, true delay 14 d",20660817,3,3,3,100.0,1,0,14.0,-12.0,-2.008529510389012
delay_14,"Weekly, true delay 14 d",20660818,3,3,3,100.0,1,0,32.0,1.6666666666666667,-2.9580613672192113
delay_14,"Weekly, true delay 14 d",20660819,3,3,3,100.0,1,0,30.0,13.0,-0.3745488302687505
delay_14,"Weekly, true delay 14 d",20660820,3,3,3,100.0,1,0,11.0,0.6666666666666666,0.7841187173499131
delay_14,"Weekly, true delay 14 d",20660821,3,3,3,100.0,1,0,4.0,2.0,-2.3499396694088626
delay_14,"Weekly, true delay 14 d",20660822,3,3,3,100.0,1,0,19.0,-3.0,4.164303032400252
delay_14,"Weekly, true delay 14 d",20660823,3,3,3,100.0,1,0,9.0,1.0,-4.212019894340546
delay_14,"Weekly, true delay 14 d",20660824,3,3,3,100.0,1,0,10.0,8.666666666666666,-1.8305099962588112
delay_14,"Weekly, true delay 14 d",20660825,3,3,3,100.0,1,0,20.0,-3.3333333333333335,0.45016674377158505
delay_14,"Weekly, true delay 14 d",20660826,3,3,3,100.0,1,0,4.0,-8.666666666666666,-4.483927796360998
delay_14,"Weekly, true delay 14 d",20660827,3,3,3,100.0,1,0,13.0,-7.0,3.254561166686365
delay_14,"Weekly, true delay 14 d",20660828,3,3,3,100.0,1,0,16.0,0.3333333333333333,-1.3073708489815816
delay_14,"Weekly, true delay 14 d",20660829,3,3,3,100.0,1,0,8.0,-7.666666666666667,-3.3631066475432903
delay_14,"Weekly, true delay 14 d",20660830,3,3,3,100.0,1,0,8.0,6.0,0.174239483512717
delay_14,"Weekly, true delay 14 d",20660831,3,3,3,100.0,1,0,10.0,-14.333333333333334,0.37006346723618133
delay_14,"Weekly, true delay 14 d",20660832,3,3,3,100.0,1,0,9.0,-4.0,-3.9301886544381937
delay_14,"Weekly, true delay 14 d",20660833,3,3,3,100.0,1,0,4.0,-8.666666666666666,-1.4250819704312634
delay_14,"Weekly, true delay 14 d",20660834,3,3,3,100.0,1,0,4.0,0.6666666666666666,1.61508716433314
delay_14,"Weekly, true delay 14 d",20660835,3,3,3,100.0,1,0,9.0,-12.666666666666666,1.2195922166522433
delay_14,"Weekly, true delay 14 d",20660836,3,3,3,100.0,1,0,15.0,-14.0,0.5909831935655196
delay_14,"Weekly, true delay 14 d",20660837,3,3,3,100.0,1,0,12.0,14.0,0.06572348971189967
delay_14,"Weekly, true delay 14 d",20660838,3,3,3,100.0,1,0,7.0,-0.3333333333333333,-0.5785426827180085
delay_14,"Weekly, true delay 14 d",20660839,3,3,3,100.0,1,0,9.0,-5.333333333333333,3.012248460557765
delay_14,"Weekly, true delay 14 d",20660840,3,3,3,100.0,1,0,10.0,4.333333333333333,-0.8607701180750604
delay_14,"Weekly, true delay 14 d",20660841,3,3,3,100.0,1,0,20.0,-18.666666666666668,0.46680229190285694
delay_14,"Weekly, true delay 14 d",20660842,3,3,3,100.0,1,0,13.0,1.0,2.308541950929399
delay_14,"Weekly, true delay 14 d",20660843,3,3,3,100.0,1,0,5.0,-1.3333333333333333,1.9885354770081687
delay_14,"Weekly, true delay 14 d",20660844,3,3,3,100.0,1,0,13.0,0.0,1.7390331956905314
delay_14,"Weekly, true delay 14 d",20660845,3,3,3,100.0,1,0,1.0,-6.333333333333333,2.88161229956716
delay_14,"Weekly, true delay 14 d",20660846,3,3,3,100.0,1,0,11.0,-4.333333333333333,-1.3604320031424644
delay_14,"Weekly, true delay 14 d",20660847,3,3,3,100.0,1,0,14.0,6.333333333333333,-2.2162101285007507
delay_14,"Weekly, true delay 14 d",20660848,3,3,3,100.0,1,0,14.0,-7.333333333333333,-2.155331860964105
delay_14,"Weekly, true delay 14 d",20660849,3,3,3,100.0,1,0,6.0,-1.6666666666666667,0.03894750951838333
delay_14,"Weekly, true delay 14 d",20660850,3,3,3,100.0,1,0,11.0,-5.333333333333333,-2.739557978075269
delay_14,"Weekly, true delay 14 d",20660851,3,3,3,100.0,1,0,10.0,-11.333333333333334,-2.666003525856131
delay_14,"Weekly, true delay 14 d",20660852,3,3,3,100.0,1,0,0.0,-3.6666666666666665,-0.0014604468446033358
delay_14,"Weekly, true delay 14 d",20660853,3,3,3,100.0,1,0,12.0,2.0,-0.5869618724988146
delay_14,"Weekly, true delay 14 d",20660854,3,3,3,100.0,1,0,24.0,-19.333333333333332,-0.3941843414457358
delay_14,"Weekly, true delay 14 d",20660855,3,3,3,100.0,1,0,4.0,8.333333333333334,-3.9528583805044315
delay_14,"Weekly, true delay 14 d",20660856,3,3,3,100.0,1,0,14.0,9.333333333333334,-1.9187446621984794
delay_14,"Weekly, true delay 14 d",20660857,3,3,3,100.0,1,0,1.0,-11.333333333333334,-3.494281018646317
delay_14,"Weekly, true delay 14 d",20660858,3,3,3,100.0,1,0,8.0,11.666666666666666,0.5614023005287017
delay_14,"Weekly, true delay 14 d",20660859,3,3,3,100.0,1,0,16.0,21.333333333333332,-5.6590680425404045
delay_14,"Weekly, true delay 14 d",20660860,3,3,3,100.0,1,0,4.0,8.666666666666666,-1.645297417558056
delay_14,"Weekly, true delay 14 d",20660861,3,3,3,100.0,1,0,9.0,-13.666666666666666,-4.292238507928337
delay_14,"Weekly, true delay 14 d",20660862,3,3,3,100.0,1,0,3.0,2.6666666666666665,0.8201981991896146
delay_14,"Weekly, true delay 14 d",20660863,3,3,3,100.0,1,0,8.0,1.6666666666666667,-1.9534056220616325
delay_14,"Weekly, true delay 14 d",20660864,3,3,3,100.0,1,0,12.0,-1.3333333333333333,-3.0726155335333183
delay_14,"Weekly, true delay 14 d",20660865,3,3,3,100.0,1,0,4.0,0.6666666666666666,-6.870132805239848
delay_14,"Weekly, true delay 14 d",20660866,3,3,3,100.0,1,0,7.0,3.3333333333333335,2.0338248050361774
delay_14,"Weekly, true delay 14 d",20660867,3,3,3,100.0,1,0,14.0,11.333333333333334,-4.063156200994966
delay_14,"Weekly, true delay 14 d",20660868,3,3,3,100.0,1,0,8.0,-8.333333333333334,-2.211553262287236
delay_14,"Weekly, true delay 14 d",20660869,3,3,3,100.0,1,0,14.0,-14.333333333333334,-1.8272594024977828
delay_14,"Weekly, true delay 14 d",20660870,3,3,3,100.0,1,0,15.0,-0.6666666666666666,2.396775257585504
delay_14,"Weekly, true delay 14 d",20660871,3,3,3,100.0,1,0,7.0,5.666666666666667,-6.8770146782924595
delay_14,"Weekly, true delay 14 d",20660872,3,3,3,100.0,1,0,5.0,-9.0,-1.207683713748997
delay_14,"Weekly, true delay 14 d",20660873,3,3,3,100.0,1,0,9.0,-3.3333333333333335,-1.8820218035791036
delay_14,"Weekly, true delay 14 d",20660874,3,3,3,100.0,1,0,15.0,1.3333333333333333,-3.0027669901729115
delay_14,"Weekly, true delay 14 d",20660875,3,3,3,100.0,1,0,18.0,-7.0,0.24836927626956662
delay_14,"Weekly, true delay 14 d",20660876,3,3,3,100.0,1,0,14.0,0.0,-3.667404129749241
delay_14,"Weekly, true delay 14 d",20660877,3,3,3,100.0,1,0,2.0,-1.0,-1.0252614213836164
delay_14,"Weekly, true delay 14 d",20660878,3,3,3,100.0,1,0,11.0,1.0,-4.741846287191476
delay_14,"Weekly, true delay 14 d",20660879,3,3,3,100.0,1,0,11.0,-15.333333333333334,-1.6762425880235576
delay_14,"Weekly, true delay 14 d",20660880,3,3,3,100.0,1,0,10.0,-9.333333333333334,-0.3771409918025159
delay_14,"Weekly, true delay 14 d",20660881,3,3,3,100.0,1,0,4.0,-6.0,2.6547680786261907
delay_14,"Weekly, true delay 14 d",20660882,3,3,3,100.0,1,0,10.0,5.0,3.495977029385644
delay_14,"Weekly, true delay 14 d",20660883,3,3,3,100.0,1,0,9.0,-0.6666666666666666,0.6062834892263336
delay_14,"Weekly, true delay 14 d",20660884,3,3,3,100.0,1,0,13.0,-7.333333333333333,0.8754776270549325
delay_14,"Weekly, true delay 14 d",20660885,3,3,3,100.0,1,0,4.0,-8.333333333333334,0.3857098458006414
delay_14,"Weekly, true delay 14 d",20660886,3,3,3,100.0,1,0,2.0,-2.0,0.03128747500047435
delay_14,"Weekly, true delay 14 d",20660887,3,3,3,100.0,1,0,17.0,-15.333333333333334,4.336816294600165
delay_14,"Weekly, true delay 14 d",20660888,3,3,3,100.0,1,0,13.0,-6.666666666666667,5.102013501185332
delay_14,"Weekly, true delay 14 d",20660889,3,3,3,100.0,1,0,17.0,0.3333333333333333,-3.702854119041088
delay_14,"Weekly, true delay 14 d",20660890,3,3,3,100.0,1,0,11.0,-16.333333333333332,1.8740260110733153
delay_14,"Weekly, true delay 14 d",20660891,3,3,3,100.0,1,0,6.0,-7.666666666666667,0.7901694702740159
delay_14,"Weekly, true delay 14 d",20660892,3,3,3,100.0,1,0,10.0,12.0,1.8138555160026826
delay_14,"Weekly, true delay 14 d",20660893,3,4,3,100.0,0,1,17.0,-16.666666666666668,-3.6124140876739985
delay_14,"Weekly, true delay 14 d",20660894,3,3,3,100.0,1,0,4.0,7.666666666666667,4.456866881354471
delay_14,"Weekly, true delay 14 d",20660895,3,3,3,100.0,1,0,4.0,-4.0,-0.8780269400834428
delay_14,"Weekly, true delay 14 d",20660896,3,3,3,100.0,1,0,15.0,-5.333333333333333,-2.3663869518644076
delay_14,"Weekly, true delay 14 d",20660897,3,3,3,100.0,1,0,23.0,-14.0,1.5878490074064056
delay_14,"Weekly, true delay 14 d",20660898,3,3,3,100.0,1,0,24.0,-7.333333333333333,-2.67257508923725
delay_14,"Weekly, true delay 14 d",20660899,3,3,3,100.0,1,0,14.0,-2.3333333333333335,-3.170378261495266
delay_14,"Weekly, true delay 14 d",20660900,3,3,3,100.0,1,0,4.0,-4.333333333333333,-3.0751072718737227
delay_14,"Weekly, true delay 14 d",20660901,3,3,3,100.0,1,0,3.0,-3.6666666666666665,1.4027614746334516
delay_14,"Weekly, true delay 14 d",20660902,3,3,3,100.0,1,0,21.0,-5.0,-1.2209107705271616
delay_14,"Weekly, true delay 14 d",20660903,3,3,3,100.0,1,0,6.0,7.333333333333333,0.293768350135748
delay_14,"Weekly, true delay 14 d",20660904,3,3,3,100.0,1,0,10.0,-5.333333333333333,-1.1111937347254464
delay_14,"Weekly, true delay 14 d",20660905,3,3,3,100.0,1,0,4.0,4.666666666666667,2.4308374460872306
delay_14,"Weekly, true delay 14 d",20660906,3,3,3,100.0,1,0,11.0,-9.0,-0.6591410503251183
delay_14,"Weekly, true delay 14 d",20660907,3,3,3,100.0,1,0,2.0,-7.0,-0.3714177833854748
delay_14,"Weekly, true delay 14 d",20660908,3,3,3,100.0,1,0,11.0,15.0,5.107175949761511
delay_14,"Weekly, true delay 14 d",20660909,3,3,3,100.0,1,0,7.0,8.0,2.288742988720238
delay_14,"Weekly, true delay 14 d",20660910,3,3,3,100.0,1,0,5.0,7.0,0.8356148444095046
delay_14,"Weekly, true delay 14 d",20660911,3,3,3,100.0,1,0,14.0,-2.6666666666666665,-1.9676582551009458
delay_14,"Weekly, true delay 14 d",20660912,3,3,3,100.0,1,0,19.0,-5.333333333333333,-3.1975939181179913
delay_14,"Weekly, true delay 14 d",20660913,3,3,3,100.0,1,0,7.0,-9.666666666666666,1.4288468136976817
delay_14,"Weekly, true delay 14 d",20660914,3,3,3,100.0,1,0,15.0,2.6666666666666665,-0.31948508394911146
delay_14,"Weekly, true delay 14 d",20660915,3,3,3,100.0,1,0,3.0,-4.333333333333333,-1.333354522719199
delay_14,"Weekly, true delay 14 d",20660916,3,3,3,100.0,1,0,13.0,10.666666666666666,-0.467817545936855
delay_14,"Weekly, true delay 14 d",20660917,3,3,3,100.0,1,0,13.0,10.666666666666666,-1.3929555434252006
delay_14,"Weekly, true delay 14 d",20660918,3,3,3,100.0,1,0,2.0,-3.3333333333333335,-1.0880271512100692
delay_14,"Weekly, true delay 14 d",20660919,3,3,3,100.0,1,0,6.0,-3.6666666666666665,1.5033884170021494
delay_14,"Weekly, true delay 14 d",20660920,3,3,3,100.0,1,0,17.0,12.0,-2.8063799302644576
delay_14,"Weekly, true delay 14 d",20660921,3,3,3,100.0,1,0,14.0,-1.0,0.08590916465796017
delay_14,"Weekly, true delay 14 d",20660922,3,3,3,100.0,1,0,13.0,0.6666666666666666,-0.16924496305571468
delay_14,"Weekly, true delay 14 d",20660923,3,3,3,100.0,1,0,12.0,0.0,-3.6963686614712055
delay_14,"Weekly, true delay 14 d",20660924,3,3,3,100.0,1,0,10.0,11.0,1.9456979756655945
delay_14,"Weekly, true delay 14 d",20660925,3,3,3,100.0,1,0,18.0,12.666666666666666,4.172954346210056
delay_14,"Weekly, true delay 14 d",20660926,3,3,3,100.0,1,0,5.0,2.6666666666666665,-0.2480602549606581
delay_14,"Weekly, true delay 14 d",20660927,3,3,3,100.0,1,0,17.0,-0.3333333333333333,4.736793376109105
delay_14,"Weekly, true delay 14 d",20660928,3,3,3,100.0,1,0,17.0,-4.333333333333333,1.475195356159631
delay_14,"Weekly, true delay 14 d",20660929,3,3,3,100.0,1,0,16.0,10.666666666666666,-5.133447285553549
delay_14,"Weekly, true delay 14 d",20660930,3,3,3,100.0,1,0,11.0,-4.333333333333333,0.32336152414100816
delay_14,"Weekly, true delay 14 d",20660931,3,3,3,100.0,1,0,5.0,6.0,-0.7240491689193496
delay_14,"Weekly, true delay 14 d",20660932,3,3,2,66.66666666666667,1,1,8.0,-3.0,-1.7233955708896853
delay_14,"Weekly, true delay 14 d",20660933,3,3,3,100.0,1,0,9.0,-0.3333333333333333,0.9387184996383358
delay_14,"Weekly, true delay 14 d",20660934,3,3,3,100.0,1,0,13.0,2.0,-0.9904705249300538
delay_14,"Weekly, true delay 14 d",20660935,3,3,3,100.0,1,0,18.0,-17.666666666666668,-1.4389342230630486
delay_14,"Weekly, true delay 14 d",20660936,3,3,3,100.0,1,0,4.0,-4.666666666666667,0.5981377898427676
delay_14,"Weekly, true delay 14 d",20660937,3,3,3,100.0,1,0,3.0,3.0,-1.765938476826412
delay_14,"Weekly, true delay 14 d",20660938,3,3,3,100.0,1,0,7.0,4.333333333333333,-0.49078725561989556
delay_14,"Weekly, true delay 14 d",20660939,3,3,3,100.0,1,0,15.0,-1.0,-0.7739074488263387
delay_14,"Weekly, true delay 14 d",20660940,3,3,3,100.0,1,0,17.0,-6.0,-2.131121155993987
delay_14,"Weekly, true delay 14 d",20660941,3,3,3,100.0,1,0,24.0,1.0,-2.5641526227291545
delay_14,"Weekly, true delay 14 d",20660942,3,3,3,100.0,1,0,13.0,-7.0,-1.2042367837069023
delay_14,"Weekly, true delay 14 d",20660943,3,3,3,100.0,1,0,13.0,15.666666666666666,-1.2152743982536074
delay_14,"Weekly, true delay 14 d",20660944,3,3,3,100.0,1,0,15.0,5.0,-0.8373429358815576
delay_14,"Weekly, true delay 14 d",20660945,3,3,3,100.0,1,0,15.0,-18.0,2.061401262749807
delay_14,"Weekly, true delay 14 d",20660946,3,3,3,100.0,1,0,8.0,-4.666666666666667,0.013227199375442922
delay_14,"Weekly, true delay 14 d",20660947,3,3,3,100.0,1,0,7.0,-4.0,-2.0292975346311137
delay_14,"Weekly, true delay 14 d",20660948,3,3,3,100.0,1,0,10.0,-3.6666666666666665,-0.49118957645897243
delay_14,"Weekly, true delay 14 d",20660949,3,3,3,100.0,1,0,9.0,0.3333333333333333,-0.9284583942101077
delay_14,"Weekly, true delay 14 d",20660950,3,3,3,100.0,1,0,9.0,-9.333333333333334,3.8687865496103813
delay_14,"Weekly, true delay 14 d",20660951,3,3,3,100.0,1,0,6.0,8.333333333333334,3.601334454479277
delay_14,"Weekly, true delay 14 d",20660952,3,3,3,100.0,1,0,15.0,11.666666666666666,-0.7760080682458037
delay_14,"Weekly, true delay 14 d",20660953,3,3,3,100.0,1,0,8.0,-9.666666666666666,3.8672186884292747
delay_14,"Weekly, true delay 14 d",20660954,3,3,3,100.0,1,0,5.0,10.0,4.244739270746023
delay_14,"Weekly, true delay 14 d",20660955,3,3,3,100.0,1,0,2.0,1.3333333333333333,-0.38504066639170054
delay_14,"Weekly, true delay 14 d",20660956,3,3,3,100.0,1,0,5.0,-4.0,2.877577791588748
delay_14,"Weekly, true delay 14 d",20660957,3,3,3,100.0,1,0,2.0,-8.333333333333334,-5.332786621767982
delay_14,"Weekly, true delay 14 d",20660958,3,3,3,100.0,1,0,3.0,-2.6666666666666665,1.8906523085043592
delay_14,"Weekly, true delay 14 d",20660959,3,3,3,100.0,1,0,22.0,-22.333333333333332,-2.754233644964532
delay_14,"Weekly, true delay 14 d",20660960,3,3,3,100.0,1,0,9.0,-5.333333333333333,-1.2360373169469252
delay_14,"Weekly, true delay 14 d",20660961,3,3,3,100.0,1,0,9.0,-0.3333333333333333,-0.6553543557027863
delay_14,"Weekly, true delay 14 d",20660962,3,3,3,100.0,1,0,3.0,-8.333333333333334,-1.052134418566375
delay_14,"Weekly, true delay 14 d",20660963,3,3,3,100.0,1,0,6.0,-11.0,1.5099727100825078
delay_14,"Weekly, true delay 14 d",20660964,3,3,3,100.0,1,0,8.0,-1.3333333333333333,-2.339643869454433
delay_14,"Weekly, true delay 14 d",20660965,3,3,3,100.0,1,0,13.0,-12.666666666666666,-0.45494201574659554
delay_14,"Weekly, true delay 14 d",20660966,3,3,3,100.0,1,0,10.0,-1.0,-4.137890854863202
delay_14,"Weekly, true delay 14 d",20660967,3,3,3,100.0,1,0,8.0,8.333333333333334,-4.643158661796254
delay_14,"Weekly, true delay 14 d",20660968,3,3,3,100.0,1,0,5.0,-9.0,1.1878392532876036
delay_14,"Weekly, true delay 14 d",20660969,3,3,3,100.0,1,0,4.0,3.6666666666666665,2.4886563507245496
delay_14,"Weekly, true delay 14 d",20660970,3,3,3,100.0,1,0,6.0,4.0,3.229973143644549
delay_14,"Weekly, true delay 14 d",20660971,3,3,3,100.0,1,0,16.0,7.333333333333333,-2.4028057555797178
delay_14,"Weekly, true delay 14 d",20660972,3,3,3,100.0,1,0,21.0,-4.333333333333333,3.3626158016407004
delay_14,"Weekly, true delay 14 d",20660973,3,3,3,100.0,1,0,13.0,-9.666666666666666,-0.7291266415351605
delay_14,"Weekly, true delay 14 d",20660974,3,3,3,100.0,1,0,13.0,-15.0,-2.4587582118659856
delay_14,"Weekly, true delay 14 d",20660975,3,3,3,100.0,1,0,9.0,-11.0,-3.7798309313398226
delay_14,"Weekly, true delay 14 d",20660976,3,3,3,100.0,1,0,6.0,-3.0,-0.7623541691340274
delay_14,"Weekly, true delay 14 d",20660977,3,3,3,100.0,1,0,2.0,-7.0,0.4545401436766072
delay_14,"Weekly, true delay 14 d",20660978,3,3,3,100.0,1,0,12.0,0.0,-1.7665378501760531
delay_14,"Weekly, true delay 14 d",20660979,3,3,3,100.0,1,0,15.0,-10.333333333333334,-0.8167814362626702
delay_14,"Weekly, true delay 14 d",20660980,3,3,3,100.0,1,0,4.0,-9.0,4.008242550072505
delay_14,"Weekly, true delay 14 d",20660981,3,3,3,100.0,1,0,15.0,-6.666666666666667,2.9690531392895902
delay_14,"Weekly, true delay 14 d",20660982,3,3,3,100.0,1,0,4.0,-2.0,-0.24469765391287313
delay_14,"Weekly, true delay 14 d",20660983,3,3,3,100.0,1,0,16.0,2.0,1.2154821915749237
delay_14,"Weekly, true delay 14 d",20660984,3,3,3,100.0,1,0,9.0,1.6666666666666667,-1.4304509811080668
delay_14,"Weekly, true delay 14 d",20660985,3,3,3,100.0,1,0,6.0,-6.666666666666667,2.867216606005085
delay_14,"Weekly, true delay 14 d",20660986,3,3,3,100.0,1,0,20.0,-20.0,-6.436820329845161
delay_14,"Weekly, true delay 14 d",20660987,3,3,3,100.0,1,0,14.0,-10.666666666666666,-0.45305375604204334
delay_14,"Weekly, true delay 14 d",20660988,3,3,3,100.0,1,0,17.0,-4.666666666666667,3.283256523524991
delay_14,"Weekly, true delay 14 d",20660989,3,3,3,100.0,1,0,13.0,4.666666666666667,-1.5329224588946477
delay_14,"Weekly, true delay 14 d",20660990,3,3,3,100.0,1,0,1.0,-5.0,-0.9337791017050234
delay_14,"Weekly, true delay 14 d",20660991,3,4,3,100.0,0,1,7.0,-6.666666666666667,-3.623203698655708
delay_14,"Weekly, true delay 14 d",20660992,3,3,3,100.0,1,0,25.0,-3.6666666666666665,-0.6177064784106512
delay_14,"Weekly, true delay 14 d",20660993,3,3,3,100.0,1,0,17.0,-18.333333333333332,-1.4022787142687898
delay_14,"Weekly, true delay 14 d",20660994,3,3,3,100.0,1,0,13.0,8.0,0.13044598165481425
delay_14,"Weekly, true delay 14 d",20660995,3,3,3,100.0,1,0,12.0,-8.333333333333334,-0.08121124302022942
delay_14,"Weekly, true delay 14 d",20660996,3,3,3,100.0,1,0,15.0,-4.666666666666667,0.14715693732623158
delay_14,"Weekly, true delay 14 d",20660997,3,3,3,100.0,1,0,20.0,-21.666666666666668,1.1480661483471266
delay_14,"Weekly, true delay 14 d",20660998,3,3,3,100.0,1,0,4.0,-5.0,-1.829806181696847
delay_14,"Weekly, true delay 14 d",20660999,3,3,3,100.0,1,0,17.0,-15.333333333333334,0.9342330619762862
delay_14,"Weekly, true delay 14 d",20661000,3,3,3,100.0,1,0,20.0,14.333333333333334,0.08437321401983944
delay_14,"Weekly, true delay 14 d",20661001,3,4,3,100.0,0,1,10.0,-7.333333333333333,2.4896852328790464
delay_14,"Weekly, true delay 14 d",20661002,3,3,3,100.0,1,0,7.0,-13.666666666666666,-0.01348222877932681
delay_14,"Weekly, true delay 14 d",20661003,3,3,3,100.0,1,0,19.0,-13.666666666666666,1.5215982647398318
delay_14,"Weekly, true delay 14 d",20661004,3,3,3,100.0,1,0,9.0,-8.0,2.4948665242878976
delay_14,"Weekly, true delay 14 d",20661005,3,3,3,100.0,1,0,6.0,2.3333333333333335,2.9518152482923776
delay_14,"Weekly, true delay 14 d",20661006,3,3,3,100.0,1,0,13.0,-11.0,-6.132388758691709
delay_14,"Weekly, true delay 14 d",20661007,3,3,3,100.0,1,0,10.0,-12.0,-3.129135640982994
delay_14,"Weekly, true delay 14 d",20661008,3,3,3,100.0,1,0,12.0,0.0,0.3446070787282318
delay_14,"Weekly, true delay 14 d",20661009,3,3,3,100.0,1,0,12.0,-6.333333333333333,1.682074776459408
delay_14,"Weekly, true delay 14 d",20661010,3,3,3,100.0,1,0,20.0,-11.333333333333334,-2.096771834499145
delay_14,"Weekly, true delay 14 d",20661011,3,3,3,100.0,1,0,3.0,-1.0,0.6332739064869752
delay_14,"Weekly, true delay 14 d",20661012,3,3,3,100.0,1,0,20.0,-19.666666666666668,-0.5635065479875578
delay_14,"Weekly, true delay 14 d",20661013,3,3,3,100.0,1,0,0.0,-1.0,1.0288374892591268
delay_14,"Weekly, true delay 14 d",20661014,3,3,3,100.0,1,0,14.0,-3.6666666666666665,-2.4688752718773688
delay_14,"Weekly, true delay 14 d",20661015,3,3,3,100.0,1,0,6.0,1.3333333333333333,-1.7553388839693151
delay_14,"Weekly, true delay 14 d",20661016,3,3,3,100.0,1,0,7.0,-2.0,0.5406613724407761
delay_14,"Weekly, true delay 14 d",20661017,3,3,3,100.0,1,0,9.0,-2.3333333333333335,3.075586887452375
delay_14,"Weekly, true delay 14 d",20661018,3,3,3,100.0,1,0,16.0,7.666666666666667,-4.119171121031517
delay_14,"Weekly, true delay 14 d",20661019,3,3,3,100.0,1,0,3.0,-4.0,0.9725411887710589
delay_14,"Weekly, true delay 14 d",20661020,3,3,3,100.0,1,0,6.0,-10.333333333333334,-0.3814919075934897
delay_14,"Weekly, true delay 14 d",20661021,3,3,3,100.0,1,0,11.0,-8.0,-0.8650341618115509
delay_14,"Weekly, true delay 14 d",20661022,3,3,3,100.0,1,0,17.0,-12.0,2.6935882109866194
delay_14,"Weekly, true delay 14 d",20661023,3,3,3,100.0,1,0,7.0,-3.0,0.7140207780328645
delay_14,"Weekly, true delay 14 d",20661024,3,3,3,100.0,1,0,6.0,-7.0,-0.8440972496333798
delay_14,"Weekly, true delay 14 d",20661025,3,3,3,100.0,1,0,6.0,-5.0,-1.0201648903402472
delay_14,"Weekly, true delay 14 d",20661026,3,3,3,100.0,1,0,16.0,-6.333333333333333,-3.7803161710417865
delay_14,"Weekly, true delay 14 d",20661027,3,3,3,100.0,1,0,9.0,-2.6666666666666665,-0.7267932539281929
delay_14,"Weekly, true delay 14 d",20661028,3,3,3,100.0,1,0,18.0,-4.0,-0.4795878011961352
delay_14,"Weekly, true delay 14 d",20661029,3,3,3,100.0,1,0,15.0,-9.333333333333334,-0.5307394368577079
delay_14,"Weekly, true delay 14 d",20661030,3,3,3,100.0,1,0,3.0,0.6666666666666666,0.016686109448871278
delay_14,"Weekly, true delay 14 d",20661031,3,3,3,100.0,1,0,14.0,-7.333333333333333,-3.760056639448428
delay_14,"Weekly, true delay 14 d",20661032,3,3,3,100.0,1,0,17.0,-11.333333333333334,0.5191370798269812
delay_14,"Weekly, true delay 14 d",20661033,3,3,3,100.0,1,0,10.0,-10.666666666666666,-2.1688774486949614
delay_14,"Weekly, true delay 14 d",20661034,3,3,3,100.0,1,0,7.0,-9.0,-0.668701325159915
delay_14,"Weekly, true delay 14 d",20661035,3,3,3,100.0,1,0,19.0,-10.666666666666666,-0.09611832811843302
delay_14,"Weekly, true delay 14 d",20661036,3,3,3,100.0,1,0,14.0,-4.0,-2.196560717025464
delay_14,"Weekly, true delay 14 d",20661037,3,3,3,100.0,1,0,13.0,1.0,-4.197652788879147
delay_14,"Weekly, true delay 14 d",20661038,3,3,3,100.0,1,0,15.0,-4.333333333333333,-2.0228747555650295
delay_14,"Weekly, true delay 14 d",20661039,3,3,3,100.0,1,0,12.0,-0.6666666666666666,-0.23547149940813528
delay_14,"Weekly, true delay 14 d",20661040,3,3,3,100.0,1,0,6.0,-5.666666666666667,-2.2670307854760097
delay_14,"Weekly, true delay 14 d",20661041,3,3,3,100.0,1,0,5.0,-5.333333333333333,2.0267131910339353
delay_14,"Weekly, true delay 14 d",20661042,3,3,3,100.0,1,0,9.0,11.0,0.15615944649340907
delay_14,"Weekly, true delay 14 d",20661043,3,3,3,100.0,1,0,1.0,-2.0,2.0669962025004596
delay_14,"Weekly, true delay 14 d",20661044,3,3,3,100.0,1,0,12.0,13.333333333333334,0.5409403405461921
delay_14,"Weekly, true delay 14 d",20661045,3,3,3,100.0,1,0,9.0,-10.333333333333334,-2.005708998181166
delay_14,"Weekly, true delay 14 d",20661046,3,3,3,100.0,1,0,8.0,6.0,0.5632286401774378
delay_14,"Weekly, true delay 14 d",20661047,3,3,3,100.0,1,0,7.0,7.0,-1.2332043028096873
delay_14,"Weekly, true delay 14 d",20661048,3,3,3,100.0,1,0,13.0,-5.666666666666667,2.1762314684166784
delay_14,"Weekly, true delay 14 d",20661049,3,3,3,100.0,1,0,13.0,-11.666666666666666,-6.98085308091787
delay_14,"Weekly, true delay 14 d",20661050,3,3,3,100.0,1,0,8.0,3.6666666666666665,-0.43451561355573043
delay_14,"Weekly, true delay 14 d",20661051,3,3,3,100.0,1,0,1.0,-4.0,-0.6185952506963632
delay_14,"Weekly, true delay 14 d",20661052,3,3,3,100.0,1,0,14.0,8.666666666666666,-1.1797491510802116
delay_14,"Weekly, true delay 14 d",20661053,3,3,3,100.0,1,0,7.0,5.333333333333333,0.8167793293008874
delay_14,"Weekly, true delay 14 d",20661054,3,3,3,100.0,1,0,5.0,-3.0,1.9501833463313467
delay_26,"Weekly, true delay 26 d",20760815,3,3,3,100.0,1,0,6.0,4.333333333333333,1.968120791528527
delay_26,"Weekly, true delay 26 d",20760816,3,3,3,100.0,1,0,10.0,-7.333333333333333,1.2934369570914983
delay_26,"Weekly, true delay 26 d",20760817,3,3,3,100.0,1,0,19.0,19.333333333333332,1.4623068884396462
delay_26,"Weekly, true delay 26 d",20760818,3,3,3,100.0,1,0,19.0,14.666666666666666,1.9629106521255713
delay_26,"Weekly, true delay 26 d",20760819,3,3,3,100.0,1,0,7.0,10.666666666666666,-2.067054923720424
delay_26,"Weekly, true delay 26 d",20760820,3,3,3,100.0,1,0,7.0,13.333333333333334,2.81913254336037
delay_26,"Weekly, true delay 26 d",20760821,3,3,3,100.0,1,0,17.0,10.0,-2.797780580125886
delay_26,"Weekly, true delay 26 d",20760822,3,3,3,100.0,1,0,9.0,10.333333333333334,-1.2506521530896375
delay_26,"Weekly, true delay 26 d",20760823,3,3,3,100.0,1,0,6.0,-1.6666666666666667,-1.1975831185336072
delay_26,"Weekly, true delay 26 d",20760824,3,3,3,100.0,1,0,15.0,11.333333333333334,1.7655392513385326
delay_26,"Weekly, true delay 26 d",20760825,3,3,3,100.0,1,0,11.0,0.6666666666666666,-0.4333189783591984
delay_26,"Weekly, true delay 26 d",20760826,3,3,3,100.0,1,0,9.0,10.333333333333334,4.758443932633094
delay_26,"Weekly, true delay 26 d",20760827,3,3,3,100.0,1,0,6.0,5.333333333333333,2.9841295574870585
delay_26,"Weekly, true delay 26 d",20760828,3,3,3,100.0,1,0,22.0,18.666666666666668,2.2392608366728295
delay_26,"Weekly, true delay 26 d",20760829,3,3,3,100.0,1,0,4.0,2.3333333333333335,-1.919571886146454
delay_26,"Weekly, true delay 26 d",20760830,3,3,3,100.0,1,0,20.0,17.0,2.2327860572603386
delay_26,"Weekly, true delay 26 d",20760831,3,3,3,100.0,1,0,7.0,14.333333333333334,-0.4053942028827251
delay_26,"Weekly, true delay 26 d",20760832,3,3,3,100.0,1,0,22.0,14.0,-1.5143096284288227
delay_26,"Weekly, true delay 26 d",20760833,3,3,3,100.0,1,0,19.0,14.333333333333334,-0.5877289960036669
delay_26,"Weekly, true delay 26 d",20760834,3,3,3,100.0,1,0,6.0,7.333333333333333,-0.5849108521122193
delay_26,"Weekly, true delay 26 d",20760835,3,3,3,100.0,1,0,10.0,10.0,-1.7114741213440587
delay_26,"Weekly, true delay 26 d",20760836,3,3,3,100.0,1,0,13.0,4.666666666666667,-2.57150238194529
delay_26,"Weekly, true delay 26 d",20760837,3,3,3,100.0,1,0,9.0,-3.0,-2.4067756577453747
delay_26,"Weekly, true delay 26 d",20760838,3,3,3,100.0,1,0,9.0,15.0,-1.7657042348655505
delay_26,"Weekly, true delay 26 d",20760839,3,3,3,100.0,1,0,14.0,10.666666666666666,-5.596139664826694
delay_26,"Weekly, true delay 26 d",20760840,3,3,3,100.0,1,0,15.0,4.0,-2.0936316285279477
delay_26,"Weekly, true delay 26 d",20760841,3,3,3,100.0,1,0,1.0,2.3333333333333335,2.7373385864982724
delay_26,"Weekly, true delay 26 d",20760842,3,3,3,100.0,1,0,3.0,7.0,1.6921399900915235
delay_26,"Weekly, true delay 26 d",20760843,3,3,3,100.0,1,0,14.0,1.0,-3.7430452318239382
delay_26,"Weekly, true delay 26 d",20760844,3,3,3,100.0,1,0,17.0,14.0,-0.4682701446288684
delay_26,"Weekly, true delay 26 d",20760845,3,3,3,100.0,1,0,8.0,9.0,-1.6410755395444454
delay_26,"Weekly, true delay 26 d",20760846,3,3,3,100.0,1,0,2.0,11.0,-3.468424916441437
delay_26,"Weekly, true delay 26 d",20760847,3,3,3,100.0,1,0,7.0,15.0,-0.8922875156195609
delay_26,"Weekly, true delay 26 d",20760848,3,3,3,100.0,1,0,8.0,5.333333333333333,-0.5562634269136613
delay_26,"Weekly, true delay 26 d",20760849,3,3,3,100.0,1,0,17.0,19.666666666666668,0.17721333238471804
delay_26,"Weekly, true delay 26 d",20760850,3,3,3,100.0,1,0,7.0,-0.3333333333333333,3.978338523081737
delay_26,"Weekly, true delay 26 d",20760851,3,3,3,100.0,1,0,9.0,9.333333333333334,2.5505553475268394
delay_26,"Weekly, true delay 26 d",20760852,3,4,3,100.0,0,1,4.0,1.0,-0.22312087334441788
delay_26,"Weekly, true delay 26 d",20760853,3,3,3,100.0,1,0,18.0,14.333333333333334,3.0246586923483587
delay_26,"Weekly, true delay 26 d",20760854,3,3,3,100.0,1,0,6.0,13.666666666666666,-3.297487464025739
delay_26,"Weekly, true delay 26 d",20760855,3,3,3,100.0,1,0,12.0,7.333333333333333,1.072807680315413
delay_26,"Weekly, true delay 26 d",20760856,3,3,3,100.0,1,0,11.0,6.333333333333333,-6.317090748631027
delay_26,"Weekly, true delay 26 d",20760857,3,3,3,100.0,1,0,12.0,12.666666666666666,0.8244752637816655
delay_26,"Weekly, true delay 26 d",20760858,3,3,3,100.0,1,0,18.0,2.3333333333333335,-1.9841235093952414
delay_26,"Weekly, true delay 26 d",20760859,3,3,3,100.0,1,0,12.0,7.333333333333333,0.7037081805222334
delay_26,"Weekly, true delay 26 d",20760860,3,3,3,100.0,1,0,22.0,2.6666666666666665,3.2225064011249582
delay_26,"Weekly, true delay 26 d",20760861,3,3,3,100.0,1,0,7.0,10.0,0.48852459627111156
delay_26,"Weekly, true delay 26 d",20760862,3,3,3,100.0,1,0,17.0,10.333333333333334,3.9222384359462126
delay_26,"Weekly, true delay 26 d",20760863,3,3,2,66.66666666666667,1,1,6.0,5.0,3.757677202451015
delay_26,"Weekly, true delay 26 d",20760864,3,3,3,100.0,1,0,12.0,12.333333333333334,0.3995714636777947
delay_26,"Weekly, true delay 26 d",20760865,3,3,3,100.0,1,0,19.0,16.333333333333332,-2.144584063094801
delay_26,"Weekly, true delay 26 d",20760866,3,3,3,100.0,1,0,21.0,18.666666666666668,4.6726738501715825
delay_26,"Weekly, true delay 26 d",20760867,3,3,3,100.0,1,0,26.0,19.0,-1.970751170062901
delay_26,"Weekly, true delay 26 d",20760868,3,3,3,100.0,1,0,21.0,13.0,-0.08790627011221464
delay_26,"Weekly, true delay 26 d",20760869,3,3,3,100.0,1,0,1.0,5.333333333333333,1.722074844749355
delay_26,"Weekly, true delay 26 d",20760870,3,3,3,100.0,1,0,5.0,8.333333333333334,1.7990315418722425
delay_26,"Weekly, true delay 26 d",20760871,3,3,3,100.0,1,0,22.0,21.0,-0.22866641175559588
delay_26,"Weekly, true delay 26 d",20760872,3,3,3,100.0,1,0,12.0,16.333333333333332,-0.6539725474065783
delay_26,"Weekly, true delay 26 d",20760873,3,3,3,100.0,1,0,10.0,13.0,0.1595816866511779
delay_26,"Weekly, true delay 26 d",20760874,3,3,3,100.0,1,0,3.0,5.666666666666667,-3.480155150669728
delay_26,"Weekly, true delay 26 d",20760875,3,3,3,100.0,1,0,4.0,7.333333333333333,-0.0836154945530021
delay_26,"Weekly, true delay 26 d",20760876,3,3,3,100.0,1,0,5.0,8.0,-4.757703972644367
delay_26,"Weekly, true delay 26 d",20760877,3,3,3,100.0,1,0,13.0,11.333333333333334,-1.8885134160705919
delay_26,"Weekly, true delay 26 d",20760878,3,3,3,100.0,1,0,8.0,7.666666666666667,1.0484747898741542
delay_26,"Weekly, true delay 26 d",20760879,3,3,3,100.0,1,0,7.0,4.333333333333333,-2.4259176627693835
delay_26,"Weekly, true delay 26 d",20760880,3,3,3,100.0,1,0,13.0,14.333333333333334,0.06470986830482417
delay_26,"Weekly, true delay 26 d",20760881,3,3,3,100.0,1,0,10.0,4.666666666666667,0.36930150941358875
delay_26,"Weekly, true delay 26 d",20760882,3,3,3,100.0,1,0,10.0,11.666666666666666,1.2797290612437617
delay_26,"Weekly, true delay 26 d",20760883,3,3,3,100.0,1,0,8.0,8.333333333333334,0.20732389799698048
delay_26,"Weekly, true delay 26 d",20760884,3,3,3,100.0,1,0,11.0,3.6666666666666665,-2.587193788502129
delay_26,"Weekly, true delay 26 d",20760885,3,3,3,100.0,1,0,14.0,16.0,4.512093296195019
delay_26,"Weekly, true delay 26 d",20760886,3,3,3,100.0,1,0,7.0,4.333333333333333,-2.3087965834120316
delay_26,"Weekly, true delay 26 d",20760887,3,3,3,100.0,1,0,3.0,9.0,-3.4474878489187177
delay_26,"Weekly, true delay 26 d",20760888,3,3,3,100.0,1,0,23.0,12.333333333333334,0.550890007455318
delay_26,"Weekly, true delay 26 d",20760889,3,3,3,100.0,1,0,27.0,28.666666666666668,-5.389726271852235
delay_26,"Weekly, true delay 26 d",20760890,3,4,3,100.0,0,1,10.0,9.666666666666666,1.6311389183092162
delay_26,"Weekly, true delay 26 d",20760891,3,3,3,100.0,1,0,13.0,-0.3333333333333333,3.8991261887963535
delay_26,"Weekly, true delay 26 d",20760892,3,3,3,100.0,1,0,17.0,14.0,1.552095999997971
delay_26,"Weekly, true delay 26 d",20760893,3,3,3,100.0,1,0,9.0,4.666666666666667,-1.799010001739898
delay_26,"Weekly, true delay 26 d",20760894,3,3,3,100.0,1,0,17.0,17.0,2.971583697004254
delay_26,"Weekly, true delay 26 d",20760895,3,3,3,100.0,1,0,13.0,11.0,0.7052878047532962
delay_26,"Weekly, true delay 26 d",20760896,3,3,3,100.0,1,0,11.0,-2.6666666666666665,2.1404323769277145
delay_26,"Weekly, true delay 26 d",20760897,3,3,3,100.0,1,0,8.0,-6.0,-1.3394767257454476
delay_26,"Weekly, true delay 26 d",20760898,3,3,3,100.0,1,0,12.0,14.333333333333334,1.68942737932678
delay_26,"Weekly, true delay 26 d",20760899,3,3,3,100.0,1,0,18.0,16.666666666666668,-1.343687907733515
delay_26,"Weekly, true delay 26 d",20760900,3,3,3,100.0,1,0,2.0,6.333333333333333,-1.1740669495267975
delay_26,"Weekly, true delay 26 d",20760901,3,3,3,100.0,1,0,18.0,17.666666666666668,-3.3695583579975263
delay_26,"Weekly, true delay 26 d",20760902,3,3,3,100.0,1,0,13.0,14.333333333333334,-2.1342440448560374
delay_26,"Weekly, true delay 26 d",20760903,3,3,3,100.0,1,0,4.0,16.0,-2.2175666285435547
delay_26,"Weekly, true delay 26 d",20760904,3,3,3,100.0,1,0,28.0,17.666666666666668,1.8260689972096067
delay_26,"Weekly, true delay 26 d",20760905,3,3,3,100.0,1,0,2.0,4.333333333333333,-2.200054086860792
delay_26,"Weekly, true delay 26 d",20760906,3,3,3,100.0,1,0,7.0,9.0,-0.020354169061242988
delay_26,"Weekly, true delay 26 d",20760907,3,3,3,100.0,1,0,8.0,-2.6666666666666665,2.889571134028457
delay_26,"Weekly, true delay 26 d",20760908,3,3,3,100.0,1,0,9.0,11.0,1.04060873448657
delay_26,"Weekly, true delay 26 d",20760909,3,3,3,100.0,1,0,21.0,4.333333333333333,-1.988910302321023
delay_26,"Weekly, true delay 26 d",20760910,3,3,3,100.0,1,0,17.0,1.0,-0.23962347268099427
delay_26,"Weekly, true delay 26 d",20760911,3,3,3,100.0,1,0,13.0,16.0,-1.2541270064414856
delay_26,"Weekly, true delay 26 d",20760912,3,3,3,100.0,1,0,7.0,6.0,-3.5810781583733298
delay_26,"Weekly, true delay 26 d",20760913,3,3,3,100.0,1,0,5.0,-0.3333333333333333,-3.2599998731599578
delay_26,"Weekly, true delay 26 d",20760914,3,3,3,100.0,1,0,12.0,6.666666666666667,0.8207860654261268
delay_26,"Weekly, true delay 26 d",20760915,3,3,3,100.0,1,0,3.0,-2.6666666666666665,-0.7935634751134901
delay_26,"Weekly, true delay 26 d",20760916,3,3,3,100.0,1,0,15.0,15.333333333333334,-2.5368194178606807
delay_26,"Weekly, true delay 26 d",20760917,3,3,3,100.0,1,0,5.0,-4.666666666666667,-0.28451888311262774
delay_26,"Weekly, true delay 26 d",20760918,3,3,3,100.0,1,0,10.0,15.333333333333334,-3.795141313403627
delay_26,"Weekly, true delay 26 d",20760919,3,3,3,100.0,1,0,27.0,22.666666666666668,-0.6546643747711745
delay_26,"Weekly, true delay 26 d",20760920,3,3,3,100.0,1,0,6.0,3.6666666666666665,2.4086478816930157
delay_26,"Weekly, true delay 26 d",20760921,3,3,3,100.0,1,0,6.0,9.333333333333334,-1.0233891784420024
delay_26,"Weekly, true delay 26 d",20760922,3,3,3,100.0,1,0,15.0,20.0,-0.9726310948494743
delay_26,"Weekly, true delay 26 d",20760923,3,3,3,100.0,1,0,1.0,8.0,-2.1550252701061368
delay_26,"Weekly, true delay 26 d",20760924,3,3,3,100.0,1,0,13.0,11.0,-0.029575686519034416
delay_26,"Weekly, true delay 26 d",20760925,3,3,3,100.0,1,0,10.0,8.666666666666666,-1.4721555786059048
delay_26,"Weekly, true delay 26 d",20760926,3,3,3,100.0,1,0,17.0,0.6666666666666666,-2.325824480427885
delay_26,"Weekly, true delay 26 d",20760927,3,3,3,100.0,1,0,10.0,13.0,-0.3647545676209729
delay_26,"Weekly, true delay 26 d",20760928,3,3,3,100.0,1,0,7.0,5.666666666666667,0.2004332335175052
delay_26,"Weekly, true delay 26 d",20760929,3,3,3,100.0,1,0,7.0,1.0,1.2761568544443769
delay_26,"Weekly, true delay 26 d",20760930,3,3,3,100.0,1,0,19.0,17.666666666666668,-2.070839069716157
delay_26,"Weekly, true delay 26 d",20760931,3,3,3,100.0,1,0,6.0,4.666666666666667,-2.7373526514477997
delay_26,"Weekly, true delay 26 d",20760932,3,3,3,100.0,1,0,8.0,-5.333333333333333,-1.4132916272559526
delay_26,"Weekly, true delay 26 d",20760933,3,3,3,100.0,1,0,14.0,17.666666666666668,-2.36909211092724
delay_26,"Weekly, true delay 26 d",20760934,3,3,3,100.0,1,0,16.0,14.333333333333334,5.462351456361114
delay_26,"Weekly, true delay 26 d",20760935,3,3,3,100.0,1,0,13.0,7.333333333333333,5.571117740901466
delay_26,"Weekly, true delay 26 d",20760936,3,3,3,100.0,1,0,34.0,17.666666666666668,1.5988815243865417
delay_26,"Weekly, true delay 26 d",20760937,3,3,3,100.0,1,0,11.0,2.3333333333333335,0.10005057334747658
delay_26,"Weekly, true delay 26 d",20760938,3,3,3,100.0,1,0,3.0,6.666666666666667,-1.6206495818269384
delay_26,"Weekly, true delay 26 d",20760939,3,3,3,100.0,1,0,8.0,15.0,-0.05119802583752886
delay_26,"Weekly, true delay 26 d",20760940,3,3,3,100.0,1,0,2.0,7.666666666666667,-1.8133911963604143
delay_26,"Weekly, true delay 26 d",20760941,3,3,3,100.0,1,0,5.0,5.0,1.965566581933298
delay_26,"Weekly, true delay 26 d",20760942,3,3,3,100.0,1,0,8.0,0.0,-0.9954496419616987
delay_26,"Weekly, true delay 26 d",20760943,3,3,3,100.0,1,0,9.0,10.333333333333334,2.616250177230839
delay_26,"Weekly, true delay 26 d",20760944,3,3,3,100.0,1,0,14.0,1.3333333333333333,4.7747984508841546
delay_26,"Weekly, true delay 26 d",20760945,3,3,3,100.0,1,0,23.0,9.0,-2.0354455343812528
delay_26,"Weekly, true delay 26 d",20760946,3,3,3,100.0,1,0,22.0,20.0,-5.519079366610791
delay_26,"Weekly, true delay 26 d",20760947,3,3,3,100.0,1,0,13.0,7.666666666666667,-0.866466140962463
delay_26,"Weekly, true delay 26 d",20760948,3,3,3,100.0,1,0,19.0,22.333333333333332,2.1696717557452505
delay_26,"Weekly, true delay 26 d",20760949,3,3,3,100.0,1,0,12.0,11.333333333333334,-3.452228912958921
delay_26,"Weekly, true delay 26 d",20760950,3,3,3,100.0,1,0,19.0,12.0,-2.5514222919287177
delay_26,"Weekly, true delay 26 d",20760951,3,3,2,66.66666666666667,1,1,6.5,1.5,-0.8484547399814746
delay_26,"Weekly, true delay 26 d",20760952,3,3,3,100.0,1,0,11.0,2.6666666666666665,3.4480784765096972
delay_26,"Weekly, true delay 26 d",20760953,3,3,3,100.0,1,0,19.0,4.0,1.510460060046226
delay_26,"Weekly, true delay 26 d",20760954,3,3,3,100.0,1,0,13.0,14.666666666666666,-2.0877313365299632
delay_26,"Weekly, true delay 26 d",20760955,3,3,3,100.0,1,0,16.0,1.0,-2.1213553718311684
delay_26,"Weekly, true delay 26 d",20760956,3,3,3,100.0,1,0,2.0,-3.6666666666666665,1.3620104802280597
delay_26,"Weekly, true delay 26 d",20760957,3,3,3,100.0,1,0,9.0,10.333333333333334,3.8686238407002804
delay_26,"Weekly, true delay 26 d",20760958,3,3,3,100.0,1,0,11.0,7.0,-1.6532349583059491
delay_26,"Weekly, true delay 26 d",20760959,3,3,3,100.0,1,0,6.0,11.0,0.16485301820952092
delay_26,"Weekly, true delay 26 d",20760960,3,3,3,100.0,1,0,19.0,17.333333333333332,-0.4155613007320036
delay_26,"Weekly, true delay 26 d",20760961,3,3,3,100.0,1,0,7.0,7.333333333333333,2.1346529368359457
delay_26,"Weekly, true delay 26 d",20760962,3,3,3,100.0,1,0,11.0,17.333333333333332,0.5473636041938956
delay_26,"Weekly, true delay 26 d",20760963,3,3,3,100.0,1,0,20.0,12.333333333333334,-2.1621975758230882
delay_26,"Weekly, true delay 26 d",20760964,3,3,3,100.0,1,0,26.0,18.666666666666668,0.7828102400994075
delay_26,"Weekly, true delay 26 d",20760965,3,3,3,100.0,1,0,25.0,19.666666666666668,-0.8960590321259176
delay_26,"Weekly, true delay 26 d",20760966,3,3,3,100.0,1,0,1.0,9.333333333333334,-1.5177809692708655
delay_26,"Weekly, true delay 26 d",20760967,3,3,3,100.0,1,0,5.0,3.3333333333333335,1.5594970506011219
delay_26,"Weekly, true delay 26 d",20760968,3,3,3,100.0,1,0,13.0,12.0,-2.116355371969858
delay_26,"Weekly, true delay 26 d",20760969,3,3,3,100.0,1,0,3.0,9.0,0.6250984347261568
delay_26,"Weekly, true delay 26 d",20760970,3,3,3,100.0,1,0,13.0,9.0,2.0511287091699026
delay_26,"Weekly, true delay 26 d",20760971,3,3,3,100.0,1,0,11.0,15.0,-1.4195007849164942
delay_26,"Weekly, true delay 26 d",20760972,3,3,3,100.0,1,0,8.0,15.666666666666666,-0.8918957923788273
delay_26,"Weekly, true delay 26 d",20760973,3,3,3,100.0,1,0,16.0,18.333333333333332,0.02728352124532485
delay_26,"Weekly, true delay 26 d",20760974,3,3,3,100.0,1,0,11.0,12.666666666666666,0.5948522889288155
delay_26,"Weekly, true delay 26 d",20760975,3,3,3,100.0,1,0,18.0,13.666666666666666,3.2710680028039674
delay_26,"Weekly, true delay 26 d",20760976,3,3,3,100.0,1,0,7.0,12.0,2.1689016740822353
delay_26,"Weekly, true delay 26 d",20760977,3,3,3,100.0,1,0,3.0,-1.3333333333333333,-4.430935561846338
delay_26,"Weekly, true delay 26 d",20760978,3,4,3,100.0,0,1,3.0,-1.6666666666666667,-0.5839858690519395
delay_26,"Weekly, true delay 26 d",20760979,3,3,3,100.0,1,0,20.0,17.666666666666668,1.4097125862230664
delay_26,"Weekly, true delay 26 d",20760980,3,3,3,100.0,1,0,14.0,20.0,0.4310539958244597
delay_26,"Weekly, true delay 26 d",20760981,3,3,3,100.0,1,0,9.0,5.666666666666667,1.4782443550464208
delay_26,"Weekly, true delay 26 d",20760982,3,3,3,100.0,1,0,7.0,9.0,3.214969547195956
delay_26,"Weekly, true delay 26 d",20760983,3,3,3,100.0,1,0,14.0,17.333333333333332,2.891557337527484
delay_26,"Weekly, true delay 26 d",20760984,3,3,3,100.0,1,0,7.0,8.0,1.4920900105680923
delay_26,"Weekly, true delay 26 d",20760985,3,3,3,100.0,1,0,16.0,1.3333333333333333,2.0111380967440917
delay_26,"Weekly, true delay 26 d",20760986,3,3,3,100.0,1,0,11.0,6.0,1.820591084476031
delay_26,"Weekly, true delay 26 d",20760987,3,3,3,100.0,1,0,12.0,8.333333333333334,4.709103197432629
delay_26,"Weekly, true delay 26 d",20760988,3,3,3,100.0,1,0,20.0,5.0,1.7717274262963878
delay_26,"Weekly, true delay 26 d",20760989,3,3,3,100.0,1,0,17.0,6.0,-6.017864777288695
delay_26,"Weekly, true delay 26 d",20760990,3,3,3,100.0,1,0,9.0,-11.0,-0.6827483720056593
delay_26,"Weekly, true delay 26 d",20760991,3,3,3,100.0,1,0,22.0,23.666666666666668,-0.2378060288483419
delay_26,"Weekly, true delay 26 d",20760992,3,3,3,100.0,1,0,6.0,11.0,0.7997902075876695
delay_26,"Weekly, true delay 26 d",20760993,3,3,3,100.0,1,0,19.0,12.333333333333334,-0.21513008540932077
delay_26,"Weekly, true delay 26 d",20760994,3,3,3,100.0,1,0,6.0,-4.0,-1.1638932796355639
delay_26,"Weekly, true delay 26 d",20760995,3,3,3,100.0,1,0,9.0,12.333333333333334,-1.1526487902070892
delay_26,"Weekly, true delay 26 d",20760996,3,3,3,100.0,1,0,15.0,17.0,2.459320027070122
delay_26,"Weekly, true delay 26 d",20760997,3,3,3,100.0,1,0,13.0,12.666666666666666,-4.050927753647693
delay_26,"Weekly, true delay 26 d",20760998,3,3,3,100.0,1,0,5.0,0.3333333333333333,1.1646902016285043
delay_26,"Weekly, true delay 26 d",20760999,3,3,3,100.0,1,0,8.0,8.333333333333334,-0.536252031034512
delay_26,"Weekly, true delay 26 d",20761000,3,3,3,100.0,1,0,14.0,5.0,-2.800107809847363
delay_26,"Weekly, true delay 26 d",20761001,3,3,2,66.66666666666667,1,1,6.0,-4.0,5.108845585615129
delay_26,"Weekly, true delay 26 d",20761002,3,3,3,100.0,1,0,2.0,5.333333333333333,-3.756900480380576
delay_26,"Weekly, true delay 26 d",20761003,3,3,3,100.0,1,0,5.0,9.666666666666666,-0.3927984507411053
delay_26,"Weekly, true delay 26 d",20761004,3,3,3,100.0,1,0,10.0,13.333333333333334,-0.6891353503068132
delay_26,"Weekly, true delay 26 d",20761005,3,3,3,100.0,1,0,2.0,13.0,-1.9491599031301265
delay_26,"Weekly, true delay 26 d",20761006,3,3,3,100.0,1,0,4.0,9.333333333333334,-2.5272953257669317
delay_26,"Weekly, true delay 26 d",20761007,3,3,3,100.0,1,0,5.0,5.333333333333333,3.455343321242199
delay_26,"Weekly, true delay 26 d",20761008,3,3,3,100.0,1,0,13.0,18.333333333333332,1.480647597570428
delay_26,"Weekly, true delay 26 d",20761009,3,3,3,100.0,1,0,15.0,8.666666666666666,3.194284666746894
delay_26,"Weekly, true delay 26 d",20761010,3,3,3,100.0,1,0,15.0,12.333333333333334,1.859997675852898
delay_26,"Weekly, true delay 26 d",20761011,3,3,3,100.0,1,0,3.0,8.0,-4.101750275572346
delay_26,"Weekly, true delay 26 d",20761012,3,3,3,100.0,1,0,24.0,20.0,-0.8741033544037768
delay_26,"Weekly, true delay 26 d",20761013,3,3,3,100.0,1,0,9.0,7.333333333333333,0.1395943376355957
delay_26,"Weekly, true delay 26 d",20761014,3,3,3,100.0,1,0,10.0,17.333333333333332,0.14228941753864355
delay_26,"Weekly, true delay 26 d",20761015,3,3,3,100.0,1,0,19.0,18.333333333333332,-3.0391975739620047
delay_26,"Weekly, true delay 26 d",20761016,3,3,3,100.0,1,0,5.0,6.333333333333333,-1.6087671188279917
delay_26,"Weekly, true delay 26 d",20761017,3,3,3,100.0,1,0,10.0,6.333333333333333,-2.8647110558345124
delay_26,"Weekly, true delay 26 d",20761018,3,3,3,100.0,1,0,8.0,-9.0,-1.7169504841502037
delay_26,"Weekly, true delay 26 d",20761019,3,3,3,100.0,1,0,3.0,4.0,0.06924208057497161
delay_26,"Weekly, true delay 26 d",20761020,3,3,3,100.0,1,0,15.0,-3.0,-0.053799690110545306
delay_26,"Weekly, true delay 26 d",20761021,3,3,3,100.0,1,0,11.0,2.6666666666666665,-3.205106890871401
delay_26,"Weekly, true delay 26 d",20761022,3,3,3,100.0,1,0,9.0,10.333333333333334,1.1914675063586788
delay_26,"Weekly, true delay 26 d",20761023,3,3,3,100.0,1,0,8.0,9.333333333333334,0.10511298055475571
delay_26,"Weekly, true delay 26 d",20761024,3,3,3,100.0,1,0,11.0,11.666666666666666,1.943628310535539
delay_26,"Weekly, true delay 26 d",20761025,3,3,3,100.0,1,0,3.0,6.0,1.4543968651693273
delay_26,"Weekly, true delay 26 d",20761026,3,3,3,100.0,1,0,7.0,9.0,-2.9411775673406026
delay_26,"Weekly, true delay 26 d",20761027,3,3,3,100.0,1,0,4.0,5.666666666666667,-0.9972398769689916
delay_26,"Weekly, true delay 26 d",20761028,3,3,3,100.0,1,0,21.0,15.666666666666666,3.15882092467088
delay_26,"Weekly, true delay 26 d",20761029,3,3,3,100.0,1,0,17.0,12.666666666666666,-1.6153900110948083
delay_26,"Weekly, true delay 26 d",20761030,3,3,3,100.0,1,0,10.0,-7.333333333333333,3.5389572777975165
delay_26,"Weekly, true delay 26 d",20761031,3,3,3,100.0,1,0,8.0,3.3333333333333335,-0.6191902398424376
delay_26,"Weekly, true delay 26 d",20761032,3,3,3,100.0,1,0,23.0,22.333333333333332,-2.055811863615875
delay_26,"Weekly, true delay 26 d",20761033,3,3,3,100.0,1,0,4.0,7.0,-0.67296687709828
delay_26,"Weekly, true delay 26 d",20761034,3,3,3,100.0,1,0,10.0,10.0,-3.1486995815466545
delay_26,"Weekly, true delay 26 d",20761035,3,3,3,100.0,1,0,7.0,3.6666666666666665,-0.6418401656865025
delay_26,"Weekly, true delay 26 d",20761036,3,3,3,100.0,1,0,7.0,10.666666666666666,-0.27084338337025615
delay_26,"Weekly, true delay 26 d",20761037,3,3,3,100.0,1,0,15.0,14.333333333333334,-4.8586746626616995
delay_26,"Weekly, true delay 26 d",20761038,3,3,3,100.0,1,0,23.0,19.333333333333332,0.08433389287609838
delay_26,"Weekly, true delay 26 d",20761039,3,3,3,100.0,1,0,17.0,20.0,-0.0027030673770855884
delay_26,"Weekly, true delay 26 d",20761040,3,3,3,100.0,1,0,13.0,13.666666666666666,-2.9112262977606274
delay_26,"Weekly, true delay 26 d",20761041,3,3,3,100.0,1,0,5.0,9.0,3.8848760046489295
delay_26,"Weekly, true delay 26 d",20761042,3,3,3,100.0,1,0,7.0,3.6666666666666665,-0.6556715070013985
delay_26,"Weekly, true delay 26 d",20761043,3,3,3,100.0,1,0,2.0,2.3333333333333335,-2.7586690280113957
delay_26,"Weekly, true delay 26 d",20761044,3,3,3,100.0,1,0,10.0,11.0,-5.1026851371510755
delay_26,"Weekly, true delay 26 d",20761045,3,3,3,100.0,1,0,12.0,8.666666666666666,4.11532707483464
delay_26,"Weekly, true delay 26 d",20761046,3,3,3,100.0,1,0,3.0,13.333333333333334,0.2631991223651653
delay_26,"Weekly, true delay 26 d",20761047,3,3,3,100.0,1,0,8.0,-2.0,5.603109525521632
delay_26,"Weekly, true delay 26 d",20761048,3,3,3,100.0,1,0,25.0,4.666666666666667,-5.060198785880832
delay_26,"Weekly, true delay 26 d",20761049,3,3,3,100.0,1,0,9.0,10.666666666666666,-0.951866689034786
delay_26,"Weekly, true delay 26 d",20761050,3,3,3,100.0,1,0,19.0,12.666666666666666,3.343074873475227
delay_26,"Weekly, true delay 26 d",20761051,3,3,3,100.0,1,0,14.0,2.3333333333333335,-2.4253670682995776
delay_26,"Weekly, true delay 26 d",20761052,3,3,3,100.0,1,0,18.0,15.666666666666666,-2.071736105453015
delay_26,"Weekly, true delay 26 d",20761053,3,3,3,100.0,1,0,13.0,4.666666666666667,-0.04921010448378782
delay_26,"Weekly, true delay 26 d",20761054,3,3,3,100.0,1,0,10.0,15.0,2.068632131729564
monthly,Monthly reporting,20860815,3,3,3,100.0,1,0,15.0,9.666666666666666,0.9563049796461387
monthly,Monthly reporting,20860816,3,3,3,100.0,1,0,11.0,-3.3333333333333335,-4.002964153205624
monthly,Monthly reporting,20860817,3,3,3,100.0,1,0,29.0,1.0,-5.922828551561333
monthly,Monthly reporting,20860818,3,3,3,100.0,1,0,13.0,-8.333333333333334,5.762234273346678
monthly,Monthly reporting,20860819,3,3,3,100.0,1,0,9.0,0.3333333333333333,-3.3456036507214515
monthly,Monthly reporting,20860820,3,3,3,100.0,1,0,36.0,-3.3333333333333335,0.7171863693688829
monthly,Monthly reporting,20860821,3,3,3,100.0,1,0,11.0,7.666666666666667,2.465815181363107
monthly,Monthly reporting,20860822,3,3,3,100.0,1,0,10.0,-1.0,5.230845717599042
monthly,Monthly reporting,20860823,3,3,3,100.0,1,0,8.0,14.333333333333334,-4.746313047516127
monthly,Monthly reporting,20860824,3,3,3,100.0,1,0,7.0,-6.0,-4.591384178823765
monthly,Monthly reporting,20860825,3,3,3,100.0,1,0,12.0,17.0,7.723626064368072
monthly,Monthly reporting,20860826,3,3,3,100.0,1,0,12.0,16.333333333333332,-2.1389591203150427
monthly,Monthly reporting,20860827,3,3,3,100.0,1,0,8.0,9.333333333333334,-1.5413707332765592
monthly,Monthly reporting,20860828,3,3,3,100.0,1,0,10.0,8.333333333333334,4.798721369265135
monthly,Monthly reporting,20860829,3,3,3,100.0,1,0,6.0,3.3333333333333335,-0.2043238704221073
monthly,Monthly reporting,20860830,3,3,3,100.0,1,0,29.0,24.666666666666668,1.8866077661614078
monthly,Monthly reporting,20860831,3,3,3,100.0,1,0,34.0,-6.666666666666667,2.124327448884955
monthly,Monthly reporting,20860832,3,3,3,100.0,1,0,18.0,2.6666666666666665,-7.169872343059391
monthly,Monthly reporting,20860833,3,3,3,100.0,1,0,14.0,-10.666666666666666,0.19435030565460032
monthly,Monthly reporting,20860834,3,3,3,100.0,1,0,10.0,10.666666666666666,-1.0884211757865025
monthly,Monthly reporting,20860835,3,3,3,100.0,1,0,19.0,14.0,-4.505242559380984
monthly,Monthly reporting,20860836,3,3,3,100.0,1,0,35.0,29.0,3.7626145765427665
monthly,Monthly reporting,20860837,3,3,3,100.0,1,0,8.0,9.0,-9.848503725208834
monthly,Monthly reporting,20860838,3,3,3,100.0,1,0,4.0,-1.3333333333333333,-3.121811910527028
monthly,Monthly reporting,20860839,3,3,2,66.66666666666667,1,1,12.0,12.0,-2.5809912950293667
monthly,Monthly reporting,20860840,3,3,3,100.0,1,0,7.0,4.0,-2.7212122912704806
monthly,Monthly reporting,20860841,3,3,3,100.0,1,0,30.0,-5.666666666666667,-3.7735950491024295
monthly,Monthly reporting,20860842,3,3,3,100.0,1,0,33.0,18.666666666666668,-4.58517614571673
monthly,Monthly reporting,20860843,3,3,3,100.0,1,0,9.0,3.3333333333333335,4.609926942361797
monthly,Monthly reporting,20860844,3,3,3,100.0,1,0,8.0,7.0,-0.8777346286717447
monthly,Monthly reporting,20860845,3,4,3,100.0,0,1,12.0,-9.0,-1.9548025825946613
monthly,Monthly reporting,20860846,3,3,3,100.0,1,0,13.0,-2.6666666666666665,-1.8858327913751527
monthly,Monthly reporting,20860847,3,3,3,100.0,1,0,6.0,0.3333333333333333,-3.914707334272427
monthly,Monthly reporting,20860848,3,3,3,100.0,1,0,12.0,-10.666666666666666,-1.0345605163077032
monthly,Monthly reporting,20860849,3,3,3,100.0,1,0,6.0,-7.666666666666667,-14.31421957319563
monthly,Monthly reporting,20860850,3,3,3,100.0,1,0,7.0,4.333333333333333,1.0287796990885667
monthly,Monthly reporting,20860851,3,3,3,100.0,1,0,8.0,2.3333333333333335,4.806570130906729
monthly,Monthly reporting,20860852,3,3,3,100.0,1,0,10.0,-2.6666666666666665,5.485868578449327
monthly,Monthly reporting,20860853,3,3,3,100.0,1,0,10.0,12.0,-0.2615627860608094
monthly,Monthly reporting,20860854,3,3,3,100.0,1,0,13.0,2.0,-3.822430346246153
monthly,Monthly reporting,20860855,3,3,3,100.0,1,0,2.0,10.666666666666666,4.006804229560834
monthly,Monthly reporting,20860856,3,3,3,100.0,1,0,8.0,-4.0,-1.5851256330724595
monthly,Monthly reporting,20860857,3,3,3,100.0,1,0,12.0,14.666666666666666,6.0771310537997225
monthly,Monthly reporting,20860858,3,3,3,100.0,1,0,10.0,17.666666666666668,-10.297738764719988
monthly,Monthly reporting,20860859,3,3,3,100.0,1,0,12.0,0.6666666666666666,-7.433993481386603
monthly,Monthly reporting,20860860,3,3,3,100.0,1,0,8.0,4.0,4.981236317137583
monthly,Monthly reporting,20860861,3,3,3,100.0,1,0,3.0,1.6666666666666667,4.646058570395262
monthly,Monthly reporting,20860862,3,3,3,100.0,1,0,7.0,16.333333333333332,-0.21687398392785662
monthly,Monthly reporting,20860863,3,3,3,100.0,1,0,2.0,1.3333333333333333,-2.345465578978445
monthly,Monthly reporting,20860864,3,3,3,100.0,1,0,13.0,-3.0,-3.0351664695277725
monthly,Monthly reporting,20860865,3,3,3,100.0,1,0,14.0,1.3333333333333333,3.448639973747536
monthly,Monthly reporting,20860866,3,3,3,100.0,1,0,17.0,3.6666666666666665,-3.008172112997587
monthly,Monthly reporting,20860867,3,3,3,100.0,1,0,9.0,0.3333333333333333,1.7014910056326604
monthly,Monthly reporting,20860868,3,3,3,100.0,1,0,13.0,7.666666666666667,-0.25707861456353287
monthly,Monthly reporting,20860869,3,3,3,100.0,1,0,9.0,0.3333333333333333,5.073333500427979
monthly,Monthly reporting,20860870,3,3,3,100.0,1,0,5.0,6.333333333333333,-4.441113715606148
monthly,Monthly reporting,20860871,3,3,3,100.0,1,0,13.0,5.0,4.721171337743368
monthly,Monthly reporting,20860872,3,3,3,100.0,1,0,8.0,-7.333333333333333,-6.132966615271518
monthly,Monthly reporting,20860873,3,3,3,100.0,1,0,7.0,-5.333333333333333,-2.3820887229044074
monthly,Monthly reporting,20860874,3,3,3,100.0,1,0,13.0,3.3333333333333335,-8.160923154335919
monthly,Monthly reporting,20860875,3,3,3,100.0,1,0,14.0,-9.666666666666666,-10.213919178408638
monthly,Monthly reporting,20860876,3,3,3,100.0,1,0,7.0,-6.666666666666667,-2.702025150168341
monthly,Monthly reporting,20860877,3,3,3,100.0,1,0,10.0,-2.6666666666666665,-0.42356272611829837
monthly,Monthly reporting,20860878,3,3,3,100.0,1,0,11.0,5.333333333333333,-5.689388332485102
monthly,Monthly reporting,20860879,3,3,3,100.0,1,0,13.0,-0.3333333333333333,4.858001058636918
monthly,Monthly reporting,20860880,3,3,3,100.0,1,0,1.0,2.3333333333333335,1.544721009246186
monthly,Monthly reporting,20860881,3,3,3,100.0,1,0,3.0,-2.6666666666666665,-1.7704938603016362
monthly,Monthly reporting,20860882,3,3,3,100.0,1,0,13.0,0.6666666666666666,-1.2920833414850175
monthly,Monthly reporting,20860883,3,3,3,100.0,1,0,12.0,2.0,-3.551279716790545
monthly,Monthly reporting,20860884,3,3,3,100.0,1,0,12.0,10.0,2.9382919728753176
monthly,Monthly reporting,20860885,3,3,3,100.0,1,0,8.0,17.333333333333332,-1.5924083443789816
monthly,Monthly reporting,20860886,3,3,3,100.0,1,0,6.0,3.0,0.380310981118126
monthly,Monthly reporting,20860887,3,3,3,100.0,1,0,16.0,7.333333333333333,-5.863835749416014
monthly,Monthly reporting,20860888,3,3,3,100.0,1,0,9.0,7.666666666666667,-1.1228773890591737
monthly,Monthly reporting,20860889,3,3,3,100.0,1,0,5.0,-0.6666666666666666,1.95225586408323
monthly,Monthly reporting,20860890,3,3,3,100.0,1,0,5.0,-11.666666666666666,-1.5380115213070367
monthly,Monthly reporting,20860891,3,3,3,100.0,1,0,5.0,16.0,-6.1081694554381505
monthly,Monthly reporting,20860892,3,3,3,100.0,1,0,10.0,-2.3333333333333335,-3.191772182594532
monthly,Monthly reporting,20860893,3,3,3,100.0,1,0,9.0,8.0,-5.007844564466524
monthly,Monthly reporting,20860894,3,3,3,100.0,1,0,3.0,-5.0,-8.124478561152149
monthly,Monthly reporting,20860895,3,3,3,100.0,1,0,22.0,9.666666666666666,1.6489532055797174
monthly,Monthly reporting,20860896,3,3,3,100.0,1,0,13.0,12.333333333333334,-7.175478040176686
monthly,Monthly reporting,20860897,3,3,3,100.0,1,0,11.0,17.0,-7.653952278684373
monthly,Monthly reporting,20860898,3,3,3,100.0,1,0,9.0,4.666666666666667,3.63012241504308
monthly,Monthly reporting,20860899,3,3,2,66.66666666666667,1,1,15.0,-15.0,-9.529367847083513
monthly,Monthly reporting,20860900,3,3,3,100.0,1,0,10.0,-1.3333333333333333,-0.2718308016532722
monthly,Monthly reporting,20860901,3,3,3,100.0,1,0,34.0,27.666666666666668,-1.2299511333495383
monthly,Monthly reporting,20860902,3,3,2,66.66666666666667,1,1,19.0,12.0,-3.499234223353209
monthly,Monthly reporting,20860903,3,3,3,100.0,1,0,10.0,0.6666666666666666,-5.540479729929915
monthly,Monthly reporting,20860904,3,3,3,100.0,1,0,7.0,-5.0,-4.053921780004465
monthly,Monthly reporting,20860905,3,3,3,100.0,1,0,12.0,-2.3333333333333335,13.824476641771177
monthly,Monthly reporting,20860906,3,3,3,100.0,1,0,10.0,4.0,-4.683658166404802
monthly,Monthly reporting,20860907,3,3,3,100.0,1,0,13.0,-4.666666666666667,-1.2988615203621157
monthly,Monthly reporting,20860908,3,3,3,100.0,1,0,4.0,-5.0,3.995744362472009
monthly,Monthly reporting,20860909,3,3,3,100.0,1,0,14.0,-3.3333333333333335,9.194950304578974
monthly,Monthly reporting,20860910,3,3,3,100.0,1,0,14.0,12.0,6.038230026476166
monthly,Monthly reporting,20860911,3,3,3,100.0,1,0,7.0,-0.6666666666666666,-7.771606734581093
monthly,Monthly reporting,20860912,3,3,3,100.0,1,0,8.0,18.0,7.429704880172694
monthly,Monthly reporting,20860913,3,3,3,100.0,1,0,15.0,0.0,-5.779210497146414
monthly,Monthly reporting,20860914,3,3,3,100.0,1,0,5.0,12.0,-5.019524341543757
monthly,Monthly reporting,20860915,3,3,3,100.0,1,0,17.0,12.666666666666666,-3.6939476532791726
monthly,Monthly reporting,20860916,3,3,3,100.0,1,0,6.0,-2.6666666666666665,3.8152442625806193
monthly,Monthly reporting,20860917,3,3,3,100.0,1,0,11.0,2.3333333333333335,0.981592861511027
monthly,Monthly reporting,20860918,3,3,3,100.0,1,0,11.0,-5.666666666666667,-1.8874274426720183
monthly,Monthly reporting,20860919,3,3,3,100.0,1,0,8.0,3.3333333333333335,1.7022263116369452
monthly,Monthly reporting,20860920,3,3,3,100.0,1,0,7.0,9.666666666666666,1.5795427945684892
monthly,Monthly reporting,20860921,3,3,3,100.0,1,0,11.0,-7.666666666666667,4.460558719690488
monthly,Monthly reporting,20860922,3,3,3,100.0,1,0,16.0,11.0,-1.8868502039260604
monthly,Monthly reporting,20860923,3,3,3,100.0,1,0,13.0,9.333333333333334,6.652895841428497
monthly,Monthly reporting,20860924,3,3,3,100.0,1,0,7.0,10.0,-8.033964576071694
monthly,Monthly reporting,20860925,3,3,3,100.0,1,0,6.0,17.333333333333332,-5.6851536547313675
monthly,Monthly reporting,20860926,3,3,3,100.0,1,0,21.0,20.0,-3.3642584635944495
monthly,Monthly reporting,20860927,3,3,3,100.0,1,0,5.0,-0.6666666666666666,-1.6072606042355497
monthly,Monthly reporting,20860928,3,3,3,100.0,1,0,13.0,-5.333333333333333,-9.346635586124064
monthly,Monthly reporting,20860929,3,3,2,66.66666666666667,1,1,8.0,-2.0,0.6733141633922468
monthly,Monthly reporting,20860930,3,3,3,100.0,1,0,8.0,5.333333333333333,-9.482348191637746
monthly,Monthly reporting,20860931,3,3,3,100.0,1,0,3.0,11.0,-12.297606961436514
monthly,Monthly reporting,20860932,3,3,3,100.0,1,0,4.0,5.333333333333333,-2.469692389607503
monthly,Monthly reporting,20860933,3,3,3,100.0,1,0,10.0,7.0,-12.21455120180156
monthly,Monthly reporting,20860934,3,3,3,100.0,1,0,14.0,-2.3333333333333335,2.6819686468915194
monthly,Monthly reporting,20860935,3,3,3,100.0,1,0,24.0,-1.0,-3.7783119611502824
monthly,Monthly reporting,20860936,3,3,3,100.0,1,0,11.0,5.666666666666667,-4.840759514357806
monthly,Monthly reporting,20860937,3,3,3,100.0,1,0,9.0,-7.666666666666667,-1.8196870487030892
monthly,Monthly reporting,20860938,3,3,3,100.0,1,0,10.0,-0.6666666666666666,-1.6610116147427245
monthly,Monthly reporting,20860939,3,3,3,100.0,1,0,22.0,21.666666666666668,-1.8237088116292655
monthly,Monthly reporting,20860940,3,3,3,100.0,1,0,11.0,16.0,-11.386115927674467
monthly,Monthly reporting,20860941,3,3,3,100.0,1,0,7.0,6.333333333333333,-6.11497359723211
monthly,Monthly reporting,20860942,3,3,3,100.0,1,0,6.0,0.3333333333333333,10.142069262301723
monthly,Monthly reporting,20860943,3,3,3,100.0,1,0,21.0,14.666666666666666,-7.0872691776806995
monthly,Monthly reporting,20860944,3,3,3,100.0,1,0,16.0,7.333333333333333,5.405866436474249
monthly,Monthly reporting,20860945,3,3,3,100.0,1,0,13.0,-5.0,7.8062492329731725
monthly,Monthly reporting,20860946,3,3,2,66.66666666666667,1,1,6.5,6.5,2.1260344041002854
monthly,Monthly reporting,20860947,3,3,3,100.0,1,0,11.0,-7.0,-4.943325637787021
monthly,Monthly reporting,20860948,3,3,3,100.0,1,0,28.0,23.0,-4.365813755289205
monthly,Monthly reporting,20860949,3,3,3,100.0,1,0,3.0,13.0,-4.797365276475308
monthly,Monthly reporting,20860950,3,3,3,100.0,1,0,5.0,2.6666666666666665,-0.5945385576438644
monthly,Monthly reporting,20860951,3,3,3,100.0,1,0,6.0,2.3333333333333335,-1.5476206987734331
monthly,Monthly reporting,20860952,3,3,3,100.0,1,0,7.0,-4.0,0.04372839042925403
monthly,Monthly reporting,20860953,3,3,3,100.0,1,0,8.0,9.0,4.453363922230746
monthly,Monthly reporting,20860954,3,3,3,100.0,1,0,11.0,12.333333333333334,2.696301468634532
monthly,Monthly reporting,20860955,3,3,3,100.0,1,0,11.0,2.3333333333333335,5.605718588684283
monthly,Monthly reporting,20860956,3,3,3,100.0,1,0,15.0,1.3333333333333333,5.628062105143861
monthly,Monthly reporting,20860957,3,3,3,100.0,1,0,16.0,-4.666666666666667,6.921339356383283
monthly,Monthly reporting,20860958,3,3,3,100.0,1,0,7.0,18.666666666666668,0.1798314492284625
monthly,Monthly reporting,20860959,3,3,3,100.0,1,0,12.0,1.0,0.3969894721065792
monthly,Monthly reporting,20860960,3,3,3,100.0,1,0,11.0,7.333333333333333,-4.625531950829565
monthly,Monthly reporting,20860961,3,3,3,100.0,1,0,13.0,0.0,0.4670230735298819
monthly,Monthly reporting,20860962,3,3,3,100.0,1,0,12.0,5.333333333333333,4.953504856138258
monthly,Monthly reporting,20860963,3,3,2,66.66666666666667,1,1,28.0,-28.0,-0.9003611176635729
monthly,Monthly reporting,20860964,3,3,3,100.0,1,0,13.0,5.666666666666667,5.444249705087412
monthly,Monthly reporting,20860965,3,3,3,100.0,1,0,7.0,8.0,1.6507140714616897
monthly,Monthly reporting,20860966,3,3,3,100.0,1,0,9.0,-4.666666666666667,-2.036473534502403
monthly,Monthly reporting,20860967,3,3,3,100.0,1,0,12.0,8.0,-3.0362776938093528
monthly,Monthly reporting,20860968,3,3,3,100.0,1,0,11.0,3.0,4.072441724535847
monthly,Monthly reporting,20860969,3,3,3,100.0,1,0,15.0,3.3333333333333335,2.0929802205561066
monthly,Monthly reporting,20860970,3,3,3,100.0,1,0,16.0,-4.333333333333333,-7.872243646177379
monthly,Monthly reporting,20860971,3,3,3,100.0,1,0,7.0,7.333333333333333,-0.6932574411947168
monthly,Monthly reporting,20860972,3,3,3,100.0,1,0,29.0,22.666666666666668,3.422272173318097
monthly,Monthly reporting,20860973,3,3,3,100.0,1,0,8.0,-3.0,3.9998427498707967
monthly,Monthly reporting,20860974,3,3,3,100.0,1,0,14.0,5.666666666666667,-3.375781594225158
monthly,Monthly reporting,20860975,3,3,3,100.0,1,0,3.0,7.666666666666667,1.1494017010234447
monthly,Monthly reporting,20860976,3,3,3,100.0,1,0,17.0,-16.0,7.8750167269125315
monthly,Monthly reporting,20860977,3,3,3,100.0,1,0,14.0,13.666666666666666,-3.12631638787072
monthly,Monthly reporting,20860978,3,3,3,100.0,1,0,11.0,12.333333333333334,2.0598339541329613
monthly,Monthly reporting,20860979,3,3,3,100.0,1,0,8.0,7.666666666666667,-2.1203202883650962
monthly,Monthly reporting,20860980,3,3,3,100.0,1,0,11.0,7.0,4.467824315900892
monthly,Monthly reporting,20860981,3,3,3,100.0,1,0,14.0,12.333333333333334,6.007919955207552
monthly,Monthly reporting,20860982,3,3,3,100.0,1,0,13.0,-1.6666666666666667,-0.809732901560678
monthly,Monthly reporting,20860983,3,3,3,100.0,1,0,3.0,4.0,-0.1978363803867511
monthly,Monthly reporting,20860984,3,3,3,100.0,1,0,13.0,8.666666666666666,0.589174597537423
monthly,Monthly reporting,20860985,3,3,3,100.0,1,0,11.0,3.3333333333333335,-0.34420223286861784
monthly,Monthly reporting,20860986,3,3,3,100.0,1,0,17.0,-3.0,-7.303518940063469
monthly,Monthly reporting,20860987,3,3,3,100.0,1,0,6.0,0.6666666666666666,-2.5146764002620725
monthly,Monthly reporting,20860988,3,3,3,100.0,1,0,10.0,3.0,-9.797978451735045
monthly,Monthly reporting,20860989,3,3,3,100.0,1,0,5.0,-0.6666666666666666,-4.122148123958025
monthly,Monthly reporting,20860990,3,3,3,100.0,1,0,9.0,-2.3333333333333335,1.5194505157347216
monthly,Monthly reporting,20860991,3,3,3,100.0,1,0,13.0,-1.6666666666666667,-8.772871672206872
monthly,Monthly reporting,20860992,3,3,3,100.0,1,0,10.0,4.333333333333333,3.1807228719950453
monthly,Monthly reporting,20860993,3,3,3,100.0,1,0,5.0,-3.6666666666666665,-0.7731573195544073
monthly,Monthly reporting,20860994,3,3,3,100.0,1,0,11.0,17.0,-4.878226259615492
monthly,Monthly reporting,20860995,3,3,3,100.0,1,0,16.0,-7.333333333333333,-5.16817367597755
monthly,Monthly reporting,20860996,3,3,3,100.0,1,0,16.0,7.0,0.31672424875253125
monthly,Monthly reporting,20860997,3,3,3,100.0,1,0,12.0,11.333333333333334,0.01858082931929239
monthly,Monthly reporting,20860998,3,3,3,100.0,1,0,12.0,13.333333333333334,-1.424087207181035
monthly,Monthly reporting,20860999,3,3,3,100.0,1,0,9.0,-5.666666666666667,6.048527764044587
monthly,Monthly reporting,20861000,3,3,3,100.0,1,0,4.0,2.0,-1.3960213562705492
monthly,Monthly reporting,20861001,3,3,3,100.0,1,0,11.0,-0.6666666666666666,1.9748633748339683
monthly,Monthly reporting,20861002,3,3,3,100.0,1,0,1.0,-0.6666666666666666,-3.8755950534666295
monthly,Monthly reporting,20861003,3,3,3,100.0,1,0,16.0,23.0,-2.3333429101863423
monthly,Monthly reporting,20861004,3,3,3,100.0,1,0,16.0,10.666666666666666,-2.8887700189732746
monthly,Monthly reporting,20861005,3,3,3,100.0,1,0,28.0,21.333333333333332,-1.8285574314807929
monthly,Monthly reporting,20861006,3,3,3,100.0,1,0,16.0,17.0,-0.17922424058816055
monthly,Monthly reporting,20861007,3,3,3,100.0,1,0,13.0,1.6666666666666667,-9.095240820691597
monthly,Monthly reporting,20861008,3,3,3,100.0,1,0,33.0,19.666666666666668,0.9997891915410451
monthly,Monthly reporting,20861009,3,3,3,100.0,1,0,15.0,15.0,8.876865663683486
monthly,Monthly reporting,20861010,3,3,3,100.0,1,0,2.0,5.666666666666667,2.228395217753576
monthly,Monthly reporting,20861011,3,3,3,100.0,1,0,7.0,12.333333333333334,-2.1670278651957697
monthly,Monthly reporting,20861012,3,3,3,100.0,1,0,19.0,20.666666666666668,0.6466510204315323
monthly,Monthly reporting,20861013,3,3,3,100.0,1,0,6.0,-4.333333333333333,5.416842338365391
monthly,Monthly reporting,20861014,3,3,3,100.0,1,0,11.0,-10.666666666666666,-5.50855765607372
monthly,Monthly reporting,20861015,3,3,3,100.0,1,0,13.0,15.333333333333334,0.8419910252237983
monthly,Monthly reporting,20861016,3,3,3,100.0,1,0,16.0,-4.666666666666667,4.564003386201332
monthly,Monthly reporting,20861017,3,3,3,100.0,1,0,12.0,9.333333333333334,1.7987450589170173
monthly,Monthly reporting,20861018,3,3,2,66.66666666666667,1,1,5.0,5.0,9.004714785785106
monthly,Monthly reporting,20861019,3,3,3,100.0,1,0,10.0,6.0,-10.413875595460953
monthly,Monthly reporting,20861020,3,3,3,100.0,1,0,7.0,1.3333333333333333,-1.5515389165942084
monthly,Monthly reporting,20861021,3,3,3,100.0,1,0,14.0,18.0,-3.371869929860749
monthly,Monthly reporting,20861022,3,3,3,100.0,1,0,8.0,3.0,0.6882903677472019
monthly,Monthly reporting,20861023,3,3,3,100.0,1,0,14.0,10.0,0.9890661021546787
monthly,Monthly reporting,20861024,3,3,3,100.0,1,0,4.0,5.0,0.395160979230913
monthly,Monthly reporting,20861025,3,3,3,100.0,1,0,4.0,5.666666666666667,3.862079682604125
monthly,Monthly reporting,20861026,3,3,3,100.0,1,0,13.0,1.6666666666666667,0.6010433973107743
monthly,Monthly reporting,20861027,3,3,3,100.0,1,0,11.0,-3.6666666666666665,1.5261497295565585
monthly,Monthly reporting,20861028,3,3,3,100.0,1,0,3.0,10.666666666666666,-6.39084382686349
monthly,Monthly reporting,20861029,3,3,3,100.0,1,0,14.0,-13.333333333333334,-3.126709979191866
monthly,Monthly reporting,20861030,3,3,3,100.0,1,0,17.0,1.0,2.5596000582252643
monthly,Monthly reporting,20861031,3,3,3,100.0,1,0,11.0,7.666666666666667,-0.08946583142124265
monthly,Monthly reporting,20861032,3,3,3,100.0,1,0,13.0,4.0,7.231687505449336
monthly,Monthly reporting,20861033,3,3,3,100.0,1,0,6.0,-4.333333333333333,-8.965596007762445
monthly,Monthly reporting,20861034,3,3,3,100.0,1,0,39.0,4.0,-2.6667902143513667
monthly,Monthly reporting,20861035,3,3,3,100.0,1,0,15.0,7.666666666666667,-4.993564867943978
monthly,Monthly reporting,20861036,3,3,3,100.0,1,0,14.0,15.666666666666666,3.849796030816832
monthly,Monthly reporting,20861037,3,3,3,100.0,1,0,12.0,8.333333333333334,-4.020309712549852
monthly,Monthly reporting,20861038,3,3,3,100.0,1,0,11.0,10.666666666666666,-12.061176488096647
monthly,Monthly reporting,20861039,3,3,3,100.0,1,0,15.0,14.666666666666666,0.18344249748947217
monthly,Monthly reporting,20861040,3,3,3,100.0,1,0,9.0,1.6666666666666667,3.3485382033981326
monthly,Monthly reporting,20861041,3,3,3,100.0,1,0,15.0,15.666666666666666,5.029607369520783
monthly,Monthly reporting,20861042,3,3,3,100.0,1,0,4.0,3.3333333333333335,-3.997517147544094
monthly,Monthly reporting,20861043,3,3,3,100.0,1,0,17.0,17.0,3.123129995215157
monthly,Monthly reporting,20861044,3,3,3,100.0,1,0,14.0,4.0,-2.0225450245108356
monthly,Monthly reporting,20861045,3,3,3,100.0,1,0,5.0,-2.0,0.8258295027789408
monthly,Monthly reporting,20861046,3,3,3,100.0,1,0,6.0,4.0,-1.584121329210686
monthly,Monthly reporting,20861047,3,3,3,100.0,1,0,19.0,4.666666666666667,3.2373761360129816
monthly,Monthly reporting,20861048,3,3,3,100.0,1,0,11.0,3.3333333333333335,-4.825102325416342
monthly,Monthly reporting,20861049,3,3,3,100.0,1,0,13.0,10.333333333333334,-3.071069175136154
monthly,Monthly reporting,20861050,3,3,3,100.0,1,0,6.0,8.333333333333334,-9.745714394044235
monthly,Monthly reporting,20861051,3,3,3,100.0,1,0,14.0,0.3333333333333333,-4.0064331424322415
monthly,Monthly reporting,20861052,3,3,3,100.0,1,0,9.0,-1.3333333333333333,-6.737743154113717
monthly,Monthly reporting,20861053,3,3,3,100.0,1,0,15.0,6.0,5.415937596102949
monthly,Monthly reporting,20861054,3,3,3,100.0,1,0,10.0,1.3333333333333333,4.2555922482304
non_epidemic_shock,Weekly + non-epidemic mortality shock,20960815,3,3,3,100.0,1,0,6.0,6.333333333333333,4.0394527532432445
non_epidemic_shock,Weekly + non-epidemic mortality shock,20960816,3,3,3,100.0,1,0,9.0,5.666666666666667,1.6572640031580876
non_epidemic_shock,Weekly + non-epidemic mortality shock,20960817,3,4,3,100.0,0,1,9.0,-3.3333333333333335,3.0301608335963737
non_epidemic_shock,Weekly + non-epidemic mortality shock,20960818,3,4,3,100.0,0,1,8.0,1.6666666666666667,2.9056522059851764
non_epidemic_shock,Weekly + non-epidemic mortality shock,20960819,3,3,3,100.0,1,0,13.0,-4.0,2.3746210216647023
non_epidemic_shock,Weekly + non-epidemic mortality shock,20960820,3,3,3,100.0,1,0,9.0,3.6666666666666665,-1.4729200911310247
non_epidemic_shock,Weekly + non-epidemic mortality shock,20960821,3,4,3,100.0,0,1,5.0,-9.0,2.7819539626747325
non_epidemic_shock,Weekly + non-epidemic mortality shock,20960822,3,4,3,100.0,0,1,16.0,3.6666666666666665,0.5888140804418907
non_epidemic_shock,Weekly + non-epidemic mortality shock,20960823,3,3,2,66.66666666666667,1,1,13.0,13.0,1.3859306037919739
non_epidemic_shock,Weekly + non-epidemic mortality shock,20960824,3,3,3,100.0,1,0,4.0,0.3333333333333333,3.800272840749064
non_epidemic_shock,Weekly + non-epidemic mortality shock,20960825,3,4,3,100.0,0,1,10.0,1.0,2.3305320367562166
non_epidemic_shock,Weekly + non-epidemic mortality shock,20960826,3,4,3,100.0,0,1,7.0,5.666666666666667,-0.334901380102659
non_epidemic_shock,Weekly + non-epidemic mortality shock,20960827,3,4,3,100.0,0,1,4.0,0.3333333333333333,2.4134112771896366
non_epidemic_shock,Weekly + non-epidemic mortality shock,20960828,3,3,2,66.66666666666667,1,1,16.0,16.0,0.8891931832043287
non_epidemic_shock,Weekly + non-epidemic mortality shock,20960829,3,3,2,66.66666666666667,1,1,0.5,-0.5,2.697618402516899
non_epidemic_shock,Weekly + non-epidemic mortality shock,20960830,3,4,3,100.0,0,1,2.0,2.6666666666666665,4.551524188411005
non_epidemic_shock,Weekly + non-epidemic mortality shock,20960831,3,3,3,100.0,1,0,4.0,-4.666666666666667,5.116626312019479
non_epidemic_shock,Weekly + non-epidemic mortality shock,20960832,3,4,3,100.0,0,1,10.0,-4.333333333333333,3.205936608752502
non_epidemic_shock,Weekly + non-epidemic mortality shock,20960833,3,4,3,100.0,0,1,10.0,10.0,3.4311405534998007
non_epidemic_shock,Weekly + non-epidemic mortality shock,20960834,3,3,2,66.66666666666667,1,1,17.0,10.0,3.8579602828833215
non_epidemic_shock,Weekly + non-epidemic mortality shock,20960835,3,3,2,66.66666666666667,1,1,17.0,17.0,4.158844831817432
non_epidemic_shock,Weekly + non-epidemic mortality shock,20960836,3,3,3,100.0,1,0,1.0,-2.3333333333333335,5.675553545943357
non_epidemic_shock,Weekly + non-epidemic mortality shock,20960837,3,4,3,100.0,0,1,15.0,0.6666666666666666,2.115889386402081
non_epidemic_shock,Weekly + non-epidemic mortality shock,20960838,3,4,3,100.0,0,1,6.0,3.0,4.180376515365336
non_epidemic_shock,Weekly + non-epidemic mortality shock,20960839,3,4,3,100.0,0,1,6.0,8.0,6.694634265870758
non_epidemic_shock,Weekly + non-epidemic mortality shock,20960840,3,4,3,100.0,0,1,15.0,2.0,5.411254675089805
non_epidemic_shock,Weekly + non-epidemic mortality shock,20960841,3,4,3,100.0,0,1,10.0,-3.6666666666666665,1.6568654681148542
non_epidemic_shock,Weekly + non-epidemic mortality shock,20960842,3,4,3,100.0,0,1,6.0,-6.0,5.910975429463927
non_epidemic_shock,Weekly + non-epidemic mortality shock,20960843,3,5,3,100.0,0,2,4.0,-7.666666666666667,4.028655251791946
non_epidemic_shock,Weekly + non-epidemic mortality shock,20960844,3,3,2,66.66666666666667,1,1,11.5,11.5,5.311128583886293
non_epidemic_shock,Weekly + non-epidemic mortality shock,20960845,3,4,3,100.0,0,1,2.0,12.333333333333334,2.312666187629775
non_epidemic_shock,Weekly + non-epidemic mortality shock,20960846,3,4,3,100.0,0,1,17.0,-8.333333333333334,3.9405261277424275
non_epidemic_shock,Weekly + non-epidemic mortality shock,20960847,3,4,3,100.0,0,1,3.0,-4.0,3.410641253090385
non_epidemic_shock,Weekly + non-epidemic mortality shock,20960848,3,4,3,100.0,0,1,4.0,-6.0,1.9490903784241231
non_epidemic_shock,Weekly + non-epidemic mortality shock,20960849,3,4,3,100.0,0,1,7.0,-0.3333333333333333,7.407006087765322
non_epidemic_shock,Weekly + non-epidemic mortality shock,20960850,3,3,3,100.0,1,0,6.0,10.333333333333334,3.2749704146326275
non_epidemic_shock,Weekly + non-epidemic mortality shock,20960851,3,4,3,100.0,0,1,10.0,-7.666666666666667,-1.511452376241118
non_epidemic_shock,Weekly + non-epidemic mortality shock,20960852,3,3,3,100.0,1,0,3.0,10.333333333333334,1.1711562944843878
non_epidemic_shock,Weekly + non-epidemic mortality shock,20960853,3,3,3,100.0,1,0,16.0,13.666666666666666,1.2818482703343959
non_epidemic_shock,Weekly + non-epidemic mortality shock,20960854,3,4,3,100.0,0,1,19.0,0.0,1.7433198971601227
non_epidemic_shock,Weekly + non-epidemic mortality shock,20960855,3,3,3,100.0,1,0,7.0,14.333333333333334,-0.1933309406654482
non_epidemic_shock,Weekly + non-epidemic mortality shock,20960856,3,4,3,100.0,0,1,4.0,-9.0,4.959089932981664
non_epidemic_shock,Weekly + non-epidemic mortality shock,20960857,3,4,3,100.0,0,1,17.0,16.333333333333332,0.24235997502182194
non_epidemic_shock,Weekly + non-epidemic mortality shock,20960858,3,3,3,100.0,1,0,4.0,6.666666666666667,0.9749536943981507
non_epidemic_shock,Weekly + non-epidemic mortality shock,20960859,3,3,3,100.0,1,0,8.0,-0.6666666666666666,4.695721705479428
non_epidemic_shock,Weekly + non-epidemic mortality shock,20960860,3,4,3,100.0,0,1,10.0,-2.0,7.152228148816375
non_epidemic_shock,Weekly + non-epidemic mortality shock,20960861,3,4,3,100.0,0,1,9.0,2.0,2.4644185837579657
non_epidemic_shock,Weekly + non-epidemic mortality shock,20960862,3,4,3,100.0,0,1,11.0,-6.0,3.6358444638915577
non_epidemic_shock,Weekly + non-epidemic mortality shock,20960863,3,3,2,66.66666666666667,1,1,10.0,10.0,3.2102636278481977
non_epidemic_shock,Weekly + non-epidemic mortality shock,20960864,3,4,3,100.0,0,1,2.0,-4.333333333333333,-0.07895819315747454
non_epidemic_shock,Weekly + non-epidemic mortality shock,20960865,3,3,2,66.66666666666667,1,1,3.5,3.5,6.228902325487806
non_epidemic_shock,Weekly + non-epidemic mortality shock,20960866,3,4,3,100.0,0,1,4.0,-6.666666666666667,1.1246508439037184
non_epidemic_shock,Weekly + non-epidemic mortality shock,20960867,3,3,3,100.0,1,0,9.0,2.3333333333333335,5.592487844429184
non_epidemic_shock,Weekly + non-epidemic mortality shock,20960868,3,4,3,100.0,0,1,2.0,5.333333333333333,2.285970311414931
non_epidemic_shock,Weekly + non-epidemic mortality shock,20960869,3,4,3,100.0,0,1,6.0,-1.3333333333333333,4.552308085240919
non_epidemic_shock,Weekly + non-epidemic mortality shock,20960870,3,3,3,100.0,1,0,7.0,13.666666666666666,3.9756774854891486
non_epidemic_shock,Weekly + non-epidemic mortality shock,20960871,3,4,3,100.0,0,1,14.0,6.666666666666667,0.32664864021720863
non_epidemic_shock,Weekly + non-epidemic mortality shock,20960872,3,3,2,66.66666666666667,1,1,14.0,11.0,3.772290809782408
non_epidemic_shock,Weekly + non-epidemic mortality shock,20960873,3,3,2,66.66666666666667,1,1,13.5,13.5,3.675049316253909
non_epidemic_shock,Weekly + non-epidemic mortality shock,20960874,3,4,3,100.0,0,1,18.0,12.666666666666666,4.975416071272698
non_epidemic_shock,Weekly + non-epidemic mortality shock,20960875,3,3,3,100.0,1,0,10.0,9.333333333333334,2.9626188833999922
non_epidemic_shock,Weekly + non-epidemic mortality shock,20960876,3,3,3,100.0,1,0,5.0,-0.3333333333333333,3.314906089617242
non_epidemic_shock,Weekly + non-epidemic mortality shock,20960877,3,4,3,100.0,0,1,10.0,2.6666666666666665,2.6541945765417907
non_epidemic_shock,Weekly + non-epidemic mortality shock,20960878,3,4,3,100.0,0,1,2.0,3.0,4.495186042289445
non_epidemic_shock,Weekly + non-epidemic mortality shock,20960879,3,3,3,100.0,1,0,6.0,7.333333333333333,1.5201814170865635
non_epidemic_shock,Weekly + non-epidemic mortality shock,20960880,3,3,2,66.66666666666667,1,1,6.0,3.0,1.4401132754776835
non_epidemic_shock,Weekly + non-epidemic mortality shock,20960881,3,3,3,100.0,1,0,21.0,16.333333333333332,3.4211248890657853
non_epidemic_shock,Weekly + non-epidemic mortality shock,20960882,3,4,3,100.0,0,1,13.0,7.666666666666667,3.1945153069542487
non_epidemic_shock,Weekly + non-epidemic mortality shock,20960883,3,4,3,100.0,0,1,9.0,-3.6666666666666665,5.905308843164958
non_epidemic_shock,Weekly + non-epidemic mortality shock,20960884,3,4,3,100.0,0,1,13.0,4.333333333333333,2.0076470869705876
non_epidemic_shock,Weekly + non-epidemic mortality shock,20960885,3,3,3,100.0,1,0,10.0,6.666666666666667,3.9046729241320355
non_epidemic_shock,Weekly + non-epidemic mortality shock,20960886,3,3,2,66.66666666666667,1,1,19.5,19.5,5.060147753473432
non_epidemic_shock,Weekly + non-epidemic mortality shock,20960887,3,4,3,100.0,0,1,5.0,-5.0,3.457518235013035
non_epidemic_shock,Weekly + non-epidemic mortality shock,20960888,3,4,3,100.0,0,1,5.0,-2.6666666666666665,-1.59232900339088
non_epidemic_shock,Weekly + non-epidemic mortality shock,20960889,3,4,3,100.0,0,1,14.0,9.0,6.240839650727259
non_epidemic_shock,Weekly + non-epidemic mortality shock,20960890,3,3,2,66.66666666666667,1,1,15.5,15.5,2.0509151023660577
non_epidemic_shock,Weekly + non-epidemic mortality shock,20960891,3,3,3,100.0,1,0,2.0,-3.6666666666666665,2.180915464708111
non_epidemic_shock,Weekly + non-epidemic mortality shock,20960892,3,3,3,100.0,1,0,11.0,14.0,2.645882769838237
non_epidemic_shock,Weekly + non-epidemic mortality shock,20960893,3,4,3,100.0,0,1,16.0,-3.0,4.2743066918151
non_epidemic_shock,Weekly + non-epidemic mortality shock,20960894,3,3,3,100.0,1,0,4.0,-0.6666666666666666,8.89944147720585
non_epidemic_shock,Weekly + non-epidemic mortality shock,20960895,3,4,3,100.0,0,1,13.0,9.333333333333334,0.5217114205545714
non_epidemic_shock,Weekly + non-epidemic mortality shock,20960896,3,3,3,100.0,1,0,6.0,-0.3333333333333333,8.76048672405747
non_epidemic_shock,Weekly + non-epidemic mortality shock,20960897,3,3,2,66.66666666666667,1,1,5.0,-4.0,1.2920304119007575
non_epidemic_shock,Weekly + non-epidemic mortality shock,20960898,3,3,3,100.0,1,0,16.0,8.666666666666666,3.128241212338456
non_epidemic_shock,Weekly + non-epidemic mortality shock,20960899,3,4,3,100.0,0,1,6.0,-4.0,2.851913774431014
non_epidemic_shock,Weekly + non-epidemic mortality shock,20960900,3,3,3,100.0,1,0,5.0,7.666666666666667,0.7710112029689853
non_epidemic_shock,Weekly + non-epidemic mortality shock,20960901,3,3,2,66.66666666666667,1,1,21.5,17.5,1.6955923143996188
non_epidemic_shock,Weekly + non-epidemic mortality shock,20960902,3,3,3,100.0,1,0,9.0,10.0,1.767732385781895
non_epidemic_shock,Weekly + non-epidemic mortality shock,20960903,3,4,3,100.0,0,1,14.0,12.0,-4.432028366871665
non_epidemic_shock,Weekly + non-epidemic mortality shock,20960904,3,4,3,100.0,0,1,10.0,-10.666666666666666,1.4362599811262866
non_epidemic_shock,Weekly + non-epidemic mortality shock,20960905,3,4,3,100.0,0,1,5.0,2.6666666666666665,1.9946492493441825
non_epidemic_shock,Weekly + non-epidemic mortality shock,20960906,3,4,3,100.0,0,1,23.0,3.0,0.804538769864882
non_epidemic_shock,Weekly + non-epidemic mortality shock,20960907,3,4,3,100.0,0,1,15.0,-2.6666666666666665,-1.0118621620034518
non_epidemic_shock,Weekly + non-epidemic mortality shock,20960908,3,3,3,100.0,1,0,5.0,4.666666666666667,1.12587944616227
non_epidemic_shock,Weekly + non-epidemic mortality shock,20960909,3,3,3,100.0,1,0,10.0,10.333333333333334,2.7854309479133033
non_epidemic_shock,Weekly + non-epidemic mortality shock,20960910,3,4,3,100.0,0,1,10.0,1.3333333333333333,-2.1082836403357286
non_epidemic_shock,Weekly + non-epidemic mortality shock,20960911,3,4,3,100.0,0,1,4.0,4.0,5.705004179219597
non_epidemic_shock,Weekly + non-epidemic mortality shock,20960912,3,3,3,100.0,1,0,15.0,12.333333333333334,2.1038213213543377
non_epidemic_shock,Weekly + non-epidemic mortality shock,20960913,3,5,3,100.0,0,2,23.0,-3.6666666666666665,2.6596541372075455
non_epidemic_shock,Weekly + non-epidemic mortality shock,20960914,3,4,3,100.0,0,1,19.0,11.333333333333334,-1.0957501599594521
non_epidemic_shock,Weekly + non-epidemic mortality shock,20960915,3,4,3,100.0,0,1,8.0,5.333333333333333,0.16402055177411334
non_epidemic_shock,Weekly + non-epidemic mortality shock,20960916,3,3,2,66.66666666666667,1,1,27.5,27.5,7.0452104539580285
non_epidemic_shock,Weekly + non-epidemic mortality shock,20960917,3,4,3,100.0,0,1,15.0,1.0,6.052509955476082
non_epidemic_shock,Weekly + non-epidemic mortality shock,20960918,3,3,3,100.0,1,0,3.0,4.333333333333333,0.19075390838667605
non_epidemic_shock,Weekly + non-epidemic mortality shock,20960919,3,3,2,66.66666666666667,1,1,8.5,-8.5,5.266058905640025
non_epidemic_shock,Weekly + non-epidemic mortality shock,20960920,3,4,3,100.0,0,1,8.0,-6.666666666666667,5.258915815005194
non_epidemic_shock,Weekly + non-epidemic mortality shock,20960921,3,3,3,100.0,1,0,7.0,4.666666666666667,0.9292060027438431
non_epidemic_shock,Weekly + non-epidemic mortality shock,20960922,3,3,3,100.0,1,0,2.0,7.666666666666667,3.96951988493488
non_epidemic_shock,Weekly + non-epidemic mortality shock,20960923,3,4,3,100.0,0,1,7.0,-6.666666666666667,2.1433374128310145
non_epidemic_shock,Weekly + non-epidemic mortality shock,20960924,3,4,3,100.0,0,1,8.0,2.6666666666666665,0.5579001482202584
non_epidemic_shock,Weekly + non-epidemic mortality shock,20960925,3,3,3,100.0,1,0,17.0,13.666666666666666,-4.723127861378906
non_epidemic_shock,Weekly + non-epidemic mortality shock,20960926,3,4,3,100.0,0,1,18.0,2.6666666666666665,1.8102189332037444
non_epidemic_shock,Weekly + non-epidemic mortality shock,20960927,3,4,3,100.0,0,1,3.0,-3.0,2.8082780317062017
non_epidemic_shock,Weekly + non-epidemic mortality shock,20960928,3,3,3,100.0,1,0,11.0,1.6666666666666667,2.9992330733081607
non_epidemic_shock,Weekly + non-epidemic mortality shock,20960929,3,4,3,100.0,0,1,10.0,-8.333333333333334,1.3459274510909225
non_epidemic_shock,Weekly + non-epidemic mortality shock,20960930,3,4,3,100.0,0,1,20.0,-2.0,4.720093682840143
non_epidemic_shock,Weekly + non-epidemic mortality shock,20960931,3,4,3,100.0,0,1,11.0,10.333333333333334,1.9839732698679002
non_epidemic_shock,Weekly + non-epidemic mortality shock,20960932,3,3,2,66.66666666666667,1,1,5.0,-5.0,-0.053375851141312936
non_epidemic_shock,Weekly + non-epidemic mortality shock,20960933,3,4,3,100.0,0,1,30.0,-1.0,4.282433979689992
non_epidemic_shock,Weekly + non-epidemic mortality shock,20960934,3,4,3,100.0,0,1,4.0,0.3333333333333333,1.6481029716663542
non_epidemic_shock,Weekly + non-epidemic mortality shock,20960935,3,4,3,100.0,0,1,13.0,11.0,3.6122047343333685
non_epidemic_shock,Weekly + non-epidemic mortality shock,20960936,3,3,3,100.0,1,0,13.0,10.666666666666666,3.0547679361797586
non_epidemic_shock,Weekly + non-epidemic mortality shock,20960937,3,4,3,100.0,0,1,9.0,-11.0,0.44483686103196085
non_epidemic_shock,Weekly + non-epidemic mortality shock,20960938,3,4,3,100.0,0,1,4.0,-0.3333333333333333,4.561959340774302
non_epidemic_shock,Weekly + non-epidemic mortality shock,20960939,3,5,3,100.0,0,2,19.0,3.3333333333333335,4.920383144309448
non_epidemic_shock,Weekly + non-epidemic mortality shock,20960940,3,3,3,100.0,1,0,15.0,-0.3333333333333333,5.071823438479273
non_epidemic_shock,Weekly + non-epidemic mortality shock,20960941,3,4,3,100.0,0,1,7.0,-7.666666666666667,1.1750213976692958
non_epidemic_shock,Weekly + non-epidemic mortality shock,20960942,3,3,3,100.0,1,0,9.0,2.3333333333333335,0.813190816264342
non_epidemic_shock,Weekly + non-epidemic mortality shock,20960943,3,3,3,100.0,1,0,4.0,3.6666666666666665,2.7452050018714758
non_epidemic_shock,Weekly + non-epidemic mortality shock,20960944,3,4,3,100.0,0,1,4.0,6.0,5.204567775267144
non_epidemic_shock,Weekly + non-epidemic mortality shock,20960945,3,4,3,100.0,0,1,25.0,0.0,3.9016385212174987
non_epidemic_shock,Weekly + non-epidemic mortality shock,20960946,3,4,3,100.0,0,1,6.0,2.0,3.4558964809370485
non_epidemic_shock,Weekly + non-epidemic mortality shock,20960947,3,4,3,100.0,0,1,14.0,7.0,3.693465339445412
non_epidemic_shock,Weekly + non-epidemic mortality shock,20960948,3,4,3,100.0,0,1,5.0,10.333333333333334,1.657772029217175
non_epidemic_shock,Weekly + non-epidemic mortality shock,20960949,3,4,3,100.0,0,1,5.0,-4.333333333333333,-0.20938853194875096
non_epidemic_shock,Weekly + non-epidemic mortality shock,20960950,3,3,3,100.0,1,0,14.0,3.0,6.121126655930786
non_epidemic_shock,Weekly + non-epidemic mortality shock,20960951,3,4,2,66.66666666666667,0,2,11.5,-5.5,-1.3017094634957371
non_epidemic_shock,Weekly + non-epidemic mortality shock,20960952,3,4,3,100.0,0,1,14.0,11.0,7.084139497079445
non_epidemic_shock,Weekly + non-epidemic mortality shock,20960953,3,3,3,100.0,1,0,4.0,3.6666666666666665,0.6906140185227283
non_epidemic_shock,Weekly + non-epidemic mortality shock,20960954,3,4,3,100.0,0,1,10.0,-2.6666666666666665,3.8471942828900207
non_epidemic_shock,Weekly + non-epidemic mortality shock,20960955,3,4,3,100.0,0,1,24.0,13.333333333333334,0.3498825959617591
non_epidemic_shock,Weekly + non-epidemic mortality shock,20960956,3,4,3,100.0,0,1,15.0,-2.0,2.653962759220496
non_epidemic_shock,Weekly + non-epidemic mortality shock,20960957,3,3,3,100.0,1,0,6.0,-4.0,5.268546957195364
non_epidemic_shock,Weekly + non-epidemic mortality shock,20960958,3,4,3,100.0,0,1,7.0,-0.3333333333333333,6.286006712263381
non_epidemic_shock,Weekly + non-epidemic mortality shock,20960959,3,3,3,100.0,1,0,1.0,-2.6666666666666665,5.629461999017127
non_epidemic_shock,Weekly + non-epidemic mortality shock,20960960,3,4,3,100.0,0,1,11.0,1.3333333333333333,3.346406241613309
non_epidemic_shock,Weekly + non-epidemic mortality shock,20960961,3,3,3,100.0,1,0,10.0,12.0,5.081992269432467
non_epidemic_shock,Weekly + non-epidemic mortality shock,20960962,3,3,2,66.66666666666667,1,1,11.5,11.5,-2.1605774082921414
non_epidemic_shock,Weekly + non-epidemic mortality shock,20960963,3,4,3,100.0,0,1,34.0,20.0,5.193002977732042
non_epidemic_shock,Weekly + non-epidemic mortality shock,20960964,3,4,3,100.0,0,1,14.0,-6.0,4.684950913869246
non_epidemic_shock,Weekly + non-epidemic mortality shock,20960965,3,4,3,100.0,0,1,5.0,3.0,3.8554879574506318
non_epidemic_shock,Weekly + non-epidemic mortality shock,20960966,3,3,3,100.0,1,0,5.0,-2.0,5.650967214683766
non_epidemic_shock,Weekly + non-epidemic mortality shock,20960967,3,4,3,100.0,0,1,19.0,2.3333333333333335,6.069789649282353
non_epidemic_shock,Weekly + non-epidemic mortality shock,20960968,3,4,3,100.0,0,1,25.0,8.666666666666666,2.6094627091444167
non_epidemic_shock,Weekly + non-epidemic mortality shock,20960969,3,3,3,100.0,1,0,10.0,5.666666666666667,5.704753002479879
non_epidemic_shock,Weekly + non-epidemic mortality shock,20960970,3,3,3,100.0,1,0,1.0,-1.3333333333333333,0.9362268982894273
non_epidemic_shock,Weekly + non-epidemic mortality shock,20960971,3,4,3,100.0,0,1,12.0,1.3333333333333333,4.405435529547419
non_epidemic_shock,Weekly + non-epidemic mortality shock,20960972,3,3,3,100.0,1,0,3.0,1.3333333333333333,2.4653157033171613
non_epidemic_shock,Weekly + non-epidemic mortality shock,20960973,3,4,3,100.0,0,1,13.0,-7.666666666666667,0.727140208309196
non_epidemic_shock,Weekly + non-epidemic mortality shock,20960974,3,4,3,100.0,0,1,7.0,11.0,-3.91418787733393
non_epidemic_shock,Weekly + non-epidemic mortality shock,20960975,3,4,3,100.0,0,1,15.0,-13.0,-2.362971659883639
non_epidemic_shock,Weekly + non-epidemic mortality shock,20960976,3,4,3,100.0,0,1,4.0,-1.6666666666666667,4.737558603429082
non_epidemic_shock,Weekly + non-epidemic mortality shock,20960977,3,4,3,100.0,0,1,26.0,16.0,-4.583333718923377
non_epidemic_shock,Weekly + non-epidemic mortality shock,20960978,3,4,3,100.0,0,1,4.0,0.6666666666666666,1.6492406996855502
non_epidemic_shock,Weekly + non-epidemic mortality shock,20960979,3,4,3,100.0,0,1,17.0,-6.0,2.309246659603903
non_epidemic_shock,Weekly + non-epidemic mortality shock,20960980,3,4,3,100.0,0,1,12.0,-11.333333333333334,10.772620463556382
non_epidemic_shock,Weekly + non-epidemic mortality shock,20960981,3,3,2,66.66666666666667,1,1,10.0,10.0,4.354286851900557
non_epidemic_shock,Weekly + non-epidemic mortality shock,20960982,3,4,3,100.0,0,1,6.0,-2.6666666666666665,3.774350951684813
non_epidemic_shock,Weekly + non-epidemic mortality shock,20960983,3,3,3,100.0,1,0,4.0,-3.0,2.4366569244979708
non_epidemic_shock,Weekly + non-epidemic mortality shock,20960984,3,4,2,66.66666666666667,0,2,16.0,-5.0,4.730238121174257
non_epidemic_shock,Weekly + non-epidemic mortality shock,20960985,3,4,3,100.0,0,1,12.0,1.0,3.6116753267954715
non_epidemic_shock,Weekly + non-epidemic mortality shock,20960986,3,3,3,100.0,1,0,14.0,8.0,3.891597298536009
non_epidemic_shock,Weekly + non-epidemic mortality shock,20960987,3,3,3,100.0,1,0,16.0,1.6666666666666667,-0.7126884264597289
non_epidemic_shock,Weekly + non-epidemic mortality shock,20960988,3,4,3,100.0,0,1,10.0,-3.3333333333333335,4.033669792050998
non_epidemic_shock,Weekly + non-epidemic mortality shock,20960989,3,5,3,100.0,0,2,13.0,-13.666666666666666,1.5090463914184893
non_epidemic_shock,Weekly + non-epidemic mortality shock,20960990,3,3,3,100.0,1,0,10.0,1.0,1.9757664639504569
non_epidemic_shock,Weekly + non-epidemic mortality shock,20960991,3,4,3,100.0,0,1,12.0,-1.3333333333333333,5.580934653235237
non_epidemic_shock,Weekly + non-epidemic mortality shock,20960992,3,3,2,66.66666666666667,1,1,7.5,-0.5,0.573996452042036
non_epidemic_shock,Weekly + non-epidemic mortality shock,20960993,3,4,3,100.0,0,1,5.0,-3.0,4.476121939895972
non_epidemic_shock,Weekly + non-epidemic mortality shock,20960994,3,4,3,100.0,0,1,20.0,-3.0,4.6813266276781285
non_epidemic_shock,Weekly + non-epidemic mortality shock,20960995,3,4,3,100.0,0,1,8.0,-7.333333333333333,4.035633312773568
non_epidemic_shock,Weekly + non-epidemic mortality shock,20960996,3,3,2,66.66666666666667,1,1,14.5,10.5,2.785528626620626
non_epidemic_shock,Weekly + non-epidemic mortality shock,20960997,3,4,3,100.0,0,1,6.0,-5.666666666666667,8.27694720810712
non_epidemic_shock,Weekly + non-epidemic mortality shock,20960998,3,4,3,100.0,0,1,16.0,-2.0,2.768128296273953
non_epidemic_shock,Weekly + non-epidemic mortality shock,20960999,3,3,3,100.0,1,0,5.0,0.6666666666666666,-1.642642558124574
non_epidemic_shock,Weekly + non-epidemic mortality shock,20961000,3,4,3,100.0,0,1,6.0,-9.333333333333334,5.267884174147364
non_epidemic_shock,Weekly + non-epidemic mortality shock,20961001,3,4,3,100.0,0,1,6.0,-4.0,3.741593815814581
non_epidemic_shock,Weekly + non-epidemic mortality shock,20961002,3,4,3,100.0,0,1,22.0,15.333333333333334,4.085830697679826
non_epidemic_shock,Weekly + non-epidemic mortality shock,20961003,3,3,3,100.0,1,0,12.0,13.0,0.3287597169615353
non_epidemic_shock,Weekly + non-epidemic mortality shock,20961004,3,3,3,100.0,1,0,9.0,7.333333333333333,2.846363308692168
non_epidemic_shock,Weekly + non-epidemic mortality shock,20961005,3,3,3,100.0,1,0,2.0,-2.0,0.46816198520016616
non_epidemic_shock,Weekly + non-epidemic mortality shock,20961006,3,3,3,100.0,1,0,20.0,17.0,1.2132067521329448
non_epidemic_shock,Weekly + non-epidemic mortality shock,20961007,3,3,3,100.0,1,0,18.0,19.333333333333332,2.5127646709557583
non_epidemic_shock,Weekly + non-epidemic mortality shock,20961008,3,4,3,100.0,0,1,20.0,-2.0,3.6497578337440606
non_epidemic_shock,Weekly + non-epidemic mortality shock,20961009,3,4,3,100.0,0,1,13.0,1.6666666666666667,1.6366609302593593
non_epidemic_shock,Weekly + non-epidemic mortality shock,20961010,3,3,3,100.0,1,0,1.0,1.0,4.3086329826887315
non_epidemic_shock,Weekly + non-epidemic mortality shock,20961011,3,3,3,100.0,1,0,10.0,11.333333333333334,4.3681624093242055
non_epidemic_shock,Weekly + non-epidemic mortality shock,20961012,3,4,3,100.0,0,1,6.0,-9.666666666666666,0.2473713107403963
non_epidemic_shock,Weekly + non-epidemic mortality shock,20961013,3,4,3,100.0,0,1,5.0,-6.0,2.4991829458305803
non_epidemic_shock,Weekly + non-epidemic mortality shock,20961014,3,3,3,100.0,1,0,11.0,14.666666666666666,5.802440644884688
non_epidemic_shock,Weekly + non-epidemic mortality shock,20961015,3,3,3,100.0,1,0,5.0,5.333333333333333,0.24406306946969103
non_epidemic_shock,Weekly + non-epidemic mortality shock,20961016,3,4,3,100.0,0,1,15.0,-16.333333333333332,2.265750368231778
non_epidemic_shock,Weekly + non-epidemic mortality shock,20961017,3,4,3,100.0,0,1,6.0,11.333333333333334,0.9924151681540039
non_epidemic_shock,Weekly + non-epidemic mortality shock,20961018,3,4,3,100.0,0,1,7.0,6.333333333333333,3.072404026737363
non_epidemic_shock,Weekly + non-epidemic mortality shock,20961019,3,4,3,100.0,0,1,4.0,-1.3333333333333333,3.240516975762664
non_epidemic_shock,Weekly + non-epidemic mortality shock,20961020,3,3,3,100.0,1,0,11.0,6.666666666666667,0.9714262059526302
non_epidemic_shock,Weekly + non-epidemic mortality shock,20961021,3,4,3,100.0,0,1,5.0,4.0,-0.2437133515118206
non_epidemic_shock,Weekly + non-epidemic mortality shock,20961022,3,3,3,100.0,1,0,12.0,12.333333333333334,0.6930199383681002
non_epidemic_shock,Weekly + non-epidemic mortality shock,20961023,3,4,3,100.0,0,1,18.0,7.0,3.977842491567718
non_epidemic_shock,Weekly + non-epidemic mortality shock,20961024,3,4,3,100.0,0,1,23.0,13.0,-0.7267181606940953
non_epidemic_shock,Weekly + non-epidemic mortality shock,20961025,3,4,3,100.0,0,1,14.0,2.3333333333333335,3.17201687366917
non_epidemic_shock,Weekly + non-epidemic mortality shock,20961026,3,3,3,100.0,1,0,15.0,9.0,2.5889590641815285
non_epidemic_shock,Weekly + non-epidemic mortality shock,20961027,3,5,3,100.0,0,2,5.0,-4.333333333333333,7.381446271459868
non_epidemic_shock,Weekly + non-epidemic mortality shock,20961028,3,4,3,100.0,0,1,2.0,1.0,3.283763997600353
non_epidemic_shock,Weekly + non-epidemic mortality shock,20961029,3,4,3,100.0,0,1,10.0,-6.0,3.5645806954532233
non_epidemic_shock,Weekly + non-epidemic mortality shock,20961030,3,4,3,100.0,0,1,7.0,-1.3333333333333333,2.2444669748507007
non_epidemic_shock,Weekly + non-epidemic mortality shock,20961031,3,4,3,100.0,0,1,24.0,15.666666666666666,2.9130183553019995
non_epidemic_shock,Weekly + non-epidemic mortality shock,20961032,3,3,3,100.0,1,0,7.0,0.6666666666666666,6.8284064418597135
non_epidemic_shock,Weekly + non-epidemic mortality shock,20961033,3,4,3,100.0,0,1,4.0,-5.333333333333333,6.751569165277371
non_epidemic_shock,Weekly + non-epidemic mortality shock,20961034,3,3,3,100.0,1,0,9.0,7.333333333333333,4.461169724777259
non_epidemic_shock,Weekly + non-epidemic mortality shock,20961035,3,3,2,66.66666666666667,1,1,4.0,0.0,1.3026041178131331
non_epidemic_shock,Weekly + non-epidemic mortality shock,20961036,3,3,2,66.66666666666667,1,1,13.0,5.0,6.769660748520501
non_epidemic_shock,Weekly + non-epidemic mortality shock,20961037,3,3,3,100.0,1,0,20.0,16.666666666666668,1.750692994539671
non_epidemic_shock,Weekly + non-epidemic mortality shock,20961038,3,4,3,100.0,0,1,7.0,1.3333333333333333,-2.7884337055051778
non_epidemic_shock,Weekly + non-epidemic mortality shock,20961039,3,4,3,100.0,0,1,13.0,10.333333333333334,8.133648802553385
non_epidemic_shock,Weekly + non-epidemic mortality shock,20961040,3,3,3,100.0,1,0,5.0,8.666666666666666,6.67325674743553
non_epidemic_shock,Weekly + non-epidemic mortality shock,20961041,3,4,3,100.0,0,1,14.0,3.3333333333333335,6.215555264541739
non_epidemic_shock,Weekly + non-epidemic mortality shock,20961042,3,3,3,100.0,1,0,14.0,17.666666666666668,2.6570397170869287
non_epidemic_shock,Weekly + non-epidemic mortality shock,20961043,3,3,3,100.0,1,0,17.0,-5.333333333333333,1.1356471860649142
non_epidemic_shock,Weekly + non-epidemic mortality shock,20961044,3,3,3,100.0,1,0,9.0,9.666666666666666,3.813769595135952
non_epidemic_shock,Weekly + non-epidemic mortality shock,20961045,3,3,3,100.0,1,0,2.0,4.0,2.5188543154868404
non_epidemic_shock,Weekly + non-epidemic mortality shock,20961046,3,4,3,100.0,0,1,28.0,17.0,-0.17752101194254966
non_epidemic_shock,Weekly + non-epidemic mortality shock,20961047,3,3,2,66.66666666666667,1,1,24.5,12.5,3.8268058170033203
non_epidemic_shock,Weekly + non-epidemic mortality shock,20961048,3,4,3,100.0,0,1,24.0,5.333333333333333,5.024449931684383
non_epidemic_shock,Weekly + non-epidemic mortality shock,20961049,3,3,3,100.0,1,0,3.0,13.0,-1.0042796467286563
non_epidemic_shock,Weekly + non-epidemic mortality shock,20961050,3,3,3,100.0,1,0,17.0,4.666666666666667,4.898228429267393
non_epidemic_shock,Weekly + non-epidemic mortality shock,20961051,3,4,3,100.0,0,1,17.0,2.6666666666666665,-0.25695325405434843
non_epidemic_shock,Weekly + non-epidemic mortality shock,20961052,3,4,3,100.0,0,1,9.0,-5.333333333333333,-0.9798795545620242
non_epidemic_shock,Weekly + non-epidemic mortality shock,20961053,3,3,3,100.0,1,0,10.0,2.6666666666666665,-1.0822669893073678
non_epidemic_shock,Weekly + non-epidemic mortality shock,20961054,3,3,3,100.0,1,0,14.0,19.0,-0.032646607810193906
