Country,Scenario,Wave_Number,Wave_Start,Wave_End,Mortality_Time_Unit,Timing_Eligible,Peak_Matched,Peak_Date_Mortality_Timing_Anchor,Peak_Date_Official_Cases,Peak_Lag_Days_Signed,Peak_Lag_Days_Absolute,Official_Peak_Inside_Unbuffered_Wave,Official_Cases,Shifted_Regularized_Excess_Deaths,Tau_Shift_Days,Lambda_H3,Smoothing_Days,Match_Window_Days,Wave_Buffer_Days,Minimum_Anchor_Peak_Per_Million,Official_Prominence_Fraction,Mortality_Anchored_Incidence_primary,Mortality_Anchored_Incidence_moderate_decline,Mortality_Anchored_Incidence_shallow_decline,Mortality_Anchored_Incidence_attenuated_decline,Mortality_Anchored_Incidence_accentuated_decline,Mortality_Anchored_Incidence_constant_0_006,Mortality_Anchored_Incidence_common_scale_0_8,Mortality_Anchored_Incidence_common_scale_1_2,Population,Incidence_Scenario_Min,Incidence_Scenario_Max,Attack_Rate_Min_Pct,Attack_Rate_Max_Pct,Any_Scenario_Above_Population,Any_Scenario_Below_Official_Cases,Resolution_Flag,Phase
Albania,primary,1,2020-02-28,2020-09-07,monthly,False,False,2020-07-28,,,,False,10406.0,1896.0245326858203,20,5000.0,7,42,14,1.0,0.0,180573.76501769715,180573.76501769715,180573.76501769715,225717.2062721215,150478.13751474765,316004.08878097,225717.2062721215,150478.13751474765,2877800.0,150478.13751474765,316004.08878097,5.228929651634847,10.980752268433179,False,False,monthly_descriptive_only,2020
Albania,primary,2,2020-09-07,2020-12-19,monthly,False,False,2020-10-29,,,,False,42287.0,4067.965407156399,20,5000.0,7,42,14,1.0,0.0,387425.27687203797,387425.27687203797,387425.27687203797,484281.59609004756,322854.397393365,677994.2345260665,484281.59609004756,322854.397393365,2877800.0,322854.397393365,677994.2345260665,11.218792042301931,23.559463288834056,False,False,monthly_descriptive_only,2020
Albania,primary,3,2020-12-19,2021-05-04,monthly,False,False,2021-02-01,,,,False,79323.0,4601.517229546538,20,5000.0,7,42,14,1.0,0.0,766919.5382577564,766919.5382577564,766919.5382577564,766919.5382577564,766919.5382577564,766919.5382577564,958649.4228221956,639099.615214797,2877800.0,639099.615214797,958649.4228221956,22.20792324743891,33.31188487115837,False,False,monthly_descriptive_only,2021_pre_omicron
Albania,primary,4,2021-05-04,2021-06-27,monthly,False,False,2021-05-24,,,,False,1236.0,261.37436869122223,20,5000.0,7,42,14,1.0,0.0,43562.39478187037,43562.39478187037,43562.39478187037,43562.39478187037,43562.39478187037,43562.39478187037,54452.99347733797,36301.995651558645,2877800.0,36301.995651558645,54452.99347733797,1.2614495674320192,1.892174351148029,False,False,monthly_descriptive_only,2021_pre_omicron
Albania,primary,5,2021-06-27,2021-11-22,monthly,False,False,2021-09-03,,,,False,64102.0,3289.8611915474457,20,5000.0,7,42,14,1.0,0.0,548310.1985912409,548310.1985912409,548310.1985912409,548310.1985912409,548310.1985912409,548310.1985912409,685387.7482390512,456925.1654927008,2877800.0,456925.1654927008,685387.7482390512,15.8775858465738,23.8163787698607,False,False,monthly_descriptive_only,2021_pre_omicron
Albania,primary,6,2021-11-22,2022-04-06,monthly,False,False,2022-01-14,,,,False,78067.0,2224.331024184826,20,5000.0,7,42,14,1.0,0.0,2224331.0241848263,1112165.5120924131,741443.6747282754,1853609.1868206887,2780413.7802310325,370721.8373641377,2780413.7802310325,1853609.1868206887,2877800.0,370721.8373641377,2780413.7802310325,12.882126532911867,96.61594899683898,False,False,monthly_descriptive_only,omicron_era
Albania,primary,7,2022-04-06,2022-09-04,monthly,False,False,2022-07-09,,,,False,56193.0,473.4918703640392,20,5000.0,7,42,14,1.0,0.0,473491.8703640392,236745.9351820196,157830.62345467974,394576.55863669934,591864.837955049,78915.31172733987,591864.837955049,394576.55863669934,2877800.0,78915.31172733987,591864.837955049,2.7422097340795006,20.566573005596254,False,False,monthly_descriptive_only,omicron_era
Algeria,primary,1,2020-04-28,2020-09-11,monthly,False,False,2020-06-28,,,,False,44235.0,36939.119818277904,20,5000.0,7,42,14,1.0,0.0,3518011.411264562,3518011.411264562,3518011.411264562,4397514.264080703,2931676.176053802,6156519.969712984,4397514.264080703,2931676.176053802,43851043.0,2931676.176053802,6156519.969712984,6.685533514114594,14.039620379640647,False,False,monthly_descriptive_only,2020
Algeria,primary,2,2020-09-11,2021-01-25,monthly,False,False,2020-10-28,,,,False,58366.0,23094.94855667199,20,5000.0,7,42,14,1.0,0.0,2199518.9101592368,2199518.9101592368,2199518.9101592368,2749398.6376990466,1832932.4251326974,3849158.0927786645,2749398.6376990466,1832932.4251326974,43851043.0,1832932.4251326974,3849158.0927786645,4.179906108807258,8.777802828495242,False,False,monthly_descriptive_only,2020
Algeria,primary,3,2021-01-25,2021-05-06,monthly,False,False,2021-04-26,,,,False,17877.0,4229.470508697971,20,5000.0,7,42,14,1.0,0.0,704911.7514496618,704911.7514496618,704911.7514496618,704911.7514496618,704911.7514496618,704911.7514496618,881139.6893120774,587426.459541385,43851043.0,587426.459541385,881139.6893120774,1.3395951825852466,2.0093927738778694,False,False,monthly_descriptive_only,2021_pre_omicron
Algeria,primary,4,2021-05-06,2021-09-14,monthly,False,False,2021-07-22,,,,False,77256.0,61870.763054260904,20,5000.0,7,42,14,1.0,0.0,10311793.842376817,10311793.842376817,10311793.842376817,10311793.842376817,10311793.842376817,10311793.842376817,12889742.302971022,8593161.535314014,43851043.0,8593161.535314014,12889742.302971022,19.59625346953324,29.394380204299868,False,False,monthly_descriptive_only,2021_pre_omicron
Algeria,primary,5,2021-09-14,2022-03-14,monthly,False,False,2021-12-31,,,,False,65156.0,28205.351815585796,20,5000.0,7,42,14,1.0,0.0,28205351.815585796,14102675.907792898,9401783.9385286,23504459.8463215,35256689.76948225,4700891.9692643,35256689.76948225,23504459.8463215,43851043.0,4700891.9692643,35256689.76948225,10.720137190954159,80.40102893215618,False,False,monthly_descriptive_only,omicron_era
Algeria,primary,6,2022-05-27,2022-09-17,monthly,False,False,2022-07-22,,,,False,4742.0,3744.507080232744,20,5000.0,7,42,14,1.0,0.0,3744507.080232744,1872253.540116372,1248169.026744248,3120422.5668606204,4680633.85029093,624084.513372124,4680633.85029093,3120422.5668606204,43851043.0,624084.513372124,4680633.85029093,1.4231919486433289,10.673939614824965,False,False,monthly_descriptive_only,omicron_era
Algeria,primary,7,2022-09-17,2022-12-31,monthly,False,False,2022-11-10,,,,False,629.0,4089.0736794024724,20,5000.0,7,42,14,1.0,0.0,4089073.6794024725,2044536.8397012362,1363024.5598008242,3407561.399502061,5111342.09925309,681512.2799004121,5111342.09925309,3407561.399502061,43851043.0,681512.2799004121,5111342.09925309,1.5541529534438032,11.656147150828522,False,False,monthly_descriptive_only,omicron_era
Andorra,primary,1,2020-02-14,2020-05-30,monthly,False,False,2020-03-29,,,,False,764.0,63.651394871443024,20,5000.0,7,42,14,1.0,0.0,6062.037606804097,6062.037606804097,6062.037606804097,7577.547008505122,5051.698005670081,10608.56581190717,7577.547008505122,5051.698005670081,77265.0,5051.698005670081,10608.56581190717,6.538145351284646,13.730105237697753,False,False,monthly_descriptive_only,2020
Andorra,primary,2,2020-05-30,2020-07-31,monthly,False,False,2020-06-21,,,,False,161.0,3.2650377828460937,20,5000.0,7,42,14,1.0,0.0,310.9559793186756,310.9559793186756,310.9559793186756,388.6949741483445,259.129982765563,544.1729638076823,388.6949741483445,259.129982765563,77265.0,259.129982765563,544.1729638076823,0.335378221401104,0.7042942649423184,False,False,monthly_descriptive_only,2020
Andorra,primary,3,2020-07-31,2020-10-31,monthly,False,False,2020-09-23,,,,False,3834.0,27.935926520735975,20,5000.0,7,42,14,1.0,0.0,2660.5644305462833,2660.5644305462833,2660.5644305462833,3325.7055381828545,2217.137025455236,4655.9877534559955,3325.7055381828545,2217.137025455236,77265.0,2217.137025455236,4655.9877534559955,2.8695231028994193,6.02599851608878,False,True,monthly_descriptive_only,2020
Andorra,primary,4,2020-10-31,2021-02-20,monthly,False,False,2020-12-22,,,,False,6007.0,37.64642312851055,20,5000.0,7,42,14,1.0,0.0,3585.3736312867186,3585.3736312867186,3585.3736312867186,4481.717039108399,2987.811359405599,6274.4038547517575,4481.717039108399,2987.811359405599,77265.0,2987.811359405599,6274.4038547517575,3.8669661028998887,8.120628816089766,False,True,monthly_descriptive_only,2020
Andorra,primary,5,2021-02-20,2021-05-30,monthly,False,False,2021-04-04,,,,False,3048.0,30.432635474302295,20,5000.0,7,42,14,1.0,0.0,5072.105912383716,5072.105912383716,5072.105912383716,5072.105912383716,5072.105912383716,5072.105912383716,6340.132390479645,4226.75492698643,77265.0,4226.75492698643,6340.132390479645,5.4704651873247006,8.205697780987052,False,False,monthly_descriptive_only,2021_pre_omicron
Andorra,primary,6,2021-05-30,2021-10-12,monthly,False,False,2021-07-12,,,,False,1614.0,10.797067354725133,20,5000.0,7,42,14,1.0,0.0,1799.511225787522,1799.511225787522,1799.511225787522,1799.511225787522,1799.511225787522,1799.511225787522,2249.3890322344027,1499.5926881562684,77265.0,1499.5926881562684,2249.3890322344027,1.940843445487955,2.9112651682319326,False,True,monthly_descriptive_only,2021_pre_omicron
Antigua and Barbuda,primary,1,2020-02-01,2020-03-23,monthly,False,False,2020-03-05,,,,False,3.0,6.445714071984052,20,5000.0,7,42,14,1.0,0.0,613.8775306651478,613.8775306651478,613.8775306651478,767.3469133314348,511.5646088876232,1074.2856786640086,767.3469133314348,511.5646088876232,97928.0,511.5646088876232,1074.2856786640086,0.5223884985781627,1.0970158470141416,False,False,monthly_descriptive_only,2020
Antigua and Barbuda,primary,2,2020-03-23,2020-05-25,monthly,False,False,2020-04-17,,,,False,24.0,8.306915031792066,20,5000.0,7,42,14,1.0,0.0,791.1347649325777,791.1347649325777,791.1347649325777,988.9184561657222,659.2789707771481,1384.4858386320109,988.9184561657222,659.2789707771481,97928.0,659.2789707771481,1384.4858386320109,0.6732282603312107,1.4137793466955424,False,False,monthly_descriptive_only,2020
Antigua and Barbuda,primary,3,2020-05-25,2020-08-22,monthly,False,False,2020-06-24,,,,False,70.0,2.2651818686388143,20,5000.0,7,42,14,1.0,0.0,215.73160653702993,215.73160653702993,215.73160653702993,269.6645081712874,179.77633878085828,377.5303114398024,269.6645081712874,179.77633878085828,97928.0,179.77633878085828,377.5303114398024,0.18358011884329128,0.3855182495709117,False,False,monthly_descriptive_only,2020
Antigua and Barbuda,primary,4,2020-11-19,2021-03-02,monthly,False,False,2021-01-16,,,,False,630.0,32.06459711173221,20,5000.0,7,42,14,1.0,0.0,5344.099518622035,5344.099518622035,5344.099518622035,5344.099518622035,5344.099518622035,5344.099518622035,6680.124398277545,4453.416265518363,97928.0,4453.416265518363,6680.124398277545,4.54764343754428,6.821465156316421,False,False,monthly_descriptive_only,2021_pre_omicron
Antigua and Barbuda,primary,5,2021-03-02,2021-05-15,monthly,False,False,2021-04-03,,,,False,473.0,6.656687789944779,20,5000.0,7,42,14,1.0,0.0,1109.4479649907964,1109.4479649907964,1109.4479649907964,1109.4479649907964,1109.4479649907964,1109.4479649907964,1386.8099562384957,924.5399708256638,97928.0,924.5399708256638,1386.8099562384957,0.9441017592779019,1.4161526389168528,False,False,monthly_descriptive_only,2021_pre_omicron
Antigua and Barbuda,primary,6,2021-05-15,2021-07-19,monthly,False,False,2021-06-22,,,,False,35.0,9.388122355957702,20,5000.0,7,42,14,1.0,0.0,1564.6870593262836,1564.6870593262836,1564.6870593262836,1564.6870593262836,1564.6870593262836,1564.6870593262836,1955.8588241578548,1303.905882771903,97928.0,1303.905882771903,1955.8588241578548,1.3314944477288446,1.9972416715932673,False,False,monthly_descriptive_only,2021_pre_omicron
Antigua and Barbuda,primary,7,2021-07-19,2021-10-03,monthly,False,False,2021-08-25,,,,False,2235.0,53.54309367867085,20,5000.0,7,42,14,1.0,0.0,8923.848946445141,8923.848946445141,8923.848946445141,8923.848946445141,8923.848946445141,8923.848946445141,11154.811183056428,7436.540788704285,97928.0,7436.540788704285,11154.811183056428,7.593886108880285,11.390829163320427,False,False,monthly_descriptive_only,2021_pre_omicron
Antigua and Barbuda,primary,8,2021-10-03,2021-11-26,monthly,False,False,2021-11-10,,,,False,738.0,27.545464001072475,20,5000.0,7,42,14,1.0,0.0,4590.910666845412,4590.910666845412,4590.910666845412,4590.910666845412,4590.910666845412,4590.910666845412,5738.638333556766,3825.758889037844,97928.0,3825.758889037844,5738.638333556766,3.906705833916596,5.860058750874894,False,False,monthly_descriptive_only,2021_pre_omicron
Argentina,primary,1,2020-04-24,2020-11-26,monthly,False,False,2020-09-16,,,,False,1395996.0,42328.946846175866,20,5000.0,7,42,14,1.0,0.0,4031328.271064368,4031328.271064368,4031328.271064368,5039160.338830461,3359440.2258869736,7054824.474362644,5039160.338830461,3359440.2258869736,45195777.0,3359440.2258869736,7054824.474362644,7.433084347431341,15.609477129605812,False,False,monthly_descriptive_only,2020
Argentina,primary,2,2020-11-26,2021-02-11,monthly,False,False,2020-12-31,,,,False,617957.0,16985.3333710367,20,5000.0,7,42,14,1.0,0.0,1617650.7972415905,1617650.7972415905,1617650.7972415905,2022063.4965519882,1348042.3310346587,2830888.895172783,2022063.4965519882,1348042.3310346587,45195777.0,1348042.3310346587,2830888.895172783,2.982673206469398,6.263613733585736,False,False,monthly_descriptive_only,2020
Argentina,primary,3,2021-02-11,2021-09-05,monthly,False,False,2021-05-02,,,,False,3202768.0,75223.13273632283,20,5000.0,7,42,14,1.0,0.0,12537188.789387139,12537188.789387139,12537188.789387139,12537188.789387139,12537188.789387139,12537188.789387139,15671485.986733925,10447657.324489282,45195777.0,10447657.324489282,15671485.986733925,23.11644586725278,34.674668800879175,False,False,monthly_descriptive_only,2021_pre_omicron
Argentina,primary,4,2021-09-05,2021-11-12,monthly,False,False,2021-10-17,,,,False,101654.0,2309.9103333334333,20,5000.0,7,42,14,1.0,0.0,384985.0555555722,384985.0555555722,384985.0555555722,384985.0555555722,384985.0555555722,384985.0555555722,481231.31944446533,320820.8796296435,45195777.0,320820.8796296435,481231.31944446533,0.7098470275876516,1.0647705413814776,False,False,monthly_descriptive_only,2021_pre_omicron
Argentina,primary,5,2021-11-12,2022-08-19,monthly,False,False,2021-12-30,,,,False,4331287.0,51177.46717380808,20,5000.0,7,42,14,1.0,0.0,51177467.173808075,25588733.586904038,17059155.72460269,42647889.31150673,63971833.9672601,8529577.862301346,63971833.9672601,42647889.31150673,45195777.0,8529577.862301346,63971833.9672601,18.872510726613562,141.54383044960176,True,False,monthly_descriptive_only,omicron_era
Argentina,primary,6,2022-08-19,2022-12-31,monthly,False,False,2022-12-05,,,,False,257407.0,10791.561077575898,20,5000.0,7,42,14,1.0,0.0,10791561.077575898,5395780.538787949,3597187.0258586328,8992967.564646583,13489451.34696987,1798593.5129293164,13489451.34696987,8992967.564646583,45195777.0,1798593.5129293164,13489451.34696987,3.979560995110929,29.846707463331963,False,False,monthly_descriptive_only,omicron_era
Armenia,primary,1,2020-03-18,2020-08-03,monthly,False,False,2020-06-04,,,,False,39024.0,1381.940433753653,20,5000.0,7,42,14,1.0,0.0,131613.37464320502,131613.37464320502,131613.37464320502,164516.71830400632,109677.81220267087,230323.40562560884,164516.71830400632,109677.81220267087,2963234.0,109677.81220267087,230323.40562560884,3.7012875865581614,7.772703931772139,False,False,monthly_descriptive_only,2020
Armenia,primary,2,2020-08-03,2021-01-21,monthly,False,False,2020-10-28,,,,False,126478.0,7733.798843649754,20,5000.0,7,42,14,1.0,0.0,736552.270823786,736552.270823786,736552.270823786,920690.3385297328,613793.5590198218,1288966.4739416258,920690.3385297328,613793.5590198218,2963234.0,613793.5590198218,1288966.4739416258,20.713637836897856,43.498639457485496,False,False,monthly_descriptive_only,2020
Armenia,primary,3,2021-01-21,2021-05-15,monthly,False,False,2021-03-26,,,,False,55508.0,1972.8478711310822,20,5000.0,7,42,14,1.0,0.0,328807.97852184705,328807.97852184705,328807.97852184705,328807.97852184705,328807.97852184705,328807.97852184705,411009.97315230884,274006.6487682059,2963234.0,274006.6487682059,411009.97315230884,9.246878537712712,13.870317806569068,False,False,monthly_descriptive_only,2021_pre_omicron
Armenia,primary,4,2021-05-15,2021-07-10,monthly,False,False,2021-05-27,,,,False,5838.0,281.35232451504777,20,5000.0,7,42,14,1.0,0.0,46892.05408584129,46892.05408584129,46892.05408584129,46892.05408584129,46892.05408584129,46892.05408584129,58615.06760730162,39076.71173820108,2963234.0,39076.71173820108,58615.06760730162,1.3187183913994331,1.9780775870991498,False,False,monthly_descriptive_only,2021_pre_omicron
Armenia,primary,5,2021-07-10,2021-12-18,monthly,False,False,2021-10-24,,,,False,117371.0,5055.344220638152,20,5000.0,7,42,14,1.0,0.0,842557.3701063587,842557.3701063587,842557.3701063587,842557.3701063587,842557.3701063587,842557.3701063587,1053196.7126329485,702131.141755299,2963234.0,702131.141755299,1053196.7126329485,23.694758556202412,35.54213783430362,False,False,monthly_descriptive_only,2021_pre_omicron
Armenia,primary,6,2021-12-18,2022-05-18,monthly,False,False,2022-01-28,,,,False,79567.0,1153.2781589537,20,5000.0,7,42,14,1.0,0.0,1153278.1589537,576639.07947685,384426.05298456666,961065.1324614168,1441597.698692125,192213.02649228333,1441597.698692125,961065.1324614168,2963234.0,192213.02649228333,1441597.698692125,6.486596282719601,48.64947212039701,False,False,monthly_descriptive_only,omicron_era
Armenia,primary,7,2022-05-18,2022-12-31,monthly,False,False,2022-08-25,,,,False,23059.0,223.79482733074474,20,5000.0,7,42,14,1.0,0.0,223794.82733074474,111897.41366537237,74598.27577691492,186495.6894422873,279743.5341634309,37299.13788845746,279743.5341634309,186495.6894422873,2963234.0,37299.13788845746,279743.5341634309,1.2587307613390457,9.440480710042843,False,False,monthly_descriptive_only,omicron_era
Australia,primary,1,2020-02-17,2020-04-15,weekly,True,True,2020-03-10,2020-03-27,-17.0,17.0,True,6425.0,1434.4697812750637,20,5000.0,7,42,14,1.0,0.0,136616.16964524417,136616.16964524417,136616.16964524417,170770.2120565552,113846.80803770346,239078.29687917727,170770.2120565552,113846.80803770346,25459700.0,113846.80803770346,239078.29687917727,0.4471647664257767,0.9390460094941311,False,False,weekly_timing_eligible,2020
Australia,primary,2,2020-11-21,2020-12-20,weekly,True,True,2020-12-06,2020-12-20,-14.0,14.0,True,392.0,672.0517811738973,20,5000.0,7,42,14,1.0,0.0,64004.93154037117,64004.93154037117,64004.93154037117,80006.16442546397,53337.44295030931,112008.63019564956,80006.16442546397,53337.44295030931,25459700.0,53337.44295030931,112008.63019564956,0.20949753119757622,0.4399448155149101,False,False,weekly_timing_eligible,2020
Australia,primary,3,2020-12-20,2021-01-28,weekly,True,True,2021-01-06,2021-02-10,-35.0,35.0,False,631.0,994.6141536102211,20,5000.0,7,42,14,1.0,0.0,165769.02560170353,165769.02560170353,165769.02560170353,165769.02560170353,165769.02560170353,165769.02560170353,207211.28200212942,138140.85466808628,25459700.0,138140.85466808628,207211.28200212942,0.5425863410334225,0.8138795115501337,False,False,weekly_timing_eligible,2021_pre_omicron
Australia,primary,4,2021-01-28,2021-03-16,weekly,True,True,2021-02-22,2021-03-26,-32.0,32.0,False,360.0,1288.3050481433033,20,5000.0,7,42,14,1.0,0.0,214717.5080238839,214717.5080238839,214717.5080238839,214717.5080238839,214717.5080238839,214717.5080238839,268396.8850298549,178931.25668656992,25459700.0,178931.25668656992,268396.8850298549,0.7028019053114135,1.05420285796712,False,False,weekly_timing_eligible,2021_pre_omicron
Australia,primary,5,2021-03-16,2021-04-30,weekly,True,True,2021-04-12,2021-04-25,-13.0,13.0,True,674.0,1857.8055210384339,20,5000.0,7,42,14,1.0,0.0,309634.2535064056,309634.2535064056,309634.2535064056,309634.2535064056,309634.2535064056,309634.2535064056,387042.81688300706,258028.5445886714,25459700.0,258028.5445886714,387042.81688300706,1.0134783386633441,1.520217507995016,False,False,weekly_timing_eligible,2021_pre_omicron
Australia,primary,6,2021-05-15,2021-06-13,weekly,True,True,2021-05-25,2021-05-26,-1.0,1.0,True,298.0,1048.3571464952158,20,5000.0,7,42,14,1.0,0.0,174726.19108253598,174726.19108253598,174726.19108253598,174726.19108253598,174726.19108253598,174726.19108253598,218407.73885316998,145605.15923544666,25459700.0,145605.15923544666,218407.73885316998,0.5719044577722702,0.8578566866584052,False,False,weekly_timing_eligible,2021_pre_omicron
Australia,primary,7,2021-06-13,2021-08-08,weekly,True,True,2021-06-28,2021-07-14,-16.0,16.0,True,6382.0,967.2411763400771,20,5000.0,7,42,14,1.0,0.0,161206.8627233462,161206.8627233462,161206.8627233462,161206.8627233462,161206.8627233462,161206.8627233462,201508.57840418274,134339.05226945516,25459700.0,134339.05226945516,201508.57840418274,0.5276537126103417,0.7914805689155126,False,False,weekly_timing_eligible,2021_pre_omicron
Australia,primary,8,2021-08-08,2021-09-23,weekly,True,True,2021-09-14,2021-09-07,7.0,7.0,True,57614.0,825.4646631194253,20,5000.0,7,42,14,1.0,0.0,137577.44385323755,137577.44385323755,137577.44385323755,137577.44385323755,137577.44385323755,137577.44385323755,171971.80481654694,114647.86987769796,25459700.0,114647.86987769796,171971.80481654694,0.45031115793861654,0.6754667369079248,False,False,weekly_timing_eligible,2021_pre_omicron
Australia,primary,9,2021-10-18,2021-11-17,weekly,True,True,2021-11-02,2021-10-07,26.0,26.0,False,48849.0,1441.1079756308245,20,5000.0,7,42,14,1.0,0.0,240184.66260513742,240184.66260513742,240184.66260513742,240184.66260513742,240184.66260513742,240184.66260513742,300230.8282564218,200153.88550428118,25459700.0,200153.88550428118,300230.8282564218,0.7861596385828631,1.1792394578742946,False,False,weekly_timing_eligible,2021_pre_omicron
Australia,primary,10,2021-11-17,2021-12-08,weekly,True,True,2021-12-04,2021-12-04,0.0,0.0,True,31069.0,1167.285875354007,20,5000.0,7,42,14,1.0,0.0,1167285.875354007,583642.9376770034,389095.291784669,972738.2294616726,1459107.3441925086,194547.6458923345,1459107.3441925086,972738.2294616726,25459700.0,194547.6458923345,1459107.3441925086,0.7641395848825183,5.731046886618886,False,False,weekly_timing_eligible,omicron_era
Australia,primary,11,2021-12-08,2022-02-18,weekly,True,True,2022-01-03,2022-01-10,-7.0,7.0,True,2820432.0,7211.189977805214,20,5000.0,7,42,14,1.0,0.0,7211189.977805214,3605594.988902607,2403729.992601738,6009324.981504345,9013987.472256517,1201864.996300869,9013987.472256517,6009324.981504345,25459700.0,1201864.996300869,9013987.472256517,4.720656552515815,35.40492414386861,False,True,weekly_timing_eligible,omicron_era
Australia,primary,12,2022-02-18,2022-03-26,weekly,True,True,2022-03-12,2022-02-09,31.0,31.0,False,1285165.0,2594.2998362162766,20,5000.0,7,42,14,1.0,0.0,2594299.8362162765,1297149.9181081383,864766.6120720921,2161916.5301802307,3242874.7952703456,432383.30603604607,3242874.7952703456,2161916.5301802307,25459700.0,432383.30603604607,3242874.7952703456,1.6983047955633652,12.73728596672524,False,True,weekly_timing_eligible,omicron_era
Australia,primary,13,2022-03-26,2022-05-02,weekly,True,True,2022-04-18,2022-04-03,15.0,15.0,True,1801779.0,3254.9279835136294,20,5000.0,7,42,14,1.0,0.0,3254927.9835136295,1627463.9917568148,1084975.994504543,2712439.986261358,4068659.979392037,542487.9972522715,4068659.979392037,2712439.986261358,25459700.0,542487.9972522715,4068659.979392037,2.1307713651467672,15.980785238600756,False,True,weekly_timing_eligible,omicron_era
Australia,primary,14,2022-05-02,2022-06-11,weekly,True,True,2022-05-26,2022-05-13,13.0,13.0,True,1621748.0,4391.031899082955,20,5000.0,7,42,14,1.0,0.0,4391031.899082955,2195515.9495414775,1463677.299694318,3659193.249235796,5488789.873853693,731838.649847159,5488789.873853693,3659193.249235796,25459700.0,731838.649847159,5488789.873853693,2.8744983242031883,21.55873743152391,False,True,weekly_timing_eligible,omicron_era
Australia,primary,15,2022-07-04,2022-08-13,weekly,True,True,2022-07-14,2022-07-19,-5.0,5.0,True,1540106.0,3355.621247179772,20,5000.0,7,42,14,1.0,0.0,3355621.2471797722,1677810.6235898861,1118540.4157265907,2796351.039316477,4194526.558974715,559270.2078632953,4194526.558974715,2796351.039316477,25459700.0,559270.2078632953,4194526.558974715,2.196688130116597,16.47516097587448,False,True,weekly_timing_eligible,omicron_era
Australia,primary,16,2022-08-13,2022-09-11,weekly,True,True,2022-08-27,2022-08-24,3.0,3.0,True,340363.0,1367.6667860926882,20,5000.0,7,42,14,1.0,0.0,1367666.786092688,683833.393046344,455888.9286975627,1139722.321743907,1709583.4826158602,227944.46434878136,1709583.4826158602,1139722.321743907,25459700.0,227944.46434878136,1709583.4826158602,0.8953148086928808,6.714861065196605,False,True,weekly_timing_eligible,omicron_era
Australia,primary,17,2022-09-11,2022-10-08,weekly,True,True,2022-09-29,2022-09-25,4.0,4.0,True,161690.0,1378.5016174336783,20,5000.0,7,42,14,1.0,0.0,1378501.6174336784,689250.8087168392,459500.5391445594,1148751.3478613987,1723127.021792098,229750.2695722797,1723127.021792098,1148751.3478613987,25459700.0,229750.2695722797,1723127.021792098,0.9024076072077821,6.768057054058366,False,False,weekly_timing_eligible,omicron_era
Australia,primary,18,2022-11-03,2022-12-31,weekly,True,True,2022-11-25,2022-11-14,11.0,11.0,True,748702.0,4959.870367349357,20,5000.0,7,42,14,1.0,0.0,4959870.367349357,2479935.1836746787,1653290.1224497857,4133225.3061244646,6199837.959186696,826645.0612248929,6199837.959186696,4133225.3061244646,25459700.0,826645.0612248929,6199837.959186696,3.2468766765707877,24.35157507428091,False,False,weekly_timing_eligible,omicron_era
Austria,primary,1,2020-02-01,2020-04-14,weekly,True,True,2020-03-18,2020-03-27,-9.0,9.0,True,14153.0,1146.5232492093528,20,5000.0,7,42,14,1.0,0.0,109192.69040089073,109192.69040089073,109192.69040089073,136490.86300111344,90993.90866740895,191087.2082015588,136490.86300111344,90993.90866740895,9006400.0,90993.90866740895,191087.2082015588,1.010324976321382,2.1216824502749025,False,False,weekly_timing_eligible,2020
Austria,primary,2,2020-05-27,2020-07-01,weekly,True,True,2020-06-11,2020-06-07,4.0,4.0,True,1226.0,158.27162983705477,20,5000.0,7,42,14,1.0,0.0,15073.488555909978,15073.488555909978,15073.488555909978,18841.860694887473,12561.240463258315,26378.604972842462,18841.860694887473,12561.240463258315,9006400.0,12561.240463258315,26378.604972842462,0.13947015970041654,0.29288733537087475,False,False,weekly_timing_eligible,2020
Austria,primary,3,2020-08-03,2020-09-10,weekly,True,True,2020-08-21,2020-08-19,2.0,2.0,True,9382.0,572.230208011911,20,5000.0,7,42,14,1.0,0.0,54498.115048753425,54498.115048753425,54498.115048753425,68122.6438109418,45415.095873961196,95371.7013353185,68122.6438109418,45415.095873961196,9006400.0,45415.095873961196,95371.7013353185,0.5042535960423832,1.0589325516890045,False,False,weekly_timing_eligible,2020
Austria,primary,4,2020-09-10,2020-12-24,weekly,True,True,2020-11-11,2020-11-11,0.0,0.0,True,312139.0,7314.357696329158,20,5000.0,7,42,14,1.0,0.0,696605.4948884912,696605.4948884912,696605.4948884912,870756.8686106141,580504.5790737427,1219059.6160548597,870756.8686106141,580504.5790737427,9006400.0,580504.5790737427,1219059.6160548597,6.445467435087745,13.535481613684267,False,False,weekly_timing_eligible,2020
Austria,primary,5,2020-12-24,2021-02-06,weekly,True,True,2021-01-04,2021-01-20,-16.0,16.0,True,77573.0,504.04315598856203,20,5000.0,7,42,14,1.0,0.0,84007.19266476034,84007.19266476034,84007.19266476034,84007.19266476034,84007.19266476034,84007.19266476034,105008.99083095044,70005.99388730028,9006400.0,70005.99388730028,105008.99083095044,0.7772916358067629,1.1659374537101443,False,True,weekly_timing_eligible,2021_pre_omicron
Austria,primary,6,2021-02-06,2021-05-03,weekly,True,True,2021-04-11,2021-03-27,15.0,15.0,True,200995.0,1204.5075066427628,20,5000.0,7,42,14,1.0,0.0,200751.25110712711,200751.25110712711,200751.25110712711,200751.25110712711,200751.25110712711,200751.25110712711,250939.06388390894,167292.7092559393,9006400.0,167292.7092559393,250939.06388390894,1.8574870009764088,2.7862305014646136,False,True,weekly_timing_eligible,2021_pre_omicron
Austria,primary,7,2021-05-03,2021-06-20,weekly,True,True,2021-06-01,2021-05-31,1.0,1.0,True,29584.0,948.412880535121,20,5000.0,7,42,14,1.0,0.0,158068.81342252015,158068.81342252015,158068.81342252015,158068.81342252015,158068.81342252015,158068.81342252015,197586.01677815022,131724.01118543348,9006400.0,131724.01118543348,197586.01677815022,1.462560081557931,2.1938401223368964,False,False,weekly_timing_eligible,2021_pre_omicron
Austria,primary,8,2021-08-08,2021-09-20,weekly,True,True,2021-08-22,2021-08-02,20.0,20.0,False,62769.0,1010.7387619288795,20,5000.0,7,42,14,1.0,0.0,168456.4603214799,168456.4603214799,168456.4603214799,168456.4603214799,168456.4603214799,168456.4603214799,210570.57540184993,140380.38360123328,9006400.0,140380.38360123328,210570.57540184993,1.5586736498626896,2.3380104747940345,False,False,weekly_timing_eligible,2021_pre_omicron
Austria,primary,9,2021-09-20,2021-12-24,weekly,True,True,2021-11-09,2021-11-21,-12.0,12.0,True,534953.0,4667.807042607812,20,5000.0,7,42,14,1.0,0.0,777967.8404346353,777967.8404346353,777967.8404346353,777967.8404346353,777967.8404346353,777967.8404346353,972459.8005432943,648306.5336955294,9006400.0,648306.5336955294,972459.8005432943,7.198287147978432,10.797430721967649,False,False,weekly_timing_eligible,2021_pre_omicron
Austria,primary,10,2022-01-14,2022-04-04,weekly,True,True,2022-03-11,2022-03-16,-5.0,5.0,True,2547029.0,2096.5884484711532,20,5000.0,7,42,14,1.0,0.0,2096588.4484711532,1048294.2242355766,698862.816157051,1747157.040392628,2620735.5605889414,349431.4080785255,2620735.5605889414,1747157.040392628,9006400.0,349431.4080785255,2620735.5605889414,3.8798122232914984,29.09859167468624,False,True,weekly_timing_eligible,omicron_era
Austria,primary,11,2022-04-04,2022-05-02,weekly,True,True,2022-04-12,2022-04-19,-7.0,7.0,True,275065.0,664.555961452447,20,5000.0,7,42,14,1.0,0.0,664555.961452447,332277.9807262235,221518.65381748235,553796.634543706,830694.9518155587,110759.32690874118,830694.9518155587,553796.634543706,9006400.0,110759.32690874118,830694.9518155587,1.2297846743287126,9.223385057465343,False,True,weekly_timing_eligible,omicron_era
Austria,primary,12,2022-06-18,2022-07-19,weekly,True,True,2022-07-02,2022-07-18,-16.0,16.0,True,313809.0,1064.2829812574994,20,5000.0,7,42,14,1.0,0.0,1064282.9812574994,532141.4906287497,354760.9937524998,886902.4843812495,1330353.7265718742,177380.4968762499,1330353.7265718742,886902.4843812495,9006400.0,177380.4968762499,1330353.7265718742,1.9694938807542404,14.771204105656802,False,True,weekly_timing_eligible,omicron_era
Austria,primary,13,2022-08-12,2022-09-28,weekly,True,True,2022-09-15,2022-09-02,13.0,13.0,True,262638.0,1516.7212755460662,20,5000.0,7,42,14,1.0,0.0,1516721.2755460662,758360.6377730331,505573.7585153554,1263934.3962883886,1895901.5944325826,252786.8792576777,1895901.5944325826,1263934.3962883886,9006400.0,252786.8792576777,1895901.5944325826,2.806747193747532,21.050603953106485,False,True,weekly_timing_eligible,omicron_era
Austria,primary,14,2022-10-24,2022-12-31,weekly,True,True,2022-12-04,2022-12-08,-4.0,4.0,True,317268.0,3711.275437973785,20,5000.0,7,42,14,1.0,0.0,3711275.4379737847,1855637.7189868924,1237091.8126579283,3092729.531644821,4639094.297467231,618545.9063289642,4639094.297467231,3092729.531644821,9006400.0,618545.9063289642,4639094.297467231,6.867848489173967,51.50886366880474,False,False,weekly_timing_eligible,omicron_era
Azerbaijan,primary,1,2020-02-01,2020-04-08,monthly,False,False,2020-02-21,,,,False,822.0,1227.1221168698107,20,5000.0,7,42,14,1.0,0.0,116868.77303522006,116868.77303522006,116868.77303522006,146085.9662940251,97390.64419601673,204520.35281163512,146085.9662940251,97390.64419601673,10139175.0,97390.64419601673,204520.35281163512,0.9605381522265543,2.017130119675764,False,False,monthly_descriptive_only,2020
Azerbaijan,primary,2,2020-04-08,2020-08-12,monthly,False,False,2020-06-03,,,,False,33107.0,4073.1319987168526,20,5000.0,7,42,14,1.0,0.0,387917.3332111288,387917.3332111288,387917.3332111288,484896.66651391104,323264.44434260734,678855.3331194754,484896.66651391104,323264.44434260734,10139175.0,323264.44434260734,678855.3331194754,3.1882716724250972,6.695370512092704,False,False,monthly_descriptive_only,2020
Azerbaijan,primary,3,2020-08-12,2021-01-24,monthly,False,False,2020-11-25,,,,False,195244.0,17921.190291960727,20,5000.0,7,42,14,1.0,0.0,1706780.0278057836,1706780.0278057836,1706780.0278057836,2133475.0347572295,1422316.6898381528,2986865.0486601214,2133475.0347572295,1422316.6898381528,10139175.0,1422316.6898381528,2986865.0486601214,14.0279331389206,29.45865959173327,False,False,monthly_descriptive_only,2020
Azerbaijan,primary,4,2021-01-24,2021-05-01,monthly,False,False,2021-03-24,,,,False,91634.0,4122.373099995542,20,5000.0,7,42,14,1.0,0.0,687062.1833325904,687062.1833325904,687062.1833325904,687062.1833325904,687062.1833325904,687062.1833325904,858827.7291657381,572551.8194438254,10139175.0,572551.8194438254,858827.7291657381,5.646927086708982,8.470390630063472,False,False,monthly_descriptive_only,2021_pre_omicron
Azerbaijan,primary,5,2021-05-01,2021-06-26,monthly,False,False,2021-05-25,,,,False,16687.0,1347.160439389258,20,5000.0,7,42,14,1.0,0.0,224526.73989820966,224526.73989820966,224526.73989820966,224526.73989820966,224526.73989820966,224526.73989820966,280658.4248727621,187105.6165818414,10139175.0,187105.6165818414,280658.4248727621,1.8453731845228178,2.7680597767842268,False,False,monthly_descriptive_only,2021_pre_omicron
Azerbaijan,primary,6,2021-06-26,2021-09-28,monthly,False,False,2021-08-22,,,,False,145660.0,6405.6120198652325,20,5000.0,7,42,14,1.0,0.0,1067602.003310872,1067602.003310872,1067602.003310872,1067602.003310872,1067602.003310872,1067602.003310872,1334502.5041385903,889668.3360923934,10139175.0,889668.3360923934,1334502.5041385903,8.77456337515028,13.16184506272542,False,False,monthly_descriptive_only,2021_pre_omicron
Azerbaijan,primary,7,2021-09-28,2021-12-27,monthly,False,False,2021-11-03,,,,False,133535.0,6222.730675134446,20,5000.0,7,42,14,1.0,0.0,1037121.7791890743,1037121.7791890743,1037121.7791890743,1037121.7791890743,1037121.7791890743,1037121.7791890743,1296402.223986343,864268.1493242286,10139175.0,864268.1493242286,1296402.223986343,8.524048054444554,12.786072081666832,False,False,monthly_descriptive_only,2021_pre_omicron
Azerbaijan,primary,8,2021-12-27,2022-04-15,monthly,False,False,2022-02-05,,,,False,177690.0,3616.402763881893,20,5000.0,7,42,14,1.0,0.0,3616402.763881893,1808201.3819409464,1205467.587960631,3013668.9699015776,4520503.454852366,602733.7939803154,4520503.454852366,3013668.9699015776,10139175.0,602733.7939803154,4520503.454852366,5.944603914818666,44.58452936113999,False,False,monthly_descriptive_only,omicron_era
Azerbaijan,primary,9,2022-04-15,2022-07-05,monthly,False,False,2022-05-26,,,,False,1093.0,249.96258813062616,20,5000.0,7,42,14,1.0,0.0,249962.58813062616,124981.29406531308,83320.86271020872,208302.1567755218,312453.23516328266,41660.43135510436,312453.23516328266,208302.1567755218,10139175.0,41660.43135510436,312453.23516328266,0.4108858102863828,3.0816435771478714,False,False,monthly_descriptive_only,omicron_era
Azerbaijan,primary,10,2022-07-05,2022-09-25,monthly,False,False,2022-08-21,,,,False,27435.0,553.5336275064212,20,5000.0,7,42,14,1.0,0.0,553533.6275064212,276766.8137532106,184511.20916880708,461278.0229220177,691917.0343830265,92255.60458440354,691917.0343830265,461278.0229220177,10139175.0,92255.60458440354,691917.0343830265,0.9098926153696286,6.824194615272214,False,False,monthly_descriptive_only,omicron_era
Azerbaijan,primary,11,2022-09-25,2022-12-02,monthly,False,False,2022-11-01,,,,False,3769.0,742.8313456812849,20,5000.0,7,42,14,1.0,0.0,742831.3456812849,371415.67284064245,247610.4485604283,619026.1214010708,928539.182101606,123805.22428021416,928539.182101606,619026.1214010708,10139175.0,123805.22428021416,928539.182101606,1.2210581657798998,9.157936243349246,False,False,monthly_descriptive_only,omicron_era
Bahamas,primary,1,2020-02-01,2020-05-06,monthly,False,False,2020-03-23,,,,False,92.0,44.920958239413295,20,5000.0,7,42,14,1.0,0.0,4278.186498991742,4278.186498991742,4278.186498991742,5347.733123739678,3565.155415826452,7486.826373235549,5347.733123739678,3565.155415826452,393248.0,3565.155415826452,7486.826373235549,0.9065921290957493,1.9038434711010734,False,False,monthly_descriptive_only,2020
Bahamas,primary,2,2020-05-06,2020-08-24,monthly,False,False,2020-08-04,,,,False,1709.0,223.39842770439265,20,5000.0,7,42,14,1.0,0.0,21276.04073375168,21276.04073375168,21276.04073375168,26595.0509171896,17730.033944793067,37233.07128406544,26595.0509171896,17730.033944793067,393248.0,17730.033944793067,37233.07128406544,4.508613888638484,9.468089166140816,False,False,monthly_descriptive_only,2020
Bahamas,primary,3,2020-08-24,2021-01-19,monthly,False,False,2020-09-20,,,,False,6284.0,303.0068540296605,20,5000.0,7,42,14,1.0,0.0,28857.795621872425,28857.795621872425,28857.795621872425,36072.24452734053,24048.16301822702,50501.142338276746,36072.24452734053,24048.16301822702,393248.0,24048.16301822702,50501.142338276746,6.115266452271091,12.842059549769292,False,False,monthly_descriptive_only,2020
Bahamas,primary,4,2021-01-19,2021-05-07,monthly,False,False,2021-03-27,,,,False,2706.0,114.45901676496698,20,5000.0,7,42,14,1.0,0.0,19076.502794161162,19076.502794161162,19076.502794161162,19076.502794161162,19076.502794161162,19076.502794161162,23845.628492701457,15897.08566180097,393248.0,15897.08566180097,23845.628492701457,4.042508966809995,6.063763450214994,False,False,monthly_descriptive_only,2021_pre_omicron
Bahamas,primary,5,2021-05-07,2021-11-10,monthly,False,False,2021-08-06,,,,False,11881.0,1017.4007525301694,20,5000.0,7,42,14,1.0,0.0,169566.79208836154,169566.79208836154,169566.79208836154,169566.79208836154,169566.79208836154,169566.79208836154,211958.49011045197,141305.66007363464,393248.0,141305.66007363464,211958.49011045197,35.932963441297765,53.899445161946645,False,False,monthly_descriptive_only,2021_pre_omicron
Barbados,primary,1,2020-02-01,2020-04-03,monthly,False,False,2020-02-19,,,,False,51.0,35.873061449992775,20,5000.0,7,42,14,1.0,0.0,3416.4820428564544,3416.4820428564544,3416.4820428564544,4270.6025535705685,2847.0683690470455,5978.843574998796,4270.6025535705685,2847.0683690470455,287371.0,2847.0683690470455,5978.843574998796,0.990729185981552,2.080531290561259,False,False,monthly_descriptive_only,2020
Barbados,primary,2,2020-04-03,2020-06-24,monthly,False,False,2020-05-24,,,,False,51.0,48.92391692062746,20,5000.0,7,42,14,1.0,0.0,4659.420659107377,4659.420659107377,4659.420659107377,5824.2758238842225,3882.8505492561476,8153.986153437911,5824.2758238842225,3882.8505492561476,287371.0,3882.8505492561476,8153.986153437911,1.3511629737364408,2.8374422448465264,False,False,monthly_descriptive_only,2020
Barbados,primary,3,2020-06-24,2020-09-21,monthly,False,False,2020-07-21,,,,False,92.0,39.46381251424846,20,5000.0,7,42,14,1.0,0.0,3758.458334690329,3758.458334690329,3758.458334690329,4698.072918362912,3132.048612241941,6577.302085708076,4698.072918362912,3132.048612241941,287371.0,3132.048612241941,6577.302085708076,1.0898972451089153,2.288784214728722,False,False,monthly_descriptive_only,2020
Barbados,primary,4,2020-09-21,2020-12-30,monthly,False,False,2020-11-21,,,,False,183.0,25.47890363566338,20,5000.0,7,42,14,1.0,0.0,2426.56225101556,2426.56225101556,2426.56225101556,3033.20281376945,2022.1352091796332,4246.48393927723,3033.20281376945,2022.1352091796332,287371.0,2022.1352091796332,4246.48393927723,0.7036671094785601,1.4777009299049764,False,False,monthly_descriptive_only,2020
Barbados,primary,5,2020-12-30,2021-04-11,monthly,False,False,2021-02-22,,,,False,3359.0,126.42216801490618,20,5000.0,7,42,14,1.0,0.0,21070.361335817695,21070.361335817695,21070.361335817695,21070.361335817695,21070.361335817695,21070.361335817695,26337.951669772123,17558.63444651475,287371.0,17558.63444651475,26337.951669772123,6.110092683852842,9.165139025779261,False,False,monthly_descriptive_only,2021_pre_omicron
Barbados,primary,6,2021-04-11,2021-06-26,monthly,False,False,2021-05-21,,,,False,355.0,36.05691614460558,20,5000.0,7,42,14,1.0,0.0,6009.48602410093,6009.48602410093,6009.48602410093,6009.48602410093,6009.48602410093,6009.48602410093,7511.8575301261635,5007.905020084108,287371.0,5007.905020084108,7511.8575301261635,1.7426619318177925,2.613992897726689,False,False,monthly_descriptive_only,2021_pre_omicron
Barbados,primary,7,2021-06-26,2021-09-01,monthly,False,False,2021-08-02,,,,False,1006.0,51.811838118661434,20,5000.0,7,42,14,1.0,0.0,8635.306353110238,8635.306353110238,8635.306353110238,8635.306353110238,8635.306353110238,8635.306353110238,10794.1329413878,7196.0886275918665,287371.0,7196.0886275918665,10794.1329413878,2.504110932415542,3.756166398623312,False,False,monthly_descriptive_only,2021_pre_omicron
Barbados,primary,8,2021-09-01,2022-01-03,monthly,False,False,2021-11-20,,,,False,24128.0,259.86898788966374,20,5000.0,7,42,14,1.0,0.0,43311.49798161062,43311.49798161062,43311.49798161062,43311.49798161062,43311.49798161062,43311.49798161062,54139.37247701328,36092.91498467552,287371.0,36092.91498467552,54139.37247701328,12.559692865555506,18.839539298333264,False,False,monthly_descriptive_only,2021_pre_omicron
Barbados,primary,9,2022-01-03,2022-04-19,monthly,False,False,2022-02-25,,,,False,36136.0,376.48690152362127,20,5000.0,7,42,14,1.0,0.0,376486.9015236213,188243.45076181064,125495.63384120709,313739.0846030178,470608.62690452655,62747.816920603545,470608.62690452655,313739.0846030178,287371.0,62747.816920603545,470608.62690452655,21.835124950187577,163.76343712640684,True,False,monthly_descriptive_only,omicron_era
Barbados,primary,10,2022-04-19,2022-06-25,monthly,False,False,2022-05-21,,,,False,18869.0,105.45464490111107,20,5000.0,7,42,14,1.0,0.0,105454.64490111107,52727.32245055553,35151.548300370356,87878.8707509259,131818.30612638884,17575.774150185178,131818.30612638884,87878.8707509259,287371.0,17575.774150185178,131818.30612638884,6.116056996073082,45.870427470548115,False,True,monthly_descriptive_only,omicron_era
Barbados,primary,11,2022-06-25,2022-09-04,monthly,False,False,2022-07-31,,,,False,17927.0,115.31848089945922,20,5000.0,7,42,14,1.0,0.0,115318.48089945922,57659.24044972961,38439.49363315307,96098.73408288269,144148.10112432402,19219.746816576535,144148.10112432402,96098.73408288269,287371.0,19219.746816576535,144148.10112432402,6.688130262474827,50.1609769685612,False,False,monthly_descriptive_only,omicron_era
Barbados,primary,12,2022-09-04,2022-10-28,monthly,False,False,2022-09-27,,,,False,1617.0,56.94626044284999,20,5000.0,7,42,14,1.0,0.0,56946.26044284999,28473.130221424995,18982.086814283328,47455.21703570833,71182.82555356248,9491.043407141664,71182.82555356248,47455.21703570833,287371.0,9491.043407141664,71182.82555356248,3.302714403033592,24.77035802275194,False,False,monthly_descriptive_only,omicron_era
Barbados,primary,13,2022-10-28,2022-12-21,monthly,False,False,2022-12-01,,,,False,1930.0,63.52783923721867,20,5000.0,7,42,14,1.0,0.0,63527.83923721867,31763.919618609336,21175.946412406225,52939.86603101556,79409.79904652333,10587.973206203113,79409.79904652333,52939.86603101556,287371.0,10587.973206203113,79409.79904652333,3.6844264752543268,27.633198564407447,False,False,monthly_descriptive_only,omicron_era
Belarus,primary,1,2020-02-01,2020-07-16,monthly,False,False,2020-05-26,,,,False,65623.0,7774.451130699258,20,5000.0,7,42,14,1.0,0.0,740423.9172094531,740423.9172094531,740423.9172094531,925529.8965118165,617019.9310078776,1295741.855116543,925529.8965118165,617019.9310078776,9449321.0,617019.9310078776,1295741.855116543,6.52978061606625,13.712539293739125,False,False,monthly_descriptive_only,2020
Belarus,primary,2,2020-07-16,2020-09-18,monthly,False,False,2020-08-28,,,,False,9787.0,3753.619729353569,20,5000.0,7,42,14,1.0,0.0,357487.5932717684,357487.5932717684,357487.5932717684,446859.4915897106,297906.32772647374,625603.2882255948,446859.4915897106,297906.32772647374,9449321.0,297906.32772647374,625603.2882255948,3.15267443794611,6.62061631968683,False,False,monthly_descriptive_only,2020
Belarus,primary,3,2020-09-18,2021-01-15,monthly,False,False,2020-11-20,,,,False,146617.0,20887.565187264277,20,5000.0,7,42,14,1.0,0.0,1989291.9225965978,1989291.9225965978,1989291.9225965978,2486614.9032457476,1657743.2688304982,3481260.864544046,2486614.9032457476,1657743.2688304982,9449321.0,1657743.2688304982,3481260.864544046,17.543517347230537,36.841386429184126,False,False,monthly_descriptive_only,2020
Belarus,primary,4,2021-01-15,2021-04-16,monthly,False,False,2021-01-31,,,,False,121876.0,9223.258640746124,20,5000.0,7,42,14,1.0,0.0,1537209.7734576873,1537209.7734576873,1537209.7734576873,1537209.7734576873,1537209.7734576873,1537209.7734576873,1921512.2168221094,1281008.1445480727,9449321.0,1281008.1445480727,1921512.2168221094,13.556615809200181,20.33492371380028,False,False,monthly_descriptive_only,2021_pre_omicron
Belarus,primary,5,2021-04-16,2021-07-15,monthly,False,False,2021-05-29,,,,False,91089.0,8982.00799886008,20,5000.0,7,42,14,1.0,0.0,1497001.3331433465,1497001.3331433465,1497001.3331433465,1497001.3331433465,1497001.3331433465,1497001.3331433465,1871251.6664291832,1247501.1109527887,9449321.0,1247501.1109527887,1871251.6664291832,13.202018546653127,19.803027819979693,False,False,monthly_descriptive_only,2021_pre_omicron
Belarus,primary,6,2021-07-15,2021-12-20,monthly,False,False,2021-10-08,,,,False,255341.0,35885.58294420233,20,5000.0,7,42,14,1.0,0.0,5980930.490700388,5980930.490700388,5980930.490700388,5980930.490700388,5980930.490700388,5980930.490700388,7476163.113375487,4984108.742250324,9449321.0,4984108.742250324,7476163.113375487,52.74568132726494,79.1185219908974,False,False,monthly_descriptive_only,2021_pre_omicron
Belarus,primary,7,2021-12-20,2022-04-12,monthly,False,False,2022-01-29,,,,False,286122.0,10440.376772004623,20,5000.0,7,42,14,1.0,0.0,10440376.772004623,5220188.3860023115,3480125.590668208,8700313.97667052,13050470.96500578,1740062.795334104,13050470.96500578,8700313.97667052,9449321.0,1740062.795334104,13050470.96500578,18.414686042881854,138.11014532161389,True,False,monthly_descriptive_only,omicron_era
Belarus,primary,8,2022-06-27,2022-09-30,monthly,False,False,2022-08-17,,,,False,11170.0,548.333248885327,20,5000.0,7,42,14,1.0,0.0,548333.2488853269,274166.62444266345,182777.7496284423,456944.37407110585,685416.5611066587,91388.87481422116,685416.5611066587,456944.37407110585,9449321.0,91388.87481422116,685416.5611066587,0.9671475317032954,7.253606487774716,False,False,monthly_descriptive_only,omicron_era
Belarus,primary,9,2022-09-30,2022-12-31,monthly,False,False,2022-11-18,,,,False,0.0,595.7167387773952,20,5000.0,7,42,14,1.0,0.0,595716.7387773952,297858.3693886976,198572.24625913173,496430.61564782937,744645.9234717439,99286.12312956587,744645.9234717439,496430.61564782937,9449321.0,99286.12312956587,744645.9234717439,1.0507223019470486,7.880417264602863,False,False,monthly_descriptive_only,omicron_era
Belgium,primary,1,2020-02-01,2020-06-10,weekly,True,True,2020-03-19,2020-03-08,11.0,11.0,True,59569.0,8946.441247731222,20,5000.0,7,42,14,1.0,0.0,852042.0235934496,852042.0235934496,852042.0235934496,1065052.5294918122,710035.019661208,1491073.541288537,1065052.5294918122,710035.019661208,11492641.0,710035.019661208,1491073.541288537,6.1781710545139985,12.974159214479396,False,False,weekly_timing_eligible,2020
Belgium,primary,2,2020-06-10,2020-08-14,weekly,True,True,2020-07-24,2020-08-09,-16.0,16.0,True,17676.0,1621.1392786538859,20,5000.0,7,42,14,1.0,0.0,154394.2170146558,154394.2170146558,154394.2170146558,192992.77126831975,128661.84751221316,270189.87977564766,192992.77126831975,128661.84751221316,11492641.0,128661.84751221316,270189.87977564766,1.1195150663125486,2.3509816392563527,False,False,weekly_timing_eligible,2020
Belgium,primary,3,2020-09-12,2020-12-27,weekly,True,True,2020-10-17,2020-10-27,-10.0,10.0,True,547340.0,9398.381159577391,20,5000.0,7,42,14,1.0,0.0,895083.9199597515,895083.9199597515,895083.9199597515,1118854.8999496896,745903.2666331263,1566396.859929565,1118854.8999496896,745903.2666331263,11492641.0,745903.2666331263,1566396.859929565,6.490268569540511,13.629563996035072,False,False,weekly_timing_eligible,2020
Belgium,primary,4,2021-02-07,2021-05-04,weekly,True,True,2021-04-12,2021-04-23,-11.0,11.0,True,275757.0,815.099333940493,20,5000.0,7,42,14,1.0,0.0,135849.88899008217,135849.88899008217,135849.88899008217,135849.88899008217,135849.88899008217,135849.88899008217,169812.36123760272,113208.24082506848,11492641.0,113208.24082506848,169812.36123760272,0.9850498316711406,1.4775747475067107,False,True,weekly_timing_eligible,2021_pre_omicron
Belgium,primary,5,2021-07-23,2021-09-05,weekly,True,True,2021-08-20,2021-08-18,2.0,2.0,True,79847.0,237.8496747407334,20,5000.0,7,42,14,1.0,0.0,39641.6124567889,39641.6124567889,39641.6124567889,39641.6124567889,39641.6124567889,39641.6124567889,49552.01557098613,33034.67704732408,11492641.0,33034.67704732408,49552.01557098613,0.2874419991655885,0.4311629987483828,False,True,weekly_timing_eligible,2021_pre_omicron
Belgium,primary,6,2021-09-05,2021-10-15,weekly,True,True,2021-10-07,2021-09-18,19.0,19.0,True,87861.0,1150.4548248639076,20,5000.0,7,42,14,1.0,0.0,191742.47081065126,191742.47081065126,191742.47081065126,191742.47081065126,191742.47081065126,191742.47081065126,239678.08851331408,159785.39234220938,11492641.0,159785.39234220938,239678.08851331408,1.3903278832272703,2.0854918248409056,False,False,weekly_timing_eligible,2021_pre_omicron
Belgium,primary,7,2021-10-15,2021-12-25,weekly,True,True,2021-11-13,2021-11-27,-14.0,14.0,True,761890.0,3009.812660387738,20,5000.0,7,42,14,1.0,0.0,501635.4433979563,501635.4433979563,501635.4433979563,501635.4433979563,501635.4433979563,501635.4433979563,627044.3042474455,418029.5361649636,11492641.0,418029.5361649636,627044.3042474455,3.6373670435277985,5.456050565291699,False,True,weekly_timing_eligible,2021_pre_omicron
Belgium,primary,8,2021-12-25,2022-02-08,weekly,True,True,2022-01-13,2022-01-24,-11.0,11.0,True,1325779.0,267.4738488871542,20,5000.0,7,42,14,1.0,0.0,267473.8488871542,133736.9244435771,89157.94962905139,222894.8740726285,334342.3111089427,44578.974814525696,334342.3111089427,222894.8740726285,11492641.0,44578.974814525696,334342.3111089427,0.3878914760717375,2.9091860705380315,False,True,weekly_timing_eligible,omicron_era
Belgium,primary,9,2022-02-08,2022-05-06,weekly,True,True,2022-03-20,2022-03-22,-2.0,2.0,True,743503.0,1962.459867748899,20,5000.0,7,42,14,1.0,0.0,1962459.867748899,981229.9338744495,654153.289249633,1635383.2231240824,2453074.8346861233,327076.6446248165,2453074.8346861233,1635383.2231240824,11492641.0,327076.6446248165,2453074.8346861233,2.84596590657288,21.344744299296597,False,True,weekly_timing_eligible,omicron_era
Belgium,primary,10,2022-05-06,2022-06-13,weekly,True,True,2022-05-27,2022-06-10,-14.0,14.0,True,89104.0,528.6955266657183,20,5000.0,7,42,14,1.0,0.0,528695.5266657183,264347.76333285915,176231.8422219061,440579.60555476526,660869.4083321478,88115.92111095304,660869.4083321478,440579.60555476526,11492641.0,88115.92111095304,660869.4083321478,0.7667160325546847,5.750370244160135,False,True,weekly_timing_eligible,omicron_era
Belgium,primary,11,2022-07-09,2022-08-23,weekly,True,True,2022-07-25,2022-07-17,8.0,8.0,True,176740.0,1069.079330060401,20,5000.0,7,42,14,1.0,0.0,1069079.330060401,534539.6650302005,356359.7766868003,890899.4417170009,1336349.162575501,178179.88834340015,1336349.162575501,890899.4417170009,11492641.0,178179.88834340015,1336349.162575501,1.550382443368762,11.627868325265716,False,False,weekly_timing_eligible,omicron_era
Belgium,primary,12,2022-08-23,2022-10-22,weekly,True,True,2022-09-18,2022-10-08,-20.0,20.0,True,130818.0,1265.05784593998,20,5000.0,7,42,14,1.0,0.0,1265057.8459399801,632528.9229699901,421685.94864666,1054214.8716166501,1581322.307424975,210842.97432333,1581322.307424975,1054214.8716166501,11492641.0,210842.97432333,1581322.307424975,1.834591146833265,13.759433601249487,False,False,weekly_timing_eligible,omicron_era
Belgium,primary,13,2022-10-22,2022-12-31,weekly,True,True,2022-12-04,2022-12-13,-9.0,9.0,True,65810.0,3046.1634620303826,20,5000.0,7,42,14,1.0,0.0,3046163.4620303824,1523081.7310151912,1015387.8206767942,2538469.5516919857,3807704.327537978,507693.9103383971,3807704.327537978,2538469.5516919857,11492641.0,507693.9103383971,3807704.327537978,4.417556507145721,33.13167380359291,False,False,weekly_timing_eligible,omicron_era
Belize,primary,1,2020-03-19,2020-07-02,monthly,False,False,2020-05-25,,,,False,28.0,24.067641016136115,20,5000.0,7,42,14,1.0,0.0,2292.1562872510585,2292.1562872510585,2292.1562872510585,2865.195359063823,1910.1302393758822,4011.2735026893524,2865.195359063823,1910.1302393758822,397621.0,1910.1302393758822,4011.2735026893524,0.480389677450608,1.0088183226462768,False,False,monthly_descriptive_only,2020
Belize,primary,2,2020-08-22,2021-01-03,monthly,False,False,2020-11-13,,,,False,10253.0,257.94385483052696,20,5000.0,7,42,14,1.0,0.0,24566.081412431136,24566.081412431136,24566.081412431136,30707.601765538926,20471.73451035928,42990.642471754494,30707.601765538926,20471.73451035928,397621.0,20471.73451035928,42990.642471754494,5.148554656408812,10.811964778458506,False,False,monthly_descriptive_only,2020
Belize,primary,3,2021-01-03,2021-03-19,monthly,False,False,2021-01-23,,,,False,1593.0,44.181512830617805,20,5000.0,7,42,14,1.0,0.0,7363.585471769634,7363.585471769634,7363.585471769634,7363.585471769634,7363.585471769634,7363.585471769634,9204.481839712043,6136.321226474695,397621.0,6136.321226474695,9204.481839712043,1.5432588385610155,2.314888257841523,False,False,monthly_descriptive_only,2021_pre_omicron
Belize,primary,4,2021-03-19,2021-06-19,monthly,False,False,2021-05-18,,,,False,605.0,42.386787494238,20,5000.0,7,42,14,1.0,0.0,7064.464582373,7064.464582373,7064.464582373,7064.464582373,7064.464582373,7064.464582373,8830.580727966251,5887.053818644167,397621.0,5887.053818644167,8830.580727966251,1.4805691396189256,2.220853709428388,False,False,monthly_descriptive_only,2021_pre_omicron
Belize,primary,5,2021-06-19,2021-08-27,monthly,False,False,2021-08-14,,,,False,3008.0,156.56953315234858,20,5000.0,7,42,14,1.0,0.0,26094.922192058097,26094.922192058097,26094.922192058097,26094.922192058097,26094.922192058097,26094.922192058097,32618.652740072623,21745.768493381747,397621.0,21745.768493381747,32618.652740072623,5.468968815374879,8.203453223062319,False,False,monthly_descriptive_only,2021_pre_omicron
Belize,primary,6,2021-08-27,2021-12-02,monthly,False,False,2021-10-18,,,,False,14725.0,351.80603964888684,20,5000.0,7,42,14,1.0,0.0,58634.339941481136,58634.339941481136,58634.339941481136,58634.339941481136,58634.339941481136,58634.339941481136,73292.92492685142,48861.94995123428,397621.0,48861.94995123428,73292.92492685142,12.288573780367305,18.43286067055096,False,False,monthly_descriptive_only,2021_pre_omicron
Belize,primary,7,2021-12-02,2022-02-28,monthly,False,False,2022-01-15,,,,False,26177.0,141.0644357606074,20,5000.0,7,42,14,1.0,0.0,141064.43576060742,70532.21788030371,47021.47858686913,117553.69646717285,176330.54470075926,23510.739293434566,176330.54470075926,117553.69646717285,397621.0,23510.739293434566,176330.54470075926,5.912851507700691,44.346386307755196,False,True,monthly_descriptive_only,omicron_era
Belize,primary,8,2022-02-28,2022-05-11,monthly,False,False,2022-04-03,,,,False,1190.0,59.564615856324444,20,5000.0,7,42,14,1.0,0.0,59564.615856324446,29782.307928162223,19854.871952108148,49637.17988027038,74455.76982040555,9927.435976054074,74455.76982040555,49637.17988027038,397621.0,9927.435976054074,74455.76982040555,2.496708165829791,18.725311243723432,False,False,monthly_descriptive_only,omicron_era
Belize,primary,9,2022-05-11,2022-08-31,monthly,False,False,2022-07-08,,,,False,10573.0,120.37870086596568,20,5000.0,7,42,14,1.0,0.0,120378.70086596569,60189.35043298284,40126.23362198856,100315.5840549714,150473.3760824571,20063.11681099428,150473.3760824571,100315.5840549714,397621.0,20063.11681099428,150473.3760824571,5.045789033022471,37.84341774766853,False,False,monthly_descriptive_only,omicron_era
Belize,primary,10,2022-08-31,2022-11-26,monthly,False,False,2022-10-27,,,,False,774.0,83.72971327461038,20,5000.0,7,42,14,1.0,0.0,83729.71327461037,41864.85663730519,27909.904424870125,69774.76106217531,104662.14159326296,13954.952212435062,104662.14159326296,69774.76106217531,397621.0,13954.952212435062,104662.14159326296,3.5096114673105956,26.322086004829465,False,False,monthly_descriptive_only,omicron_era
Bolivia,primary,1,2020-02-01,2020-03-29,monthly,False,False,2020-02-12,,,,False,81.0,840.3006690352518,20,5000.0,7,42,14,1.0,0.0,80028.63514621445,80028.63514621445,80028.63514621445,100035.79393276808,66690.52928851204,140050.11150587528,100035.79393276808,66690.52928851204,11673029.0,66690.52928851204,140050.11150587528,0.571321542065149,1.1997752383368128,False,False,monthly_descriptive_only,2020
Bolivia,primary,2,2020-03-29,2020-09-27,monthly,False,False,2020-06-25,,,,False,133827.0,24332.729876886027,20,5000.0,7,42,14,1.0,0.0,2317402.8454177165,2317402.8454177165,2317402.8454177165,2896753.5567721464,1931169.0378480975,4055454.9794810046,2896753.5567721464,1931169.0378480975,11673029.0,1931169.0378480975,4055454.9794810046,16.54385539390074,34.74209632719155,False,False,monthly_descriptive_only,2020
Bolivia,primary,3,2020-09-27,2020-11-15,monthly,False,False,2020-10-13,,,,False,9654.0,1277.5478763455592,20,5000.0,7,42,14,1.0,0.0,121671.22631862467,121671.22631862467,121671.22631862467,152089.03289828086,101392.6885988539,212924.6460575932,152089.03289828086,101392.6885988539,11673029.0,101392.6885988539,212924.6460575932,0.8686064996399299,1.8240736492438525,False,False,monthly_descriptive_only,2020
Bolivia,primary,4,2020-11-15,2021-03-14,monthly,False,False,2021-01-02,,,,False,116208.0,12178.694810054698,20,5000.0,7,42,14,1.0,0.0,2029782.4683424495,2029782.4683424495,2029782.4683424495,2029782.4683424495,2029782.4683424495,2029782.4683424495,2537228.0854280624,1691485.3902853748,11673029.0,1691485.3902853748,2537228.0854280624,14.49054388784072,21.735815831761084,False,False,monthly_descriptive_only,2021_pre_omicron
Bolivia,primary,5,2021-03-14,2021-09-16,monthly,False,False,2021-05-21,,,,False,237028.0,19119.591851617075,20,5000.0,7,42,14,1.0,0.0,3186598.6419361793,3186598.6419361793,3186598.6419361793,3186598.6419361793,3186598.6419361793,3186598.6419361793,3983248.3024202245,2655498.8682801495,11673029.0,2655498.8682801495,3983248.3024202245,22.749012859302837,34.12351928895426,False,False,monthly_descriptive_only,2021_pre_omicron
Bosnia,primary,1,2020-02-01,2020-04-29,monthly,False,False,2020-03-30,,,,False,1677.0,89.14140298971259,20,5000.0,7,42,14,1.0,0.0,8489.657427591674,8489.657427591674,8489.657427591674,10612.071784489595,7074.714522993063,14856.900498285431,10612.071784489595,7074.714522993063,3280815.0,7074.714522993063,14856.900498285431,0.2156389349290668,0.45284176335104026,False,False,monthly_descriptive_only,2020
Bosnia,primary,2,2020-04-29,2020-06-22,monthly,False,False,2020-06-15,,,,False,1940.0,189.44401233177044,20,5000.0,7,42,14,1.0,0.0,18042.28688874004,18042.28688874004,18042.28688874004,22552.858610925054,15035.239073950035,31574.002055295074,22552.858610925054,15035.239073950035,3280815.0,15035.239073950035,31574.002055295074,0.4582775643841556,0.9623828852067268,False,False,monthly_descriptive_only,2020
Bosnia,primary,3,2020-06-22,2020-09-19,monthly,False,False,2020-08-21,,,,False,21944.0,1349.7445103443874,20,5000.0,7,42,14,1.0,0.0,128547.09622327499,128547.09622327499,128547.09622327499,160683.87027909374,107122.58018606249,224957.41839073124,160683.87027909374,107122.58018606249,3280815.0,107122.58018606249,224957.41839073124,3.265121019809483,6.856754141599915,False,False,monthly_descriptive_only,2020
Bosnia,primary,4,2020-09-19,2021-01-09,monthly,False,False,2020-11-14,,,,False,90482.0,5784.9671892973965,20,5000.0,7,42,14,1.0,0.0,550949.2561235615,550949.2561235615,550949.2561235615,688686.570154452,459124.38010296796,964161.1982162327,688686.570154452,459124.38010296796,3280815.0,459124.38010296796,964161.1982162327,13.994217293659288,29.387856316684502,False,False,monthly_descriptive_only,2020
Bosnia,primary,5,2021-01-09,2021-07-16,monthly,False,False,2021-03-25,,,,False,90365.0,6277.329743402101,20,5000.0,7,42,14,1.0,0.0,1046221.6239003501,1046221.6239003501,1046221.6239003501,1046221.6239003501,1046221.6239003501,1046221.6239003501,1307777.0298754377,871851.3532502918,3280815.0,871851.3532502918,1307777.0298754377,26.574230892332906,39.86134633849936,False,False,monthly_descriptive_only,2021_pre_omicron
Bosnia,primary,6,2021-07-16,2021-09-22,monthly,False,False,2021-09-04,,,,False,24093.0,1574.025395225244,20,5000.0,7,42,14,1.0,0.0,262337.565870874,262337.565870874,262337.565870874,262337.565870874,262337.565870874,262337.565870874,327921.9573385925,218614.63822572833,3280815.0,218614.63822572833,327921.9573385925,6.66342473518709,9.995137102780635,False,False,monthly_descriptive_only,2021_pre_omicron
Bosnia,primary,7,2021-09-22,2021-12-23,monthly,False,False,2021-11-09,,,,False,58687.0,4003.209912241355,20,5000.0,7,42,14,1.0,0.0,667201.6520402258,667201.6520402258,667201.6520402258,667201.6520402258,667201.6520402258,667201.6520402258,834002.0650502824,556001.3767001883,3280815.0,556001.3767001883,834002.0650502824,16.947050556041358,25.420575834062035,False,False,monthly_descriptive_only,2021_pre_omicron
Bosnia,primary,8,2021-12-23,2022-05-08,monthly,False,False,2022-01-27,,,,False,91000.0,2614.2813759727846,20,5000.0,7,42,14,1.0,0.0,2614281.3759727846,1307140.6879863923,871427.1253242615,2178567.813310654,3267851.719965981,435713.56266213075,3267851.719965981,2178567.813310654,3280815.0,435713.56266213075,3267851.719965981,13.280650163515185,99.6048762263639,False,False,monthly_descriptive_only,omicron_era
Bosnia,primary,9,2022-05-08,2022-10-10,monthly,False,False,2022-08-16,,,,False,21908.0,579.7297771647518,20,5000.0,7,42,14,1.0,0.0,579729.7771647518,289864.8885823759,193243.25905491726,483108.1476372932,724662.2214559397,96621.62952745863,724662.2214559397,483108.1476372932,3280815.0,96621.62952745863,724662.2214559397,2.9450496150334176,22.087872112750635,False,False,monthly_descriptive_only,omicron_era
Bosnia,primary,10,2022-10-10,2022-12-31,monthly,False,False,2022-11-21,,,,False,1921.0,72.45122873095964,20,5000.0,7,42,14,1.0,0.0,72451.22873095964,36225.61436547982,24150.409576986545,60376.023942466374,90564.03591369955,12075.204788493273,90564.03591369955,60376.023942466374,3280815.0,12075.204788493273,90564.03591369955,0.36805503475487866,2.7604127606615902,False,False,monthly_descriptive_only,omicron_era
Brazil,primary,1,2020-02-01,2020-03-01,monthly,False,False,2020-02-22,,,,False,2.0,8990.10972003975,20,5000.0,7,42,14,1.0,0.0,856200.9257180714,856200.9257180714,856200.9257180714,1070251.1571475894,713500.7714317263,1498351.620006625,1070251.1571475894,713500.7714317263,212559409.0,713500.7714317263,1498351.620006625,0.3356712247123938,0.704909571896027,False,False,monthly_descriptive_only,2020
Brazil,primary,2,2020-03-01,2020-06-09,monthly,False,False,2020-04-29,,,,False,743915.0,81860.07813478589,20,5000.0,7,42,14,1.0,0.0,7796197.917598655,7796197.917598655,7796197.917598655,9745247.39699832,6496831.59799888,13643346.355797647,9745247.39699832,6496831.59799888,212559409.0,6496831.59799888,13643346.355797647,3.056478011753825,6.41860382468303,False,False,monthly_descriptive_only,2020
Brazil,primary,3,2020-06-09,2020-09-08,monthly,False,False,2020-07-19,,,,False,3476367.0,73848.5698267396,20,5000.0,7,42,14,1.0,0.0,7033197.126356151,7033197.126356151,7033197.126356151,8791496.40794519,5860997.605296793,12308094.971123265,8791496.40794519,5860997.605296793,212559409.0,5860997.605296793,12308094.971123265,2.7573456441520277,5.790425852719259,False,False,monthly_descriptive_only,2020
Brazil,primary,4,2020-09-08,2020-10-15,monthly,False,False,2020-09-28,,,,False,1026965.0,24976.379406242533,20,5000.0,7,42,14,1.0,0.0,2378702.800594527,2378702.800594527,2378702.800594527,2973378.500743159,1982252.3338287724,4162729.9010404223,2973378.500743159,1982252.3338287724,212559409.0,1982252.3338287724,4162729.9010404223,0.9325639091463471,1.9583842092073291,False,False,monthly_descriptive_only,2020
Brazil,primary,5,2020-10-15,2021-01-15,monthly,False,False,2020-12-24,,,,False,3255999.0,98532.08017623455,20,5000.0,7,42,14,1.0,0.0,9384007.63583186,9384007.63583186,9384007.63583186,11730009.544789828,7820006.363193219,16422013.362705758,11730009.544789828,7820006.363193219,212559409.0,7820006.363193219,16422013.362705758,3.6789744570625986,7.725846359831457,False,False,monthly_descriptive_only,2020
Brazil,primary,6,2021-01-15,2021-09-20,monthly,False,False,2021-03-05,,,,False,12919588.0,443309.81003753736,20,5000.0,7,42,14,1.0,0.0,73884968.33958957,73884968.33958957,73884968.33958957,73884968.33958957,73884968.33958957,73884968.33958957,92356210.42448696,61570806.94965797,212559409.0,61570806.94965797,92356210.42448696,28.966399200732614,43.44959880109892,False,False,monthly_descriptive_only,2021_pre_omicron
Brazil,primary,7,2021-09-20,2021-11-08,monthly,False,False,2021-10-20,,,,False,647691.0,28470.509892230977,20,5000.0,7,42,14,1.0,0.0,4745084.982038496,4745084.982038496,4745084.982038496,4745084.982038496,4745084.982038496,4745084.982038496,5931356.227548121,3954237.48503208,212559409.0,3954237.48503208,5931356.227548121,1.86029755334523,2.7904463300178444,False,False,monthly_descriptive_only,2021_pre_omicron
Brazil,primary,8,2021-11-08,2022-03-16,monthly,False,False,2022-01-01,,,,False,7604219.0,136389.0312297757,20,5000.0,7,42,14,1.0,0.0,136389031.2297757,68194515.61488785,45463010.40992523,113657526.02481309,170486289.0372196,22731505.204962615,170486289.0372196,113657526.02481309,212559409.0,22731505.204962615,170486289.0372196,10.69418912665617,80.20641844992127,False,False,monthly_descriptive_only,omicron_era
Brazil,primary,9,2022-03-16,2022-08-14,monthly,False,False,2022-05-30,,,,False,4707092.0,75315.03168241297,20,5000.0,7,42,14,1.0,0.0,75315031.68241297,37657515.84120648,25105010.560804322,62762526.40201081,94143789.60301621,12552505.280402161,94143789.60301621,62762526.40201081,212559409.0,12552505.280402161,94143789.60301621,5.905410322439391,44.29057741829542,False,False,monthly_descriptive_only,omicron_era
Brazil,primary,10,2022-08-14,2022-09-18,monthly,False,False,2022-08-27,,,,False,420702.0,13971.244427539854,20,5000.0,7,42,14,1.0,0.0,13971244.427539853,6985622.213769927,4657081.4758466175,11642703.689616546,17464055.534424815,2328540.7379233087,17464055.534424815,11642703.689616546,212559409.0,2328540.7379233087,17464055.534424815,1.0954776120605927,8.216082090454446,False,False,monthly_descriptive_only,omicron_era
Brazil,primary,11,2022-09-18,2022-12-31,monthly,False,False,2022-11-03,,,,False,1762584.0,43024.764662636866,20,5000.0,7,42,14,1.0,0.0,43024764.66263687,21512382.331318434,14341588.220878955,35853970.55219739,53780955.82829608,7170794.1104394775,53780955.82829608,35853970.55219739,212559409.0,7170794.1104394775,53780955.82829608,3.3735481972663357,25.301611479497517,False,False,monthly_descriptive_only,omicron_era
Brunei,primary,1,2020-04-11,2020-07-10,monthly,False,False,2020-05-27,,,,False,5.0,74.26875932943685,20,5000.0,7,42,14,1.0,0.0,7073.21517423208,7073.21517423208,7073.21517423208,8841.518967790102,5894.345978526734,12378.12655490614,8841.518967790102,5894.345978526734,437483.0,5894.345978526734,12378.12655490614,1.3473314342561273,2.829396011937867,False,False,monthly_descriptive_only,2020
Brunei,primary,2,2020-12-18,2021-04-18,monthly,False,False,2021-02-05,,,,False,69.0,46.53714333566415,20,5000.0,7,42,14,1.0,0.0,7756.190555944025,7756.190555944025,7756.190555944025,7756.190555944025,7756.190555944025,7756.190555944025,9695.238194930032,6463.492129953354,437483.0,6463.492129953354,9695.238194930032,1.477427038297112,2.216140557445668,False,False,monthly_descriptive_only,2021_pre_omicron
Brunei,primary,3,2021-04-18,2021-08-14,monthly,False,False,2021-06-03,,,,False,419.0,68.16483894412241,20,5000.0,7,42,14,1.0,0.0,11360.806490687068,11360.806490687068,11360.806490687068,11360.806490687068,11360.806490687068,11360.806490687068,14201.008113358836,9467.338742239224,437483.0,9467.338742239224,14201.008113358836,2.164047229775608,3.246070844663412,False,False,monthly_descriptive_only,2021_pre_omicron
Brunei,primary,4,2021-08-14,2022-01-18,monthly,False,False,2021-11-02,,,,False,15321.0,376.6644574768517,20,5000.0,7,42,14,1.0,0.0,62777.40957947528,62777.40957947528,62777.40957947528,62777.40957947528,62777.40957947528,62777.40957947528,78471.7619743441,52314.507982896066,437483.0,52314.507982896066,78471.7619743441,11.958066480959504,17.937099721439257,False,False,monthly_descriptive_only,2021_pre_omicron
Brunei,primary,5,2022-01-18,2022-04-13,monthly,False,False,2022-02-28,,,,False,123377.0,209.03205181521923,20,5000.0,7,42,14,1.0,0.0,209032.05181521922,104516.02590760961,69677.35060507308,174193.3765126827,261290.06476902403,34838.67530253654,261290.06476902403,174193.3765126827,437483.0,34838.67530253654,261290.06476902403,7.963435219776891,59.72576414832668,False,True,monthly_descriptive_only,omicron_era
Brunei,primary,6,2022-04-13,2022-07-01,monthly,False,False,2022-05-26,,,,False,25666.0,178.8144038489383,20,5000.0,7,42,14,1.0,0.0,178814.4038489383,89407.20192446915,59604.80128297943,149012.0032074486,223518.00481117287,29802.400641489716,223518.00481117287,149012.0032074486,437483.0,29802.400641489716,223518.00481117287,6.812241993743693,51.09181495307769,False,False,monthly_descriptive_only,omicron_era
Brunei,primary,7,2022-07-01,2022-08-30,monthly,False,False,2022-07-27,,,,False,56345.0,106.76668673063132,20,5000.0,7,42,14,1.0,0.0,106766.68673063132,53383.34336531566,35588.895576877105,88972.23894219278,133458.35841328916,17794.447788438552,133458.35841328916,88972.23894219278,437483.0,17794.447788438552,133458.35841328916,4.067460401532986,30.505953011497397,False,True,monthly_descriptive_only,omicron_era
Brunei,primary,8,2022-08-30,2022-12-06,monthly,False,False,2022-10-04,,,,False,37676.0,129.95096450476495,20,5000.0,7,42,14,1.0,0.0,129950.96450476495,64975.48225238248,43316.98816825498,108292.47042063747,162438.7056309562,21658.49408412749,162438.7056309562,108292.47042063747,437483.0,21658.49408412749,162438.7056309562,4.950705303778087,37.13028977833566,False,True,monthly_descriptive_only,omicron_era
Bulgaria,primary,1,2020-05-16,2020-06-28,weekly,True,True,2020-06-14,2020-06-15,-1.0,1.0,True,2553.0,292.31549298344305,20,5000.0,7,42,14,1.0,0.0,27839.570760327908,27839.570760327908,27839.570760327908,34799.46345040989,23199.64230027326,48719.248830573844,34799.46345040989,23199.64230027326,6948445.0,23199.64230027326,48719.248830573844,0.3338825060898267,0.7011532627886361,False,False,weekly_timing_eligible,2020
Bulgaria,primary,2,2020-06-28,2020-07-30,weekly,True,True,2020-07-14,2020-07-20,-6.0,6.0,True,6795.0,475.95848173912765,20,5000.0,7,42,14,1.0,0.0,45329.37921325025,45329.37921325025,45329.37921325025,56661.72401656282,37774.48267770854,79326.41362318794,56661.72401656282,37774.48267770854,6948445.0,37774.48267770854,79326.41362318794,0.5436393707902781,1.1416426786595841,False,False,weekly_timing_eligible,2020
Bulgaria,primary,3,2020-09-03,2021-01-04,weekly,True,True,2020-11-09,2020-11-16,-7.0,7.0,True,187463.0,17395.26367958254,20,5000.0,7,42,14,1.0,0.0,1656691.7790078607,1656691.7790078607,1656691.7790078607,2070864.723759826,1380576.4825065506,2899210.6132637565,2070864.723759826,1380576.4825065506,6948445.0,1380576.4825065506,2899210.6132637565,19.868855297934292,41.724596125662025,False,False,weekly_timing_eligible,2020
Bulgaria,primary,4,2021-01-04,2021-05-20,weekly,True,True,2021-03-14,2021-03-27,-13.0,13.0,True,213004.0,14257.608162206616,20,5000.0,7,42,14,1.0,0.0,2376268.027034436,2376268.027034436,2376268.027034436,2376268.027034436,2376268.027034436,2376268.027034436,2970335.033793045,1980223.35586203,6948445.0,1980223.35586203,2970335.033793045,28.498798736437145,42.74819810465572,False,False,weekly_timing_eligible,2021_pre_omicron
Bulgaria,primary,5,2021-05-20,2021-07-02,weekly,True,True,2021-06-07,2021-05-28,10.0,10.0,True,6296.0,1088.9770490685632,20,5000.0,7,42,14,1.0,0.0,181496.17484476054,181496.17484476054,181496.17484476054,181496.17484476054,181496.17484476054,181496.17484476054,226870.2185559507,151246.8123706338,6948445.0,151246.8123706338,226870.2185559507,2.1767001447177576,3.2650502170766367,False,False,weekly_timing_eligible,2021_pre_omicron
Bulgaria,primary,6,2021-07-02,2021-09-06,weekly,True,True,2021-08-30,2021-09-18,-19.0,19.0,False,40808.0,5067.180805425689,20,5000.0,7,42,14,1.0,0.0,844530.1342376148,844530.1342376148,844530.1342376148,844530.1342376148,844530.1342376148,844530.1342376148,1055662.6677970185,703775.111864679,6948445.0,703775.111864679,1055662.6677970185,10.128526769150206,15.19279015372531,False,False,weekly_timing_eligible,2021_pre_omicron
Bulgaria,primary,7,2021-09-06,2021-12-21,weekly,True,True,2021-10-15,2021-10-26,-11.0,11.0,True,266644.0,20752.41175390594,20,5000.0,7,42,14,1.0,0.0,3458735.292317657,3458735.292317657,3458735.292317657,3458735.292317657,3458735.292317657,3458735.292317657,4323419.1153970715,2882279.410264714,6948445.0,2882279.410264714,4323419.1153970715,41.48092717528475,62.22139076292712,False,False,weekly_timing_eligible,2021_pre_omicron
Bulgaria,primary,8,2021-12-21,2022-02-27,weekly,True,True,2022-01-20,2022-01-24,-4.0,4.0,True,361726.0,7847.532411789028,20,5000.0,7,42,14,1.0,0.0,7847532.411789028,3923766.205894514,2615844.1372630093,6539610.343157523,9809415.514736284,1307922.0686315047,9809415.514736284,6539610.343157523,6948445.0,1307922.0686315047,9809415.514736284,18.823234099593574,141.1742557469518,True,False,weekly_timing_eligible,omicron_era
Bulgaria,primary,9,2022-02-27,2022-04-18,weekly,True,True,2022-03-03,2022-03-07,-4.0,4.0,True,62546.0,938.2743871766442,20,5000.0,7,42,14,1.0,0.0,938274.3871766442,469137.1935883221,312758.1290588814,781895.3226472036,1172842.983970805,156379.0645294407,1172842.983970805,781895.3226472036,6948445.0,156379.0645294407,1172842.983970805,2.2505620254523233,16.879215190892424,False,False,weekly_timing_eligible,omicron_era
Bulgaria,primary,10,2022-05-30,2022-07-21,weekly,True,True,2022-07-11,2022-07-25,-14.0,14.0,False,27552.0,568.9272894585783,20,5000.0,7,42,14,1.0,0.0,568927.2894585783,284463.64472928917,189642.42981952612,474106.0745488153,711159.111823223,94821.21490976306,711159.111823223,474106.0745488153,6948445.0,94821.21490976306,711159.111823223,1.364639353261961,10.234795149464707,False,False,weekly_timing_eligible,omicron_era
Bulgaria,primary,11,2022-08-28,2022-09-24,weekly,True,True,2022-09-08,2022-09-10,-2.0,2.0,True,15270.0,272.3278870970829,20,5000.0,7,42,14,1.0,0.0,272327.8870970829,136163.94354854146,90775.9623656943,226939.90591423577,340409.8588713536,45387.98118284715,340409.8588713536,226939.90591423577,6948445.0,45387.98118284715,340409.8588713536,0.6532106274547349,4.899079705910512,False,False,weekly_timing_eligible,omicron_era
Bulgaria,primary,12,2022-09-24,2022-12-31,weekly,True,True,2022-10-10,2022-10-11,-1.0,1.0,True,37422.0,186.8574398569334,20,5000.0,7,42,14,1.0,0.0,186857.4398569334,93428.7199284667,62285.81328564447,155714.5332141112,233571.79982116676,31142.906642822236,233571.79982116676,155714.5332141112,6948445.0,31142.906642822236,233571.79982116676,0.44819965679835183,3.3614974259876385,False,True,weekly_timing_eligible,omicron_era
Cabo Verde,primary,1,2020-04-22,2020-07-09,monthly,False,False,2020-05-28,,,,False,1484.0,63.716927827738274,20,5000.0,7,42,14,1.0,0.0,6068.278840736978,6068.278840736978,6068.278840736978,7585.348550921223,5056.899033947482,10619.487971289713,7585.348550921223,5056.899033947482,555988.0,5056.899033947482,10619.487971289713,0.9095338449656256,1.9100210744278137,False,False,monthly_descriptive_only,2020
Cabo Verde,primary,2,2020-07-09,2020-10-31,monthly,False,False,2020-09-14,,,,False,7251.0,165.4665405189218,20,5000.0,7,42,14,1.0,0.0,15758.718144659217,15758.718144659217,15758.718144659217,19698.397680824022,13132.265120549348,27577.75675315363,19698.397680824022,13132.265120549348,555988.0,13132.265120549348,27577.75675315363,2.361969164900924,4.96013524629194,False,False,monthly_descriptive_only,2020
Cabo Verde,primary,3,2020-10-31,2020-12-26,monthly,False,False,2020-11-11,,,,False,3004.0,54.47086850603819,20,5000.0,7,42,14,1.0,0.0,5187.701762479827,5187.701762479827,5187.701762479827,6484.627203099784,4323.084802066523,9078.478084339698,6484.627203099784,4323.084802066523,555988.0,4323.084802066523,9078.478084339698,0.7775500194368444,1.6328550408173734,False,False,monthly_descriptive_only,2020
Cabo Verde,primary,4,2020-12-26,2021-02-17,monthly,False,False,2021-01-26,,,,False,3152.0,24.941087603130892,20,5000.0,7,42,14,1.0,0.0,4156.847933855149,4156.847933855149,4156.847933855149,4156.847933855149,4156.847933855149,4156.847933855149,5196.059917318937,3464.0399448792905,555988.0,3464.0399448792905,5196.059917318937,0.6230422140188799,0.9345633210283202,False,False,monthly_descriptive_only,2021_pre_omicron
Cabo Verde,primary,5,2021-02-17,2021-07-15,monthly,False,False,2021-04-01,,,,False,18395.0,283.2811263207879,20,5000.0,7,42,14,1.0,0.0,47213.52105346465,47213.52105346465,47213.52105346465,47213.52105346465,47213.52105346465,47213.52105346465,59016.901316830816,39344.60087788721,555988.0,39344.60087788721,59016.901316830816,7.0765197950112615,10.61477969251689,False,False,monthly_descriptive_only,2021_pre_omicron
Cabo Verde,primary,6,2021-07-15,2021-10-07,monthly,False,False,2021-08-25,,,,False,4681.0,135.84212640785202,20,5000.0,7,42,14,1.0,0.0,22640.35440130867,22640.35440130867,22640.35440130867,22640.35440130867,22640.35440130867,22640.35440130867,28300.443001635842,18866.96200109056,555988.0,18866.96200109056,28300.443001635842,3.393411728506831,5.090117592760247,False,False,monthly_descriptive_only,2021_pre_omicron
Cabo Verde,primary,7,2021-11-05,2022-02-12,monthly,False,False,2021-12-25,,,,False,17607.0,177.63969651462867,20,5000.0,7,42,14,1.0,0.0,177639.69651462865,88819.84825731433,59213.232171542884,148033.08042885724,222049.62064328583,29606.616085771442,222049.62064328583,148033.08042885724,555988.0,29606.616085771442,222049.62064328583,5.325045879726081,39.937844097945614,False,False,monthly_descriptive_only,omicron_era
Cabo Verde,primary,8,2022-02-12,2022-05-19,monthly,False,False,2022-04-24,,,,False,294.0,36.67657307641204,20,5000.0,7,42,14,1.0,0.0,36676.57307641204,18338.28653820602,12225.524358804014,30563.810897010037,45845.71634551505,6112.762179402007,45845.71634551505,30563.810897010037,555988.0,6112.762179402007,45845.71634551505,1.0994413871166298,8.245810403374723,False,False,monthly_descriptive_only,omicron_era
Cabo Verde,primary,9,2022-05-19,2022-07-28,monthly,False,False,2022-06-25,,,,False,5987.0,87.79418235494092,20,5000.0,7,42,14,1.0,0.0,87794.18235494092,43897.09117747046,29264.72745164697,73161.81862911744,109742.72794367615,14632.363725823485,109742.72794367615,73161.81862911744,555988.0,14632.363725823485,109742.72794367615,2.6317768955127603,19.738326716345703,False,False,monthly_descriptive_only,omicron_era
Cabo Verde,primary,10,2022-07-28,2022-10-08,monthly,False,False,2022-08-28,,,,False,273.0,73.53373067780039,20,5000.0,7,42,14,1.0,0.0,73533.73067780038,36766.86533890019,24511.243559266797,61278.108898167,91917.16334725049,12255.621779633399,91917.16334725049,61278.108898167,555988.0,12255.621779633399,91917.16334725049,2.2042960962526887,16.532220721895165,False,False,monthly_descriptive_only,omicron_era
Cabo Verde,primary,11,2022-10-08,2022-11-26,monthly,False,False,2022-11-03,,,,False,561.0,19.150225357340283,20,5000.0,7,42,14,1.0,0.0,19150.22535734028,9575.11267867014,6383.408452446761,15958.521131116904,23937.781696675353,3191.7042262233804,23937.781696675353,15958.521131116904,555988.0,3191.7042262233804,23937.781696675353,0.5740599124843307,4.30544934363248,False,False,monthly_descriptive_only,omicron_era
Canada,primary,1,2020-02-01,2020-05-28,weekly,True,True,2020-04-06,2020-04-16,-10.0,10.0,True,89502.0,13095.633427058543,20,5000.0,7,42,14,1.0,0.0,1247203.183529385,1247203.183529385,1247203.183529385,1559003.9794117315,1039335.9862744876,2182605.5711764237,1559003.9794117315,1039335.9862744876,38246108.0,1039335.9862744876,2182605.5711764237,2.7174947743035385,5.706739026037431,False,False,weekly_timing_eligible,2020
Canada,primary,2,2020-06-09,2020-07-11,weekly,True,True,2020-06-25,2020-06-18,7.0,7.0,True,11122.0,1955.670206082864,20,5000.0,7,42,14,1.0,0.0,186254.30534122515,186254.30534122515,186254.30534122515,232817.88167653146,155211.92111768763,325945.034347144,232817.88167653146,155211.92111768763,38246108.0,155211.92111768763,325945.034347144,0.40582409357231236,0.852230596501856,False,False,weekly_timing_eligible,2020
Canada,primary,3,2020-07-11,2020-08-13,weekly,True,True,2020-07-27,2020-07-20,7.0,7.0,True,14097.0,2273.7619002792776,20,5000.0,7,42,14,1.0,0.0,216548.75240755023,216548.75240755023,216548.75240755023,270685.9405094378,180457.29367295853,378960.31671321293,270685.9405094378,180457.29367295853,38246108.0,180457.29367295853,378960.31671321293,0.47183178396337355,0.9908467463230846,False,False,weekly_timing_eligible,2020
Canada,primary,4,2020-08-13,2020-09-28,weekly,True,True,2020-09-06,2020-09-11,-5.0,5.0,True,37454.0,3420.7506637540528,20,5000.0,7,42,14,1.0,0.0,325785.77750038594,325785.77750038594,325785.77750038594,407232.2218754825,271488.1479169883,570125.1106256754,407232.2218754825,271488.1479169883,38246108.0,271488.1479169883,570125.1106256754,0.709845163635966,1.4906748436355286,False,False,weekly_timing_eligible,2020
Canada,primary,5,2020-09-28,2020-10-28,weekly,True,True,2020-10-20,2020-10-31,-11.0,11.0,False,72735.0,3010.7983491774853,20,5000.0,7,42,14,1.0,0.0,286742.69992166525,286742.69992166525,286742.69992166525,358428.3749020816,238952.24993472107,501799.7248629142,358428.3749020816,238952.24993472107,38246108.0,238952.24993472107,501799.7248629142,0.6247753364465767,1.3120282065378108,False,False,weekly_timing_eligible,2020
Canada,primary,6,2020-11-26,2020-12-28,weekly,True,True,2020-12-10,2020-12-05,5.0,5.0,True,213109.0,4588.617122503737,20,5000.0,7,42,14,1.0,0.0,437011.1545241654,437011.1545241654,437011.1545241654,546263.9431552069,364175.96210347116,764769.5204172895,546263.9431552069,364175.96210347116,38246108.0,364175.96210347116,764769.5204172895,0.9521909055516738,1.999600901658515,False,False,weekly_timing_eligible,2020
Canada,primary,7,2021-02-01,2021-02-26,weekly,True,True,2021-02-08,2021-02-07,1.0,1.0,True,82471.0,870.3594938614281,20,5000.0,7,42,14,1.0,0.0,145059.91564357135,145059.91564357135,145059.91564357135,145059.91564357135,145059.91564357135,145059.91564357135,181324.8945544642,120883.26303630945,38246108.0,120883.26303630945,181324.8945544642,0.3160668349216329,0.4741002523824495,False,False,weekly_timing_eligible,2021_pre_omicron
Canada,primary,8,2021-02-26,2021-05-10,weekly,True,True,2021-04-18,2021-04-09,9.0,9.0,True,439886.0,4977.043826935079,20,5000.0,7,42,14,1.0,0.0,829507.3044891797,829507.3044891797,829507.3044891797,829507.3044891797,829507.3044891797,829507.3044891797,1036884.1306114749,691256.0870743166,38246108.0,691256.0870743166,1036884.1306114749,1.8073893612241971,2.711084041836296,False,False,weekly_timing_eligible,2021_pre_omicron
Canada,primary,9,2021-05-25,2021-06-26,weekly,True,True,2021-06-11,2021-06-25,-14.0,14.0,True,49231.0,3147.8028030765986,20,5000.0,7,42,14,1.0,0.0,524633.8005127665,524633.8005127665,524633.8005127665,524633.8005127665,524633.8005127665,524633.8005127665,655792.2506409581,437194.8337606387,38246108.0,437194.8337606387,655792.2506409581,1.143109342683022,1.714664014024533,False,False,weekly_timing_eligible,2021_pre_omicron
Canada,primary,10,2021-06-26,2021-07-18,weekly,True,False,2021-07-14,,,,False,10228.0,2112.2252328797604,20,5000.0,7,42,14,1.0,0.0,352037.5388132934,352037.5388132934,352037.5388132934,352037.5388132934,352037.5388132934,352037.5388132934,440046.9235166168,293364.6156777445,38246108.0,293364.6156777445,440046.9235166168,0.7670443635146993,1.1505665452720493,False,False,weekly_timing_eligible,2021_pre_omicron
Canada,primary,11,2021-07-18,2021-09-17,weekly,True,True,2021-08-24,2021-09-10,-17.0,17.0,True,147657.0,8272.419955942067,20,5000.0,7,42,14,1.0,0.0,1378736.6593236777,1378736.6593236777,1378736.6593236777,1378736.6593236777,1378736.6593236777,1378736.6593236777,1723420.8241545975,1148947.2161030648,38246108.0,1148947.2161030648,1723420.8241545975,3.004089242500348,4.506133863750522,False,False,weekly_timing_eligible,2021_pre_omicron
Canada,primary,12,2021-10-07,2021-11-04,weekly,True,True,2021-10-22,2021-10-15,7.0,7.0,True,77969.0,3821.2704139254406,20,5000.0,7,42,14,1.0,0.0,636878.4023209068,636878.4023209068,636878.4023209068,636878.4023209068,636878.4023209068,636878.4023209068,796098.0029011335,530732.001934089,38246108.0,530732.001934089,796098.0029011335,1.387675843863875,2.0815137657958123,False,False,weekly_timing_eligible,2021_pre_omicron
Canada,primary,13,2021-11-21,2021-12-07,weekly,True,True,2021-11-28,2021-12-06,-8.0,8.0,True,51870.0,2141.1923178153497,20,5000.0,7,42,14,1.0,0.0,356865.3863025583,356865.3863025583,356865.3863025583,356865.3863025583,356865.3863025583,356865.3863025583,446081.7328781979,297387.82191879855,38246108.0,297387.82191879855,446081.7328781979,0.7775636201173687,1.1663454301760532,False,False,weekly_timing_eligible,2021_pre_omicron
Canada,primary,14,2021-12-07,2022-03-04,weekly,True,True,2022-01-02,2022-01-07,-5.0,5.0,True,1513031.0,13999.772029335549,20,5000.0,7,42,14,1.0,0.0,13999772.02933555,6999886.014667775,4666590.676445182,11666476.691112958,17499715.036669437,2333295.338222591,17499715.036669437,11666476.691112958,38246108.0,2333295.338222591,17499715.036669437,6.10073929149233,45.75554468619248,False,False,weekly_timing_eligible,omicron_era
Canada,primary,15,2022-03-31,2022-05-08,weekly,True,True,2022-04-21,2022-04-16,5.0,5.0,True,334441.0,5366.136116714604,20,5000.0,7,42,14,1.0,0.0,5366136.116714604,2683068.058357302,1788712.038904868,4471780.09726217,6707670.145893255,894356.019452434,6707670.145893255,4471780.09726217,38246108.0,894356.019452434,6707670.145893255,2.33842361019436,17.538177076457703,False,False,weekly_timing_eligible,omicron_era
Canada,primary,16,2022-06-03,2022-07-15,weekly,True,True,2022-07-02,2022-07-05,-3.0,3.0,True,132301.0,6544.424345401388,20,5000.0,7,42,14,1.0,0.0,6544424.345401388,3272212.172700694,2181474.7818004624,5453686.954501157,8180530.431751735,1090737.3909002312,8180530.431751735,5453686.954501157,38246108.0,1090737.3909002312,8180530.431751735,2.851891206551608,21.38918404913706,False,False,weekly_timing_eligible,omicron_era
Canada,primary,17,2022-08-02,2022-08-22,weekly,True,True,2022-08-07,2022-08-08,-1.0,1.0,True,82582.0,3529.178675324123,20,5000.0,7,42,14,1.0,0.0,3529178.675324123,1764589.3376620614,1176392.8917747077,2940982.2294367696,4411473.344155153,588196.4458873539,4411473.344155153,2940982.2294367696,38246108.0,588196.4458873539,4411473.344155153,1.537924972358897,11.534437292691724,False,False,weekly_timing_eligible,omicron_era
Canada,primary,18,2022-09-24,2022-10-20,weekly,True,True,2022-10-10,2022-10-15,-5.0,5.0,True,79246.0,5281.830040684753,20,5000.0,7,42,14,1.0,0.0,5281830.040684753,2640915.0203423765,1760610.0135615843,4401525.033903961,6602287.550855941,880305.0067807921,6602287.550855941,4401525.033903961,38246108.0,880305.0067807921,6602287.550855941,2.3016851983495736,17.262638987621802,False,False,weekly_timing_eligible,omicron_era
Canada,primary,19,2022-10-20,2022-11-28,weekly,True,True,2022-11-11,2022-12-04,-23.0,23.0,False,97730.0,9093.04183263488,20,5000.0,7,42,14,1.0,0.0,9093041.832634881,4546520.916317441,3031013.944211627,7577534.860529068,11366302.290793601,1515506.9721058134,11366302.290793601,7577534.860529068,38246108.0,1515506.9721058134,11366302.290793601,3.962512923160216,29.71884692370163,False,False,weekly_timing_eligible,omicron_era
Chile,primary,1,2020-02-01,2020-03-23,weekly,True,True,2020-03-03,2020-03-08,-5.0,5.0,True,801.0,975.9622899876317,20,5000.0,7,42,14,1.0,0.0,92948.78952263159,92948.78952263159,92948.78952263159,116185.9869032895,77457.324602193,162660.3816646053,116185.9869032895,77457.324602193,19116209.0,77457.324602193,162660.3816646053,0.40519186938264273,0.8509029257035498,False,False,weekly_timing_eligible,2020
Chile,primary,2,2020-04-02,2020-07-20,weekly,True,True,2020-05-19,2020-06-09,-21.0,21.0,True,329892.0,10991.69296586774,20,5000.0,7,42,14,1.0,0.0,1046827.9015112133,1046827.9015112133,1046827.9015112133,1308534.8768890167,872356.5845926778,1831948.8276446234,1308534.8768890167,872356.5845926778,19116209.0,872356.5845926778,1831948.8276446234,4.563439249867366,9.583222424721466,False,False,weekly_timing_eligible,2020
Chile,primary,3,2020-07-20,2020-08-25,weekly,True,True,2020-08-03,2020-07-19,15.0,15.0,False,70055.0,1374.745282284113,20,5000.0,7,42,14,1.0,0.0,130928.12212229647,130928.12212229647,130928.12212229647,163660.1526528706,109106.76843524707,229124.21371401884,163660.1526528706,109106.76843524707,19116209.0,109106.76843524707,229124.21371401884,0.5707552602885179,1.1985860466058873,False,False,weekly_timing_eligible,2020
Chile,primary,4,2020-08-25,2020-10-25,weekly,True,True,2020-09-22,2020-09-28,-6.0,6.0,True,102495.0,2591.8980013212285,20,5000.0,7,42,14,1.0,0.0,246847.42869725983,246847.42869725983,246847.42869725983,308559.28587157483,205706.1905810499,431983.00022020476,308559.28587157483,205706.1905810499,19116209.0,205706.1905810499,431983.00022020476,1.0760825568555454,2.2597733693966453,False,False,weekly_timing_eligible,2020
Chile,primary,5,2020-10-25,2020-11-19,weekly,True,True,2020-11-11,2020-11-09,2.0,2.0,True,35470.0,1069.936892873094,20,5000.0,7,42,14,1.0,0.0,101898.75170219941,101898.75170219941,101898.75170219941,127373.43962774929,84915.62641849952,178322.815478849,127373.43962774929,84915.62641849952,19116209.0,84915.62641849952,178322.815478849,0.4442074598499081,0.932835665684807,False,False,weekly_timing_eligible,2020
Chile,primary,6,2020-12-18,2021-01-25,weekly,True,True,2021-01-04,2020-12-21,14.0,14.0,True,124446.0,3739.9324053590512,20,5000.0,7,42,14,1.0,0.0,623322.0675598419,623322.0675598419,623322.0675598419,623322.0675598419,623322.0675598419,623322.0675598419,779152.5844498024,519435.0562998682,19116209.0,519435.0562998682,779152.5844498024,2.7172493055493807,4.075873958324071,False,False,weekly_timing_eligible,2021_pre_omicron
Chile,primary,7,2021-02-24,2021-04-12,weekly,True,True,2021-03-16,2021-03-04,12.0,12.0,True,277603.0,6040.641981986346,20,5000.0,7,42,14,1.0,0.0,1006773.6636643909,1006773.6636643909,1006773.6636643909,1006773.6636643909,1006773.6636643909,1006773.6636643909,1258467.0795804888,838978.0530536592,19116209.0,838978.0530536592,1258467.0795804888,4.388830719802547,6.58324607970382,False,False,weekly_timing_eligible,2021_pre_omicron
Chile,primary,8,2021-04-12,2021-05-28,weekly,True,True,2021-05-04,2021-04-11,23.0,23.0,False,284882.0,5546.158082358765,20,5000.0,7,42,14,1.0,0.0,924359.6803931274,924359.6803931274,924359.6803931274,924359.6803931274,924359.6803931274,924359.6803931274,1155449.6004914094,770299.7336609396,19116209.0,770299.7336609396,1155449.6004914094,4.029563255250765,6.044344882876147,False,False,weekly_timing_eligible,2021_pre_omicron
Chile,primary,9,2021-05-28,2021-07-15,weekly,True,True,2021-06-10,2021-06-05,5.0,5.0,True,241773.0,4453.9912241472975,20,5000.0,7,42,14,1.0,0.0,742331.8706912162,742331.8706912162,742331.8706912162,742331.8706912162,742331.8706912162,742331.8706912162,927914.8383640205,618609.8922426802,19116209.0,618609.8922426802,927914.8383640205,3.2360490107776085,4.854073516166414,False,False,weekly_timing_eligible,2021_pre_omicron
Chile,primary,10,2021-07-15,2021-08-12,weekly,True,True,2021-07-24,2021-07-05,19.0,19.0,False,34465.0,1161.7762325788385,20,5000.0,7,42,14,1.0,0.0,193629.3720964731,193629.3720964731,193629.3720964731,193629.3720964731,193629.3720964731,193629.3720964731,242036.71512059137,161357.81008039424,19116209.0,161357.81008039424,242036.71512059137,0.8440889617831352,1.2661334426747028,False,False,weekly_timing_eligible,2021_pre_omicron
Chile,primary,11,2021-08-12,2021-09-07,weekly,True,True,2021-08-24,2021-08-06,18.0,18.0,False,16324.0,695.2115256048238,20,5000.0,7,42,14,1.0,0.0,115868.58760080396,115868.58760080396,115868.58760080396,115868.58760080396,115868.58760080396,115868.58760080396,144835.73450100498,96557.1563340033,19116209.0,96557.1563340033,144835.73450100498,0.5051061972277208,0.7576592958415813,False,False,weekly_timing_eligible,2021_pre_omicron
Chile,primary,12,2021-11-24,2021-12-27,weekly,True,True,2021-12-10,2021-12-14,-4.0,4.0,True,53968.0,2924.7642064122374,20,5000.0,7,42,14,1.0,0.0,2924764.206412237,1462382.1032061186,974921.4021374125,2437303.5053435313,3655955.2580152964,487460.7010687062,3655955.2580152964,2437303.5053435313,19116209.0,487460.7010687062,3655955.2580152964,2.549986250248186,19.124896876861392,False,False,weekly_timing_eligible,omicron_era
Chile,primary,13,2021-12-27,2022-04-04,weekly,True,True,2022-02-02,2022-02-10,-8.0,8.0,True,1689633.0,12402.42621929566,20,5000.0,7,42,14,1.0,0.0,12402426.21929566,6201213.10964783,4134142.073098553,10335355.182746384,15503032.774119573,2067071.0365492764,15503032.774119573,10335355.182746384,19116209.0,2067071.0365492764,15503032.774119573,10.813184960204591,81.09888720153442,False,False,weekly_timing_eligible,omicron_era
Chile,primary,14,2022-05-03,2022-06-03,weekly,True,True,2022-05-16,2022-05-12,4.0,4.0,True,167385.0,2159.9766085424285,20,5000.0,7,42,14,1.0,0.0,2159976.6085424284,1079988.3042712142,719992.2028474761,1799980.5071186905,2699970.7606780357,359996.10142373806,2699970.7606780357,1799980.5071186905,19116209.0,359996.10142373806,2699970.7606780357,1.8831981875890669,14.123986406918002,False,False,weekly_timing_eligible,omicron_era
Chile,primary,15,2022-06-03,2022-07-14,weekly,True,True,2022-06-24,2022-06-14,10.0,10.0,True,392954.0,3079.978960975607,20,5000.0,7,42,14,1.0,0.0,3079978.960975607,1539989.4804878035,1026659.6536585357,2566649.1341463397,3849973.701219509,513329.82682926784,3849973.701219509,2566649.1341463397,19116209.0,513329.82682926784,3849973.701219509,2.6853118567037417,20.139838925278063,False,False,weekly_timing_eligible,omicron_era
Chile,primary,16,2022-07-14,2022-08-20,weekly,True,True,2022-08-01,2022-08-12,-11.0,11.0,True,328996.0,2154.0765480441287,20,5000.0,7,42,14,1.0,0.0,2154076.548044129,1077038.2740220644,718025.5160147096,1795063.790036774,2692595.685055161,359012.7580073548,2692595.685055161,1795063.790036774,19116209.0,359012.7580073548,2692595.685055161,1.8780541581615624,14.085406186211717,False,False,weekly_timing_eligible,omicron_era
Chile,primary,17,2022-09-16,2022-11-11,weekly,True,True,2022-10-31,2022-11-07,-7.0,7.0,True,257739.0,3820.641332474716,20,5000.0,7,42,14,1.0,0.0,3820641.332474716,1910320.666237358,1273547.1108249053,3183867.7770622633,4775801.665593395,636773.5554124527,4775801.665593395,3183867.7770622633,19116209.0,636773.5554124527,4775801.665593395,3.3310660885348797,24.9829956640116,False,False,weekly_timing_eligible,omicron_era
Chile,primary,18,2022-11-11,2022-12-31,weekly,True,True,2022-12-08,2022-12-23,-15.0,15.0,True,218528.0,4135.402924728926,20,5000.0,7,42,14,1.0,0.0,4135402.9247289263,2067701.4623644631,1378467.6415763088,3446169.1039407724,5169253.655911158,689233.8207881544,5169253.655911158,3446169.1039407724,19116209.0,689233.8207881544,5169253.655911158,3.605494273410352,27.041207050577643,False,False,weekly_timing_eligible,omicron_era
Colombia,primary,1,2020-04-10,2020-09-12,weekly,True,True,2020-07-11,2020-07-04,7.0,7.0,True,706741.0,41585.91692587157,20,5000.0,7,42,14,1.0,0.0,3960563.516749673,3960563.516749673,3960563.516749673,4950704.395937092,3300469.5972913946,6930986.154311928,4950704.395937092,3300469.5972913946,50882884.0,3300469.5972913946,6930986.154311928,6.486404342354876,13.621449118945238,False,False,weekly_timing_eligible,2020
Colombia,primary,2,2020-09-12,2020-10-20,weekly,True,True,2020-09-30,2020-09-13,17.0,17.0,True,272051.0,10751.512351892714,20,5000.0,7,42,14,1.0,0.0,1023953.5573231155,1023953.5573231155,1023953.5573231155,1279941.9466538946,853294.6311025963,1791918.7253154523,1279941.9466538946,853294.6311025963,50882884.0,853294.6311025963,1791918.7253154523,1.6769777261497132,3.521653224914398,False,False,weekly_timing_eligible,2020
Colombia,primary,3,2020-11-10,2021-02-19,weekly,True,True,2020-12-29,2021-01-17,-19.0,19.0,True,1067937.0,36584.63832225367,20,5000.0,7,42,14,1.0,0.0,3484251.2687860634,3484251.2687860634,3484251.2687860634,4355314.08598258,2903542.7239883863,6097439.720375611,4355314.08598258,2903542.7239883863,50882884.0,2903542.7239883863,6097439.720375611,5.706324987373724,11.98328247348482,False,False,weekly_timing_eligible,2020
Colombia,primary,4,2021-02-19,2021-04-20,weekly,True,True,2021-04-07,2021-04-25,-18.0,18.0,False,471576.0,27930.257304518203,20,5000.0,7,42,14,1.0,0.0,4655042.884086367,4655042.884086367,4655042.884086367,4655042.884086367,4655042.884086367,4655042.884086367,5818803.605107959,3879202.403405306,50882884.0,3879202.403405306,5818803.605107959,7.623786425716958,11.435679638575438,False,False,weekly_timing_eligible,2021_pre_omicron
Colombia,primary,5,2021-04-20,2021-08-22,weekly,True,True,2021-06-02,2021-05-26,7.0,7.0,True,2222401.0,66607.59617245755,20,5000.0,7,42,14,1.0,0.0,11101266.028742924,11101266.028742924,11101266.028742924,11101266.028742924,11101266.028742924,11101266.028742924,13876582.535928657,9251055.023952438,50882884.0,9251055.023952438,13876582.535928657,18.181074453154892,27.271611679732338,False,False,weekly_timing_eligible,2021_pre_omicron
Colombia,primary,6,2021-08-22,2021-09-30,weekly,True,True,2021-09-10,2021-08-30,11.0,11.0,True,70380.0,4756.01803940358,20,5000.0,7,42,14,1.0,0.0,792669.6732339299,792669.6732339299,792669.6732339299,792669.6732339299,792669.6732339299,792669.6732339299,990837.0915424125,660558.0610282749,50882884.0,660558.0610282749,990837.0915424125,1.2981930446950982,1.9472895670426473,False,False,weekly_timing_eligible,2021_pre_omicron
Colombia,primary,7,2021-09-30,2021-11-21,weekly,True,True,2021-11-16,2021-11-24,-8.0,8.0,False,92213.0,7094.2653278288335,20,5000.0,7,42,14,1.0,0.0,1182377.554638139,1182377.554638139,1182377.554638139,1182377.554638139,1182377.554638139,1182377.554638139,1477971.9432976737,985314.6288651158,50882884.0,985314.6288651158,1477971.9432976737,1.9364362854611696,2.9046544281917543,False,False,weekly_timing_eligible,2021_pre_omicron
Colombia,primary,8,2021-11-21,2022-03-21,weekly,True,True,2022-01-07,2022-01-15,-8.0,8.0,True,1036227.0,28864.276420811006,20,5000.0,7,42,14,1.0,0.0,28864276.420811005,14432138.210405502,9621425.473603668,24053563.684009172,36080345.526013754,4810712.736801834,36080345.526013754,24053563.684009172,50882884.0,4810712.736801834,36080345.526013754,9.454481268793321,70.90860951594992,False,False,weekly_timing_eligible,omicron_era
Colombia,primary,9,2022-03-21,2022-05-01,weekly,True,True,2022-04-15,2022-04-22,-7.0,7.0,True,11536.0,4360.308637821527,20,5000.0,7,42,14,1.0,0.0,4360308.637821526,2180154.318910763,1453436.2126071756,3633590.531517939,5450385.797276908,726718.1063035878,5450385.797276908,3633590.531517939,50882884.0,726718.1063035878,5450385.797276908,1.4282172101400303,10.711629076050226,False,False,weekly_timing_eligible,omicron_era
Colombia,primary,10,2022-05-01,2022-07-28,weekly,True,True,2022-06-18,2022-07-14,-26.0,26.0,True,173131.0,12960.261534726606,20,5000.0,7,42,14,1.0,0.0,12960261.534726605,6480130.767363302,4320087.178242202,10800217.945605505,16200326.918408256,2160043.589121101,16200326.918408256,10800217.945605505,50882884.0,2160043.589121101,16200326.918408256,4.245128065306009,31.838460489795068,False,False,weekly_timing_eligible,omicron_era
Colombia,primary,11,2022-07-28,2022-09-02,weekly,True,False,2022-08-11,,,,False,55175.0,4072.9175557230187,20,5000.0,7,42,14,1.0,0.0,4072917.5557230185,2036458.7778615092,1357639.1852410063,3394097.963102516,5091146.944653773,678819.5926205032,5091146.944653773,3394097.963102516,50882884.0,678819.5926205032,5091146.944653773,1.3340823853862198,10.005617890396646,False,False,weekly_timing_eligible,omicron_era
Colombia,primary,12,2022-09-02,2022-10-20,weekly,True,False,2022-10-01,,,,False,6359.0,4937.537116152653,20,5000.0,7,42,14,1.0,0.0,4937537.116152653,2468768.5580763263,1645845.7053842174,4114614.2634605444,6171921.395190815,822922.8526921087,6171921.395190815,4114614.2634605444,50882884.0,822922.8526921087,6171921.395190815,1.6172881487851765,12.129661115888824,False,False,weekly_timing_eligible,omicron_era
Colombia,primary,13,2022-11-18,2022-12-20,weekly,True,True,2022-12-03,2022-11-17,16.0,16.0,False,9624.0,3898.113064691084,20,5000.0,7,42,14,1.0,0.0,3898113.064691084,1949056.532345542,1299371.0215636948,3248427.553909237,4872641.330863855,649685.5107818474,4872641.330863855,3248427.553909237,50882884.0,649685.5107818474,4872641.330863855,1.2768252498853,9.57618937413975,False,False,weekly_timing_eligible,omicron_era
Costa Rica,primary,1,2020-04-29,2020-10-20,monthly,False,False,2020-09-01,,,,False,97217.0,1802.8366415112525,20,5000.0,7,42,14,1.0,0.0,171698.72776297643,171698.72776297643,171698.72776297643,214623.40970372056,143082.27313581368,300472.77358520875,214623.40970372056,143082.27313581368,5094114.0,143082.27313581368,300472.77358520875,2.8087764258085643,5.898430494197985,False,False,monthly_descriptive_only,2020
Costa Rica,primary,2,2020-10-20,2021-02-11,monthly,False,False,2020-12-10,,,,False,101681.0,2077.453910222749,20,5000.0,7,42,14,1.0,0.0,197852.75335454752,197852.75335454752,197852.75335454752,247315.94169318443,164877.29446212295,346242.31837045815,247315.94169318443,164877.29446212295,5094114.0,164877.29446212295,346242.31837045815,3.236623571088573,6.796909499286001,False,False,monthly_descriptive_only,2020
Costa Rica,primary,3,2021-02-11,2021-03-09,monthly,False,False,2021-02-14,,,,False,9494.0,344.4594482535846,20,5000.0,7,42,14,1.0,0.0,57409.9080422641,57409.9080422641,57409.9080422641,57409.9080422641,57409.9080422641,57409.9080422641,71762.38505283013,47841.590035220084,5094114.0,47841.590035220084,71762.38505283013,0.9391542873838333,1.40873143107575,False,False,monthly_descriptive_only,2021_pre_omicron
Costa Rica,primary,4,2021-03-09,2021-06-22,monthly,False,False,2021-04-29,,,,False,148980.0,2576.731460383781,20,5000.0,7,42,14,1.0,0.0,429455.2433972968,429455.2433972968,429455.2433972968,429455.2433972968,429455.2433972968,429455.2433972968,536819.0542466211,357879.36949774734,5094114.0,357879.36949774734,536819.0542466211,7.02535062029918,10.53802593044877,False,False,monthly_descriptive_only,2021_pre_omicron
Costa Rica,primary,5,2021-06-22,2021-11-24,monthly,False,False,2021-08-30,,,,False,212201.0,4002.593201197885,20,5000.0,7,42,14,1.0,0.0,667098.8668663141,667098.8668663141,667098.8668663141,667098.8668663141,667098.8668663141,667098.8668663141,833873.5835828928,555915.7223885951,5094114.0,555915.7223885951,833873.5835828928,10.912903056127034,16.369354584190553,False,False,monthly_descriptive_only,2021_pre_omicron
Costa Rica,primary,6,2021-11-24,2022-03-22,monthly,False,False,2022-01-26,,,,False,265935.0,2056.375504019764,20,5000.0,7,42,14,1.0,0.0,2056375.5040197638,1028187.7520098819,685458.5013399213,1713646.2533498034,2570469.3800247046,342729.25066996063,2570469.3800247046,1713646.2533498034,5094114.0,342729.25066996063,2570469.3800247046,6.727946227154724,50.45959670366043,False,False,monthly_descriptive_only,omicron_era
Costa Rica,primary,7,2022-03-22,2022-08-08,monthly,False,False,2022-06-21,,,,False,213233.0,2471.758930353563,20,5000.0,7,42,14,1.0,0.0,2471758.930353563,1235879.4651767814,823919.6434511876,2059799.1086279692,3089698.6629419536,411959.8217255938,3089698.6629419536,2059799.1086279692,5094114.0,411959.8217255938,3089698.6629419536,8.086976885982406,60.65232664486805,False,False,monthly_descriptive_only,omicron_era
Costa Rica,primary,8,2022-08-08,2022-10-03,monthly,False,False,2022-08-14,,,,False,73604.0,790.9651812242008,20,5000.0,7,42,14,1.0,0.0,790965.1812242008,395482.5906121004,263655.06040806696,659137.6510201674,988706.476530251,131827.53020403348,988706.476530251,659137.6510201674,5094114.0,131827.53020403348,988706.476530251,2.5878402054613123,19.40880154095984,False,False,monthly_descriptive_only,omicron_era
Costa Rica,primary,9,2022-10-03,2022-11-19,monthly,False,False,2022-10-27,,,,False,25608.0,540.4710144760813,20,5000.0,7,42,14,1.0,0.0,540471.0144760814,270235.5072380407,180157.00482536043,450392.51206340117,675588.7680951017,90078.50241268022,675588.7680951017,450392.51206340117,5094114.0,90078.50241268022,675588.7680951017,1.768285955372813,13.262144665296098,False,False,monthly_descriptive_only,omicron_era
Croatia,primary,1,2020-02-01,2020-04-16,weekly,True,True,2020-03-03,2020-03-29,-26.0,26.0,True,1791.0,98.61385453211248,20,5000.0,7,42,14,1.0,0.0,9391.795669724997,9391.795669724997,9391.795669724997,11739.744587156249,7826.4963914374985,16435.642422018747,11739.744587156249,7826.4963914374985,4105268.0,7826.4963914374985,16435.642422018747,0.1906452000560621,0.4003549201177304,False,False,weekly_timing_eligible,2020
Croatia,primary,2,2020-06-23,2020-07-25,weekly,True,True,2020-07-11,2020-07-12,-1.0,1.0,True,2456.0,83.47488786206844,20,5000.0,7,42,14,1.0,0.0,7949.989320196994,7949.989320196994,7949.989320196994,9937.486650246245,6624.991100164162,13912.48131034474,9937.486650246245,6624.991100164162,4105268.0,6624.991100164162,13912.48131034474,0.16137779799428836,0.33889337578800555,False,False,weekly_timing_eligible,2020
Croatia,primary,3,2020-07-25,2020-09-03,weekly,True,True,2020-08-19,2020-08-26,-7.0,7.0,True,6379.0,271.3342746097017,20,5000.0,7,42,14,1.0,0.0,25841.359486638255,25841.359486638255,25841.359486638255,32301.699358297825,21534.466238865214,45222.37910161695,32301.699358297825,21534.466238865214,4105268.0,21534.466238865214,45222.37910161695,0.5245568922385875,1.1015694737010335,False,False,weekly_timing_eligible,2020
Croatia,primary,4,2020-09-03,2021-02-08,weekly,True,True,2020-11-22,2020-12-10,-18.0,18.0,True,224748.0,5866.73777740607,20,5000.0,7,42,14,1.0,0.0,558736.9311815304,558736.9311815304,558736.9311815304,698421.1639769131,465614.10931794206,977789.6295676782,698421.1639769131,465614.10931794206,4105268.0,465614.10931794206,977789.6295676782,11.341868772463625,23.817924422173615,False,False,weekly_timing_eligible,2020
Croatia,primary,5,2021-02-08,2021-05-07,weekly,True,True,2021-04-04,2021-04-18,-14.0,14.0,True,107085.0,2248.986202907104,20,5000.0,7,42,14,1.0,0.0,374831.0338178507,374831.0338178507,374831.0338178507,374831.0338178507,374831.0338178507,374831.0338178507,468538.7922723134,312359.1948482089,4105268.0,312359.1948482089,468538.7922723134,7.608740643685355,11.413110965528034,False,False,weekly_timing_eligible,2021_pre_omicron
Croatia,primary,6,2021-05-07,2021-05-26,weekly,True,True,2021-05-14,2021-06-04,-21.0,21.0,False,13869.0,395.7827402054599,20,5000.0,7,42,14,1.0,0.0,65963.79003424331,65963.79003424331,65963.79003424331,65963.79003424331,65963.79003424331,65963.79003424331,82454.73754280416,54969.8250285361,4105268.0,54969.8250285361,82454.73754280416,1.3390069790458528,2.008510468568779,False,False,weekly_timing_eligible,2021_pre_omicron
Croatia,primary,7,2021-07-01,2021-08-01,weekly,True,True,2021-07-26,2021-08-02,-7.0,7.0,False,3886.0,174.5741183258896,20,5000.0,7,42,14,1.0,0.0,29095.686387648268,29095.686387648268,29095.686387648268,29095.686387648268,29095.686387648268,29095.686387648268,36369.60798456034,24246.405323040224,4105268.0,24246.405323040224,36369.60798456034,0.5906168689362113,0.885925303404317,False,False,weekly_timing_eligible,2021_pre_omicron
Croatia,primary,8,2021-08-01,2021-09-16,weekly,True,False,2021-08-25,,,,False,24645.0,966.2801610636952,20,5000.0,7,42,14,1.0,0.0,161046.69351061588,161046.69351061588,161046.69351061588,161046.69351061588,161046.69351061588,161046.69351061588,201308.36688826987,134205.57792551324,4105268.0,134205.57792551324,201308.36688826987,3.2691063756498537,4.903659563474781,False,False,weekly_timing_eligible,2021_pre_omicron
Croatia,primary,9,2021-09-16,2021-12-24,weekly,True,True,2021-11-06,2021-11-08,-2.0,2.0,True,302940.0,6059.668708849533,20,5000.0,7,42,14,1.0,0.0,1009944.7848082555,1009944.7848082555,1009944.7848082555,1009944.7848082555,1009944.7848082555,1009944.7848082555,1262430.9810103194,841620.6540068795,4105268.0,841620.6540068795,1262430.9810103194,20.500991750279873,30.751487625419813,False,False,weekly_timing_eligible,2021_pre_omicron
Croatia,primary,10,2021-12-24,2022-02-19,weekly,True,True,2022-01-13,2022-01-23,-10.0,10.0,True,352567.0,1769.537595931312,20,5000.0,7,42,14,1.0,0.0,1769537.5959313118,884768.7979656559,589845.8653104373,1474614.6632760933,2211921.9949141396,294922.93265521864,2211921.9949141396,1474614.6632760933,4105268.0,294922.93265521864,2211921.9949141396,7.184011680972318,53.880087607292374,False,True,weekly_timing_eligible,omicron_era
Croatia,primary,11,2022-03-10,2022-04-09,weekly,True,True,2022-03-26,2022-03-19,7.0,7.0,True,40962.0,225.19780197503067,20,5000.0,7,42,14,1.0,0.0,225197.80197503066,112598.90098751533,75065.9339916769,187664.83497919224,281497.2524687883,37532.96699583845,281497.2524687883,187664.83497919224,4105268.0,37532.96699583845,281497.2524687883,0.91426350230578,6.856976267293348,False,True,weekly_timing_eligible,omicron_era
Croatia,primary,12,2022-06-22,2022-07-25,weekly,True,True,2022-07-07,2022-06-19,18.0,18.0,False,35347.0,439.0142072877588,20,5000.0,7,42,14,1.0,0.0,439014.20728775876,219507.10364387938,146338.06909591958,365845.172739799,548767.7591096985,73169.03454795979,548767.7591096985,365845.172739799,4105268.0,73169.03454795979,548767.7591096985,1.7823205342004418,13.367404006503314,False,False,weekly_timing_eligible,omicron_era
Croatia,primary,13,2022-07-25,2022-08-28,weekly,True,True,2022-08-09,2022-07-23,17.0,17.0,False,34325.0,275.35324163973894,20,5000.0,7,42,14,1.0,0.0,275353.24163973896,137676.62081986948,91784.41387991297,229461.03469978247,344191.5520496737,45892.206939956486,344191.5520496737,229461.03469978247,4105268.0,45892.206939956486,344191.5520496737,1.1178857735952072,8.384143301964055,False,False,weekly_timing_eligible,omicron_era
Croatia,primary,14,2022-08-28,2022-09-30,weekly,True,True,2022-09-12,2022-08-26,17.0,17.0,False,20960.0,236.02998046637808,20,5000.0,7,42,14,1.0,0.0,236029.98046637807,118014.99023318903,78676.66015545935,196691.6503886484,295037.4755829726,39338.330077729675,295037.4755829726,196691.6503886484,4105268.0,39338.330077729675,295037.4755829726,0.958240243456205,7.186801825921537,False,False,weekly_timing_eligible,omicron_era
Croatia,primary,15,2022-11-14,2022-12-31,weekly,True,True,2022-12-05,2022-12-21,-16.0,16.0,True,13802.0,583.5289510251487,20,5000.0,7,42,14,1.0,0.0,583528.9510251486,291764.4755125743,194509.65034171622,486274.1258542906,729411.1887814358,97254.82517085811,729411.1887814358,486274.1258542906,4105268.0,97254.82517085811,729411.1887814358,2.3690249983888534,17.767687487916398,False,False,weekly_timing_eligible,omicron_era
Cuba,primary,1,2020-02-01,2020-05-06,monthly,False,False,2020-03-08,,,,False,1703.0,2995.935377488763,20,5000.0,7,42,14,1.0,0.0,285327.1788084536,285327.1788084536,285327.1788084536,356658.97351056704,237772.6490070447,499322.56291479385,356658.97351056704,237772.6490070447,11326616.0,237772.6490070447,499322.56291479385,2.09923819265211,4.408400204569431,False,False,monthly_descriptive_only,2020
Cuba,primary,2,2020-06-20,2020-08-29,monthly,False,False,2020-07-26,,,,False,1620.0,629.8715841268968,20,5000.0,7,42,14,1.0,0.0,59987.76991684731,59987.76991684731,59987.76991684731,74984.71239605914,49989.80826403943,104978.5973544828,74984.71239605914,49989.80826403943,11326616.0,49989.80826403943,104978.5973544828,0.44134813314090837,0.9268310795959076,False,False,monthly_descriptive_only,2020
Cuba,primary,3,2020-08-29,2021-02-27,monthly,False,False,2021-01-01,,,,False,45295.0,9453.066089733407,20,5000.0,7,42,14,1.0,0.0,1575511.014955568,1575511.014955568,1575511.014955568,1575511.014955568,1575511.014955568,1575511.014955568,1969388.76869446,1312925.8457963066,11326616.0,1312925.8457963066,1969388.76869446,11.59151017211413,17.387265258171194,False,False,monthly_descriptive_only,2021_pre_omicron
Cuba,primary,4,2021-02-27,2021-05-15,monthly,False,False,2021-04-11,,,,False,74780.0,5355.8768889194735,20,5000.0,7,42,14,1.0,0.0,892646.1481532456,892646.1481532456,892646.1481532456,892646.1481532456,892646.1481532456,892646.1481532456,1115807.685191557,743871.7901277046,11326616.0,743871.7901277046,1115807.685191557,6.567467195212626,9.851200792818942,False,False,monthly_descriptive_only,2021_pre_omicron
Cuba,primary,5,2021-05-15,2021-11-18,monthly,False,False,2021-08-02,,,,False,838031.0,51176.22095688123,20,5000.0,7,42,14,1.0,0.0,8529370.159480205,8529370.159480205,8529370.159480205,8529370.159480205,8529370.159480205,8529370.159480205,10661712.699350258,7107808.466233505,11326616.0,7107808.466233505,10661712.699350258,62.753151216863934,94.1297268252959,False,False,monthly_descriptive_only,2021_pre_omicron
Cuba,primary,6,2021-11-18,2022-02-28,monthly,False,False,2022-01-03,,,,False,110309.0,6068.869028518793,20,5000.0,7,42,14,1.0,0.0,6068869.028518793,3034434.5142593966,2022956.3428395977,5057390.857098995,7586086.285648491,1011478.1714197989,7586086.285648491,5057390.857098995,11326616.0,1011478.1714197989,7586086.285648491,8.93010031786898,66.97575238401735,False,False,monthly_descriptive_only,omicron_era
Cuba,primary,7,2022-02-28,2022-05-01,monthly,False,False,2022-03-27,,,,False,33744.0,1388.1846201181547,20,5000.0,7,42,14,1.0,0.0,1388184.6201181547,694092.3100590773,462728.20670605154,1156820.516765129,1735230.7751476932,231364.10335302577,1735230.7751476932,1156820.516765129,11326616.0,231364.10335302577,1735230.7751476932,2.0426586665693067,15.3199399992698,False,False,monthly_descriptive_only,omicron_era
Cuba,primary,8,2022-05-01,2022-09-06,monthly,False,False,2022-07-07,,,,False,7818.0,5682.087833705206,20,5000.0,7,42,14,1.0,0.0,5682087.833705206,2841043.916852603,1894029.2779017354,4735073.194754339,7102609.792131508,947014.6389508677,7102609.792131508,4735073.194754339,11326616.0,947014.6389508677,7102609.792131508,8.360967114545666,62.70725335909249,False,False,monthly_descriptive_only,omicron_era
Cuba,primary,9,2022-09-06,2022-10-23,monthly,False,False,2022-09-12,,,,False,525.0,1649.2523693052542,20,5000.0,7,42,14,1.0,0.0,1649252.3693052542,824626.1846526271,549750.7897684181,1374376.9744210453,2061565.4616315677,274875.39488420903,2061565.4616315677,1374376.9744210453,11326616.0,274875.39488420903,2061565.4616315677,2.4268095156065064,18.201071367048797,False,False,monthly_descriptive_only,omicron_era
Cuba,primary,10,2022-10-23,2022-12-31,monthly,False,False,2022-12-09,,,,False,726.0,3091.2965081552024,20,5000.0,7,42,14,1.0,0.0,3091296.5081552025,1545648.2540776012,1030432.1693850674,2576080.423462669,3864120.6351940027,515216.0846925337,3864120.6351940027,2576080.423462669,11326616.0,515216.0846925337,3864120.6351940027,4.548720329995594,34.11540247496695,False,False,monthly_descriptive_only,omicron_era
Cyprus,primary,1,2020-02-15,2020-04-06,weekly,True,True,2020-03-05,2020-04-02,-28.0,28.0,True,446.0,64.30375005708177,20,5000.0,7,42,14,1.0,0.0,6124.166672103025,6124.166672103025,6124.166672103025,7655.208340128783,5103.472226752521,10717.291676180295,7655.208340128783,5103.472226752521,1207361.0,5103.472226752521,10717.291676180295,0.4226964616839968,0.8876625695363934,False,False,weekly_timing_eligible,2020
Cyprus,primary,2,2020-04-06,2020-05-28,weekly,True,True,2020-04-29,2020-05-09,-10.0,10.0,True,513.0,168.95606648750018,20,5000.0,7,42,14,1.0,0.0,16091.053951190492,16091.053951190492,16091.053951190492,20113.817438988117,13409.211625992079,28159.344414583364,20113.817438988117,13409.211625992079,1207361.0,13409.211625992079,28159.344414583364,1.1106215643864659,2.3323052852115786,False,False,weekly_timing_eligible,2020
Cyprus,primary,3,2020-06-20,2020-07-18,weekly,True,True,2020-07-03,2020-06-10,23.0,23.0,False,46.0,30.15412285002809,20,5000.0,7,42,14,1.0,0.0,2871.821223812199,2871.821223812199,2871.821223812199,3589.776529765249,2393.1843531768327,5025.687141671348,3589.776529765249,2393.1843531768327,1207361.0,2393.1843531768327,5025.687141671348,0.19821613860119985,0.4162538910625197,False,False,weekly_timing_eligible,2020
Cyprus,primary,4,2020-08-09,2020-09-02,weekly,True,True,2020-08-23,2020-08-04,19.0,19.0,False,268.0,27.05491140938343,20,5000.0,7,42,14,1.0,0.0,2576.6582294650884,2576.6582294650884,2576.6582294650884,3220.8227868313606,2147.215191220907,4509.151901563905,3220.8227868313606,2147.215191220907,1207361.0,2147.215191220907,4509.151901563905,0.1778436765160467,0.37347172068369816,False,False,weekly_timing_eligible,2020
Cyprus,primary,5,2020-09-21,2020-10-27,weekly,True,True,2020-10-18,2020-10-31,-13.0,13.0,False,2056.0,62.493548841841395,20,5000.0,7,42,14,1.0,0.0,5951.766556365847,5951.766556365847,5951.766556365847,7439.70819545731,4959.805463638206,10415.591473640232,7439.70819545731,4959.805463638206,1207361.0,4959.805463638206,10415.591473640232,0.41079722333570534,0.8626741690049813,False,False,weekly_timing_eligible,2020
Cyprus,primary,6,2020-11-29,2020-12-28,weekly,True,True,2020-12-12,2020-12-01,11.0,11.0,True,9674.0,115.37843573822407,20,5000.0,7,42,14,1.0,0.0,10988.422451259434,10988.422451259434,10988.422451259434,13735.528064074295,9157.018709382863,19229.73928970401,13735.528064074295,9157.018709382863,1207361.0,9157.018709382863,19229.73928970401,0.7584325408376503,1.5927083357590657,False,True,weekly_timing_eligible,2020
Cyprus,primary,7,2021-02-02,2021-05-01,weekly,True,True,2021-03-26,2021-03-12,14.0,14.0,True,35598.0,244.68457820469158,20,5000.0,7,42,14,1.0,0.0,40780.76303411526,40780.76303411526,40780.76303411526,40780.76303411526,40780.76303411526,40780.76303411526,50975.95379264408,33983.969195096055,1207361.0,33983.969195096055,50975.95379264408,2.8147314013866653,4.222097102079998,False,True,weekly_timing_eligible,2021_pre_omicron
Cyprus,primary,8,2021-05-01,2021-05-30,weekly,True,True,2021-05-19,2021-06-02,-14.0,14.0,False,7237.0,62.42257608742138,20,5000.0,7,42,14,1.0,0.0,10403.762681236896,10403.762681236896,10403.762681236896,10403.762681236896,10403.762681236896,10403.762681236896,13004.703351546123,8669.80223436408,1207361.0,8669.80223436408,13004.703351546123,0.7180787050736342,1.0771180576104515,False,False,weekly_timing_eligible,2021_pre_omicron
Cyprus,primary,9,2021-06-19,2021-09-02,weekly,True,True,2021-07-15,2021-07-17,-2.0,2.0,True,41288.0,495.5700084090127,20,5000.0,7,42,14,1.0,0.0,82595.00140150212,82595.00140150212,82595.00140150212,82595.00140150212,82595.00140150212,82595.00140150212,103243.75175187766,68829.1678345851,1207361.0,68829.1678345851,103243.75175187766,5.7007943634575815,8.551191545186375,False,False,weekly_timing_eligible,2021_pre_omicron
Cyprus,primary,10,2021-09-02,2021-10-12,weekly,True,True,2021-09-23,2021-09-16,7.0,7.0,True,5937.0,135.6230600774451,20,5000.0,7,42,14,1.0,0.0,22603.84334624085,22603.84334624085,22603.84334624085,22603.84334624085,22603.84334624085,22603.84334624085,28254.804182801065,18836.536121867375,1207361.0,18836.536121867375,28254.804182801065,1.5601411774827394,2.340211766224109,False,False,weekly_timing_eligible,2021_pre_omicron
Cyprus,primary,11,2021-10-12,2021-11-14,weekly,True,True,2021-10-31,2021-10-31,0.0,0.0,True,5672.0,156.27627309051704,20,5000.0,7,42,14,1.0,0.0,26046.04551508617,26046.04551508617,26046.04551508617,26046.04551508617,26046.04551508617,26046.04551508617,32557.55689385772,21705.03792923848,1207361.0,21705.03792923848,32557.55689385772,1.7977256122434364,2.6965884183651547,False,False,weekly_timing_eligible,2021_pre_omicron
Cyprus,primary,12,2021-11-14,2021-12-24,weekly,True,True,2021-12-15,2021-12-02,13.0,13.0,True,22544.0,263.84248678845853,20,5000.0,7,42,14,1.0,0.0,263842.48678845854,131921.24339422927,87947.49559615285,219868.73899038212,329803.10848557315,43973.74779807642,329803.10848557315,219868.73899038212,1207361.0,43973.74779807642,329803.10848557315,3.6421375046963105,27.31603128522233,False,False,weekly_timing_eligible,omicron_era
Cyprus,primary,13,2022-01-22,2022-02-15,weekly,True,True,2022-01-30,2022-02-11,-12.0,12.0,True,60322.0,112.07160892355051,20,5000.0,7,42,14,1.0,0.0,112071.6089235505,56035.80446177525,37357.20297451684,93393.0074362921,140089.51115443814,18678.60148725842,140089.51115443814,93393.0074362921,1207361.0,18678.60148725842,140089.51115443814,1.5470601988351802,11.602951491263852,False,True,weekly_timing_eligible,omicron_era
Cyprus,primary,14,2022-02-15,2022-04-13,weekly,True,True,2022-03-11,2022-03-27,-16.0,16.0,True,169905.0,344.6795366336146,20,5000.0,7,42,14,1.0,0.0,344679.53663361457,172339.76831680728,114893.17887787153,287232.9471946788,430849.42079201824,57446.58943893576,430849.42079201824,287232.9471946788,1207361.0,57446.58943893576,430849.42079201824,4.7580292422014425,35.685219316510825,False,True,weekly_timing_eligible,omicron_era
Cyprus,primary,15,2022-04-13,2022-05-13,weekly,True,True,2022-04-28,2022-04-26,2.0,2.0,True,24555.0,62.34599991180609,20,5000.0,7,42,14,1.0,0.0,62345.99991180609,31172.999955903044,20781.999970602028,51954.99992650508,77932.4998897576,10390.999985301014,77932.4998897576,51954.99992650508,1207361.0,10390.999985301014,77932.4998897576,0.860637372360132,6.45478029270099,False,True,weekly_timing_eligible,omicron_era
Cyprus,primary,16,2022-06-28,2022-08-07,weekly,True,True,2022-07-08,2022-07-15,-7.0,7.0,True,63666.0,128.18080212241583,20,5000.0,7,42,14,1.0,0.0,128180.80212241583,64090.401061207915,42726.934040805274,106817.3351020132,160226.00265301976,21363.467020402637,160226.00265301976,106817.3351020132,1207361.0,21363.467020402637,160226.00265301976,1.7694349097248163,13.27076182293612,False,True,weekly_timing_eligible,omicron_era
Cyprus,primary,17,2022-08-28,2022-09-27,weekly,True,True,2022-09-13,2022-09-13,0.0,0.0,True,9035.0,69.80785422932217,20,5000.0,7,42,14,1.0,0.0,69807.85422932217,34903.927114661084,23269.28474310739,58173.21185776848,87259.81778665271,11634.642371553695,87259.81778665271,58173.21185776848,1207361.0,11634.642371553695,87259.81778665271,0.9636423879480698,7.227317909610523,False,False,weekly_timing_eligible,omicron_era
Cyprus,primary,18,2022-09-27,2022-11-06,weekly,True,False,2022-10-16,,,,False,17349.0,155.18515296130082,20,5000.0,7,42,14,1.0,0.0,155185.1529613008,77592.5764806504,51728.3843204336,129320.96080108403,193981.441201626,25864.1921602168,193981.441201626,129320.96080108403,1207361.0,25864.1921602168,193981.441201626,2.142208681597037,16.066565111977777,False,False,weekly_timing_eligible,omicron_era
Cyprus,primary,19,2022-11-24,2022-12-31,weekly,True,True,2022-12-11,2022-11-15,26.0,26.0,False,21088.0,151.01202292540285,20,5000.0,7,42,14,1.0,0.0,151012.02292540285,75506.01146270143,50337.340975134284,125843.35243783571,188765.02865675354,25168.670487567142,188765.02865675354,125843.35243783571,1207361.0,25168.670487567142,188765.02865675354,2.084601911737015,15.634514338027609,False,False,weekly_timing_eligible,omicron_era
Czechia,primary,1,2020-02-01,2020-04-03,weekly,True,True,2020-03-14,2020-03-30,-16.0,16.0,True,4091.0,468.95511531099027,20,5000.0,7,42,14,1.0,0.0,44662.39193438002,44662.39193438002,44662.39193438002,55827.989917975035,37218.659945316685,78159.18588516505,55827.989917975035,37218.659945316685,10708982.0,37218.659945316685,78159.18588516505,0.34754619949232046,0.7298470189338729,False,False,weekly_timing_eligible,2020
Czechia,primary,2,2020-05-26,2020-06-24,weekly,True,True,2020-06-07,2020-05-21,17.0,17.0,False,1775.0,325.44806264119467,20,5000.0,7,42,14,1.0,0.0,30995.05358487568,30995.05358487568,30995.05358487568,38743.816981094606,25829.211320729737,54241.34377353244,38743.816981094606,25829.211320729737,10708982.0,25829.211320729737,54241.34377353244,0.24119203226534264,0.5065032677572195,False,False,weekly_timing_eligible,2020
Czechia,primary,3,2020-06-24,2020-08-12,weekly,True,True,2020-07-15,2020-06-29,16.0,16.0,True,8425.0,764.2917479015422,20,5000.0,7,42,14,1.0,0.0,72789.69027633735,72789.69027633735,72789.69027633735,90987.1128454217,60658.07523028112,127381.95798359036,90987.1128454217,60658.07523028112,10708982.0,60658.07523028112,127381.95798359036,0.566422422133879,1.189487086481146,False,False,weekly_timing_eligible,2020
Czechia,primary,4,2020-08-12,2020-11-21,weekly,True,True,2020-10-13,2020-10-24,-11.0,11.0,True,471967.0,14237.459837552722,20,5000.0,7,42,14,1.0,0.0,1355948.555957402,1355948.555957402,1355948.555957402,1694935.6949467526,1129957.1299645018,2372909.9729254534,1694935.6949467526,1129957.1299645018,10708982.0,1129957.1299645018,2372909.9729254534,10.551489674410712,22.158128316262495,False,False,weekly_timing_eligible,2020
Czechia,primary,5,2020-11-21,2021-01-19,weekly,True,True,2020-12-20,2021-01-07,-18.0,18.0,True,411940.0,9938.346649193983,20,5000.0,7,42,14,1.0,0.0,946509.2046851412,946509.2046851412,946509.2046851412,1183136.5058564267,788757.6705709511,1656391.108198997,1183136.5058564267,788757.6705709511,10708982.0,788757.6705709511,1656391.108198997,7.365384222057251,15.467306866320227,False,False,weekly_timing_eligible,2020
Czechia,primary,6,2021-01-19,2021-05-10,weekly,True,True,2021-02-20,2021-03-02,-10.0,10.0,True,755810.0,12699.25144793995,20,5000.0,7,42,14,1.0,0.0,2116541.907989992,2116541.907989992,2116541.907989992,2116541.907989992,2116541.907989992,2116541.907989992,2645677.38498749,1763784.923324993,10708982.0,1763784.923324993,2645677.38498749,16.470145559353757,24.705218339030637,False,False,weekly_timing_eligible,2021_pre_omicron
Czechia,primary,7,2021-05-10,2021-06-15,weekly,True,False,2021-05-28,,,,False,20266.0,149.38992889263608,20,5000.0,7,42,14,1.0,0.0,24898.321482106014,24898.321482106014,24898.321482106014,24898.321482106014,24898.321482106014,24898.321482106014,31122.90185263252,20748.601235088343,10708982.0,20748.601235088343,31122.90185263252,0.19374952012327915,0.29062428018491876,False,False,weekly_timing_eligible,2021_pre_omicron
Czechia,primary,8,2021-07-24,2021-09-16,weekly,True,True,2021-08-27,2021-08-15,12.0,12.0,True,12741.0,492.2562958132861,20,5000.0,7,42,14,1.0,0.0,82042.71596888102,82042.71596888102,82042.71596888102,82042.71596888102,82042.71596888102,82042.71596888102,102553.39496110128,68368.92997406752,10708982.0,68368.92997406752,102553.39496110128,0.6384260424946789,0.9576390637420185,False,False,weekly_timing_eligible,2021_pre_omicron
Czechia,primary,9,2021-09-16,2022-01-03,weekly,True,True,2021-11-14,2021-11-25,-11.0,11.0,True,800501.0,9557.891768688354,20,5000.0,7,42,14,1.0,0.0,1592981.961448059,1592981.961448059,1592981.961448059,1592981.961448059,1592981.961448059,1592981.961448059,1991227.451810074,1327484.9678733826,10708982.0,1327484.9678733826,1991227.451810074,12.395995883393796,18.593993825090696,False,False,weekly_timing_eligible,2021_pre_omicron
Czechia,primary,10,2022-01-03,2022-02-14,weekly,True,True,2022-01-19,2022-01-30,-11.0,11.0,True,1090963.0,542.487951291465,20,5000.0,7,42,14,1.0,0.0,542487.9512914651,271243.97564573254,180829.317097155,452073.29274288757,678109.9391143313,90414.6585485775,678109.9391143313,452073.29274288757,10708982.0,90414.6585485775,678109.9391143313,0.844288080310318,6.332160602327385,False,True,weekly_timing_eligible,omicron_era
Czechia,primary,11,2022-02-14,2022-04-06,weekly,True,True,2022-03-13,2022-03-21,-8.0,8.0,True,536635.0,1195.8380508443463,20,5000.0,7,42,14,1.0,0.0,1195838.0508443462,597919.0254221731,398612.6836147821,996531.7090369554,1494797.5635554327,199306.34180739106,1494797.5635554327,996531.7090369554,10708982.0,199306.34180739106,1494797.5635554327,1.8611137996813427,13.958353497610071,False,True,weekly_timing_eligible,omicron_era
Czechia,primary,12,2022-04-06,2022-05-07,weekly,True,True,2022-04-15,2022-04-22,-7.0,7.0,True,84699.0,549.7056997003423,20,5000.0,7,42,14,1.0,0.0,549705.6997003423,274852.84985017113,183235.23323344742,458088.0830836186,687132.1246254278,91617.61661672371,687132.1246254278,458088.0830836186,10708982.0,91617.61661672371,687132.1246254278,0.8555212495148811,6.416409371361608,False,False,weekly_timing_eligible,omicron_era
Czechia,primary,13,2022-06-18,2022-08-09,weekly,True,True,2022-07-05,2022-06-29,6.0,6.0,True,102374.0,989.8514917044928,20,5000.0,7,42,14,1.0,0.0,989851.4917044927,494925.74585224636,329950.4972348309,824876.2430870774,1237314.364630616,164975.24861741546,1237314.364630616,824876.2430870774,10708982.0,164975.24861741546,1237314.364630616,1.5405315707638267,11.553986780728701,False,False,weekly_timing_eligible,omicron_era
Czechia,primary,14,2022-08-09,2022-10-24,weekly,True,True,2022-09-08,2022-09-24,-16.0,16.0,True,213914.0,2367.3282973874557,20,5000.0,7,42,14,1.0,0.0,2367328.2973874556,1183664.1486937278,789109.4324624852,1972773.5811562133,2959160.3717343193,394554.7162312426,2959160.3717343193,1972773.5811562133,10708982.0,394554.7162312426,2959160.3717343193,3.684334479516751,27.632508596375633,False,False,weekly_timing_eligible,omicron_era
Czechia,primary,15,2022-10-24,2022-12-31,weekly,True,True,2022-12-07,2022-12-02,5.0,5.0,True,81875.0,3966.9236188275668,20,5000.0,7,42,14,1.0,0.0,3966923.6188275665,1983461.8094137833,1322307.8729425222,3305769.682356306,4958654.523534458,661153.9364712611,4958654.523534458,3305769.682356306,10708982.0,661153.9364712611,4958654.523534458,6.173826200018462,46.303696500138464,False,False,weekly_timing_eligible,omicron_era
Denmark,primary,1,2020-02-01,2020-03-26,weekly,True,True,2020-03-16,2020-03-03,13.0,13.0,True,2023.0,243.01061676861684,20,5000.0,7,42,14,1.0,0.0,23143.868263677792,23143.868263677792,23143.868263677792,28929.835329597245,19286.55688639816,40501.76946143614,28929.835329597245,19286.55688639816,5837213.0,19286.55688639816,40501.76946143614,0.330406940545054,0.6938545751446134,False,False,weekly_timing_eligible,2020
Denmark,primary,2,2020-05-16,2020-07-07,weekly,True,True,2020-06-12,2020-06-21,-9.0,9.0,True,2100.0,165.90921732817887,20,5000.0,7,42,14,1.0,0.0,15800.87784077894,15800.87784077894,15800.87784077894,19751.097300973677,13167.398200649117,27651.536221363145,19751.097300973677,13167.398200649117,5837213.0,13167.398200649117,27651.536221363145,0.22557679839075798,0.47371127662059176,False,False,weekly_timing_eligible,2020
Denmark,primary,3,2020-08-07,2020-09-15,weekly,True,True,2020-08-26,2020-08-13,13.0,13.0,True,6427.0,211.06748738003273,20,5000.0,7,42,14,1.0,0.0,20101.66546476502,20101.66546476502,20101.66546476502,25127.08183095628,16751.387887304183,35177.91456333879,25127.08183095628,16751.387887304183,5837213.0,16751.387887304183,35177.91456333879,0.28697578600102797,0.6026491506021587,False,False,weekly_timing_eligible,2020
Denmark,primary,4,2020-10-13,2020-11-13,weekly,True,True,2020-10-28,2020-11-03,-6.0,6.0,True,27211.0,222.66931274974223,20,5000.0,7,42,14,1.0,0.0,21206.601214261165,21206.601214261165,21206.601214261165,26508.25151782646,17672.16767855097,37111.55212495704,26508.25151782646,17672.16767855097,5837213.0,17672.16767855097,37111.55212495704,0.30275009115738916,0.6357751914305172,False,True,weekly_timing_eligible,2020
Denmark,primary,5,2020-11-13,2020-12-24,weekly,True,True,2020-12-07,2020-12-15,-8.0,8.0,True,87449.0,846.2077854339976,20,5000.0,7,42,14,1.0,0.0,80591.21766038072,80591.21766038072,80591.21766038072,100739.02207547592,67159.34805031728,141034.63090566627,100739.02207547592,67159.34805031728,5837213.0,67159.34805031728,141034.63090566627,1.1505379031109073,2.416129596532905,False,True,weekly_timing_eligible,2020
Denmark,primary,6,2021-04-24,2021-05-29,weekly,True,True,2021-05-13,2021-05-09,4.0,4.0,True,33026.0,313.40663513651,20,5000.0,7,42,14,1.0,0.0,52234.43918941833,52234.43918941833,52234.43918941833,52234.43918941833,52234.43918941833,52234.43918941833,65293.04898677292,43528.69932451528,5837213.0,43528.69932451528,65293.04898677292,0.7457103128584699,1.118565469287705,False,False,weekly_timing_eligible,2021_pre_omicron
Denmark,primary,7,2021-05-29,2021-06-16,weekly,True,True,2021-06-13,2021-06-22,-9.0,9.0,False,12353.0,170.5600886781968,20,5000.0,7,42,14,1.0,0.0,28426.681446366132,28426.681446366132,28426.681446366132,28426.681446366132,28426.681446366132,28426.681446366132,35533.35180795767,23688.901205305112,5837213.0,23688.901205305112,35533.35180795767,0.4058255404643468,0.6087383106965202,False,False,weekly_timing_eligible,2021_pre_omicron
Denmark,primary,8,2021-06-16,2021-08-04,weekly,True,False,2021-07-19,,,,False,30205.0,766.256318836398,20,5000.0,7,42,14,1.0,0.0,127709.386472733,127709.386472733,127709.386472733,127709.386472733,127709.386472733,127709.386472733,159636.73309091627,106424.48872727751,5837213.0,106424.48872727751,159636.73309091627,1.8232072176786682,2.7348108265180024,False,False,weekly_timing_eligible,2021_pre_omicron
Denmark,primary,9,2021-08-04,2021-08-31,weekly,True,True,2021-08-19,2021-08-13,6.0,6.0,True,26616.0,455.9818982537109,20,5000.0,7,42,14,1.0,0.0,75996.98304228515,75996.98304228515,75996.98304228515,75996.98304228515,75996.98304228515,75996.98304228515,94996.22880285644,63330.81920190429,5837213.0,63330.81920190429,94996.22880285644,1.0849496018374571,1.6274244027561857,False,False,weekly_timing_eligible,2021_pre_omicron
Denmark,primary,10,2021-08-31,2021-10-25,weekly,True,True,2021-10-05,2021-09-17,18.0,18.0,True,34003.0,1102.8837040999088,20,5000.0,7,42,14,1.0,0.0,183813.9506833181,183813.9506833181,183813.9506833181,183813.9506833181,183813.9506833181,183813.9506833181,229767.4383541477,153178.29223609844,5837213.0,153178.29223609844,229767.4383541477,2.6241682843524545,3.936252426528682,False,False,weekly_timing_eligible,2021_pre_omicron
Denmark,primary,11,2021-10-25,2022-01-05,weekly,True,True,2021-12-09,2021-12-01,8.0,8.0,True,524892.0,1744.021007203284,20,5000.0,7,42,14,1.0,0.0,1744021.007203284,872010.503601642,581340.335734428,1453350.83933607,2180026.259004105,290670.167867214,2180026.259004105,1453350.83933607,5837213.0,290670.167867214,2180026.259004105,4.979605299090748,37.3470397431806,False,True,weekly_timing_eligible,omicron_era
Denmark,primary,12,2022-01-05,2022-02-20,weekly,True,True,2022-01-24,2022-01-07,17.0,17.0,True,1746770.0,553.9612739574795,20,5000.0,7,42,14,1.0,0.0,553961.2739574795,276980.63697873976,184653.7579858265,461634.39496456634,692451.5924468493,92326.87899291325,692451.5924468493,461634.39496456634,5837213.0,92326.87899291325,692451.5924468493,1.5816945345820557,11.862709009365418,False,True,weekly_timing_eligible,omicron_era
Denmark,primary,13,2022-02-20,2022-03-29,weekly,True,True,2022-03-15,2022-02-10,33.0,33.0,False,502042.0,500.500265348527,20,5000.0,7,42,14,1.0,0.0,500500.265348527,250250.1326742635,166833.42178284234,417083.55445710587,625625.3316856588,83416.71089142117,625625.3316856588,417083.55445710587,5837213.0,83416.71089142117,625625.3316856588,1.4290503171876916,10.717877378907687,False,True,weekly_timing_eligible,omicron_era
Denmark,primary,14,2022-05-18,2022-06-23,weekly,True,True,2022-06-08,2022-05-27,12.0,12.0,True,30152.0,601.7864688714092,20,5000.0,7,42,14,1.0,0.0,601786.4688714092,300893.2344357046,200595.48962380306,501488.72405950766,752233.0860892615,100297.74481190153,752233.0860892615,501488.72405950766,5837213.0,100297.74481190153,752233.0860892615,1.718247129441765,12.886853470813238,False,False,weekly_timing_eligible,omicron_era
Denmark,primary,15,2022-07-11,2022-08-27,weekly,True,True,2022-07-29,2022-08-12,-14.0,14.0,True,81076.0,802.8049650987355,20,5000.0,7,42,14,1.0,0.0,802804.9650987354,401402.4825493677,267601.6550329118,669004.1375822796,1003506.2063734193,133800.8275164559,1003506.2063734193,669004.1375822796,5837213.0,133800.8275164559,1003506.2063734193,2.2922039596029116,17.19152969702184,False,False,weekly_timing_eligible,omicron_era
Denmark,primary,16,2022-08-27,2022-09-24,weekly,True,True,2022-09-17,2022-10-08,-21.0,21.0,False,21956.0,462.5687195789057,20,5000.0,7,42,14,1.0,0.0,462568.7195789057,231284.35978945284,154189.57319296856,385473.9329824214,578210.8994736321,77094.78659648428,578210.8994736321,385473.9329824214,5837213.0,77094.78659648428,578210.8994736321,1.3207465034509496,9.905598775882122,False,False,weekly_timing_eligible,omicron_era
Denmark,primary,17,2022-10-19,2022-12-31,weekly,True,True,2022-12-04,2022-12-07,-3.0,3.0,True,63445.0,1955.8720072045267,20,5000.0,7,42,14,1.0,0.0,1955872.0072045266,977936.0036022633,651957.3357348422,1629893.3393371056,2444840.0090056583,325978.6678674211,2444840.0090056583,1629893.3393371056,5837213.0,325978.6678674211,2444840.0090056583,5.584491569305782,41.883686769793364,False,False,weekly_timing_eligible,omicron_era
Dominican Republic,primary,1,2020-03-27,2020-09-22,monthly,False,False,2020-07-04,,,,False,108781.0,3523.125612681398,20,5000.0,7,42,14,1.0,0.0,335535.7726363236,335535.7726363236,335535.7726363236,419419.7157954045,279613.143863603,587187.6021135662,419419.7157954045,279613.143863603,10847904.0,279613.143863603,587187.6021135662,2.5775776026742405,5.412912965615904,False,False,monthly_descriptive_only,2020
Dominican Republic,primary,2,2020-09-22,2021-02-11,monthly,False,False,2020-12-24,,,,False,117931.0,1997.3608890838564,20,5000.0,7,42,14,1.0,0.0,190224.84657941488,190224.84657941488,190224.84657941488,237781.05822426864,158520.70548284575,332893.48151397606,237781.05822426864,158520.70548284575,10847904.0,158520.70548284575,332893.48151397606,1.4613026210671274,3.068735504240967,False,False,monthly_descriptive_only,2020
Dominican Republic,primary,3,2021-02-11,2021-08-17,monthly,False,False,2021-05-23,,,,False,121038.0,4330.000410832128,20,5000.0,7,42,14,1.0,0.0,721666.735138688,721666.735138688,721666.735138688,721666.735138688,721666.735138688,721666.735138688,902083.4189233601,601388.9459489067,10847904.0,601388.9459489067,902083.4189233601,5.543826217017653,8.315739325526481,False,False,monthly_descriptive_only,2021_pre_omicron
Dominican Republic,primary,4,2021-08-17,2021-11-17,monthly,False,False,2021-10-07,,,,False,52421.0,1765.5683611451361,20,5000.0,7,42,14,1.0,0.0,294261.39352418936,294261.39352418936,294261.39352418936,294261.39352418936,294261.39352418936,294261.39352418936,367826.74190523673,245217.82793682447,10847904.0,245217.82793682447,367826.74190523673,2.2605088313541906,3.3907632470312863,False,False,monthly_descriptive_only,2021_pre_omicron
Dominican Republic,primary,5,2021-11-17,2022-03-01,monthly,False,False,2021-12-26,,,,False,176894.0,2407.62305373422,20,5000.0,7,42,14,1.0,0.0,2407623.0537342196,1203811.5268671098,802541.0179114066,2006352.5447785167,3009528.817167775,401270.5089557033,3009528.817167775,2006352.5447785167,10847904.0,401270.5089557033,3009528.817167775,3.6990602881045342,27.74295216078401,False,False,monthly_descriptive_only,omicron_era
Dominican Republic,primary,6,2022-09-21,2022-12-31,monthly,False,False,2022-12-04,,,,False,11184.0,809.3659687534508,20,5000.0,7,42,14,1.0,0.0,809365.9687534508,404682.9843767254,269788.6562511503,674471.6406278758,1011707.4609418135,134894.32812557515,1011707.4609418135,674471.6406278758,10847904.0,134894.32812557515,1011707.4609418135,1.2435059171391556,9.326294378543666,False,False,monthly_descriptive_only,omicron_era
Ecuador,primary,1,2020-02-01,2020-02-19,weekly,True,False,2020-02-02,,,,False,0.0,235.7293240175552,20,5000.0,7,42,14,1.0,0.0,22450.411811195732,22450.411811195732,22450.411811195732,28063.01476399467,18708.676509329776,39288.220669592534,28063.01476399467,18708.676509329776,17643060.0,18708.676509329776,39288.220669592534,0.10603986218564,0.22268371058984401,False,False,weekly_timing_eligible,2020
Ecuador,primary,2,2020-02-19,2020-05-11,weekly,True,True,2020-03-16,2020-03-11,5.0,5.0,True,32622.0,24472.609533260653,20,5000.0,7,42,14,1.0,0.0,2330724.7174533955,2330724.7174533955,2330724.7174533955,2913405.8968167445,1942270.5978778296,4078768.255543442,2913405.8968167445,1942270.5978778296,17643060.0,1942270.5978778296,4078768.255543442,11.008694624843024,23.11825871217035,False,False,weekly_timing_eligible,2020
Ecuador,primary,3,2020-05-11,2020-06-02,weekly,True,True,2020-05-25,2020-05-22,3.0,3.0,True,10905.0,2691.704112683146,20,5000.0,7,42,14,1.0,0.0,256352.77263649006,256352.77263649006,256352.77263649006,320440.9657956126,213627.3105304084,448617.35211385763,320440.9657956126,213627.3105304084,17643060.0,213627.3105304084,448617.35211385763,1.2108291335539776,2.542741180463353,False,False,weekly_timing_eligible,2020
Ecuador,primary,4,2020-06-02,2020-09-10,weekly,True,True,2020-07-03,2020-07-01,2.0,2.0,True,82061.0,13180.234785821774,20,5000.0,7,42,14,1.0,0.0,1255260.4557925498,1255260.4557925498,1255260.4557925498,1569075.5697406875,1046050.379827125,2196705.7976369625,1569075.5697406875,1046050.379827125,17643060.0,1046050.379827125,2196705.7976369625,5.928962321882514,12.450820875953278,False,False,weekly_timing_eligible,2020
Ecuador,primary,5,2020-09-10,2020-10-13,weekly,True,True,2020-09-22,2020-09-15,7.0,7.0,True,36005.0,2132.4073502046504,20,5000.0,7,42,14,1.0,0.0,203086.4143052048,203086.4143052048,203086.4143052048,253858.017881506,169238.67858767067,355401.2250341084,253858.017881506,169238.67858767067,17643060.0,169238.67858767067,355401.2250341084,0.9592365416638081,2.014396737493997,False,False,weekly_timing_eligible,2020
Ecuador,primary,6,2020-10-13,2020-11-22,weekly,True,True,2020-10-31,2020-10-26,5.0,5.0,True,38328.0,2524.1176568641913,20,5000.0,7,42,14,1.0,0.0,240392.15779658963,240392.15779658963,240392.15779658963,300490.1972457371,200326.79816382471,420686.2761440319,300490.1972457371,200326.79816382471,17643060.0,200326.79816382471,420686.2761440319,1.1354424808611698,2.3844292098084567,False,False,weekly_timing_eligible,2020
Ecuador,primary,7,2020-11-22,2021-01-20,weekly,True,True,2021-01-03,2020-11-30,34.0,34.0,True,49439.0,5891.1572114787905,20,5000.0,7,42,14,1.0,0.0,981859.535246465,981859.535246465,981859.535246465,981859.535246465,981859.535246465,981859.535246465,1227324.4190580815,818216.2793720543,17643060.0,818216.2793720543,1227324.4190580815,4.637609798822054,6.956414698233082,False,False,weekly_timing_eligible,2021_pre_omicron
Ecuador,primary,8,2021-01-20,2021-02-08,weekly,True,True,2021-02-02,2021-01-27,6.0,6.0,True,26039.0,2467.794954442759,20,5000.0,7,42,14,1.0,0.0,411299.15907379315,411299.15907379315,411299.15907379315,411299.15907379315,411299.15907379315,411299.15907379315,514123.9488422415,342749.29922816093,17643060.0,342749.29922816093,514123.9488422415,1.942686241661939,2.9140293624929092,False,False,weekly_timing_eligible,2021_pre_omicron
Ecuador,primary,9,2021-02-08,2021-07-27,weekly,True,True,2021-04-03,2021-03-27,7.0,7.0,True,224665.0,23492.525242660617,20,5000.0,7,42,14,1.0,0.0,3915420.8737767693,3915420.8737767693,3915420.8737767693,3915420.8737767693,3915420.8737767693,3915420.8737767693,4894276.092220962,3262850.728147308,17643060.0,3262850.728147308,4894276.092220962,18.49367812696498,27.740517190447473,False,False,weekly_timing_eligible,2021_pre_omicron
Ecuador,primary,10,2021-07-27,2021-08-21,weekly,True,True,2021-08-06,2021-07-29,8.0,8.0,True,15667.0,970.4113954330628,20,5000.0,7,42,14,1.0,0.0,161735.23257217713,161735.23257217713,161735.23257217713,161735.23257217713,161735.23257217713,161735.23257217713,202169.04071522143,134779.36047681427,17643060.0,134779.36047681427,202169.04071522143,0.7639228142783296,1.1458842214174947,False,False,weekly_timing_eligible,2021_pre_omicron
Ecuador,primary,11,2021-08-21,2021-10-11,weekly,True,True,2021-09-09,2021-08-31,9.0,9.0,True,14149.0,1755.2691094655745,20,5000.0,7,42,14,1.0,0.0,292544.85157759575,292544.85157759575,292544.85157759575,292544.85157759575,292544.85157759575,292544.85157759575,365681.0644719947,243787.37631466312,17643060.0,243787.37631466312,365681.0644719947,1.3817749093108742,2.0726623639663115,False,False,weekly_timing_eligible,2021_pre_omicron
Ecuador,primary,12,2021-10-11,2021-11-12,weekly,True,True,2021-11-01,2021-10-30,2.0,2.0,True,9717.0,1208.657718725686,20,5000.0,7,42,14,1.0,0.0,201442.95312094767,201442.95312094767,201442.95312094767,201442.95312094767,201442.95312094767,201442.95312094767,251803.6914011846,167869.1276007897,17643060.0,167869.1276007897,251803.6914011846,0.9514739937447909,1.4272109906171866,False,False,weekly_timing_eligible,2021_pre_omicron
Ecuador,primary,13,2021-11-12,2022-02-21,weekly,True,True,2022-01-04,2022-01-17,-13.0,13.0,True,300326.0,8678.078982799612,20,5000.0,7,42,14,1.0,0.0,8678078.982799612,4339039.491399806,2892692.9942665375,7231732.485666344,10847598.728499515,1446346.4971332687,10847598.728499515,7231732.485666344,17643060.0,1446346.4971332687,10847598.728499515,8.197821110018719,61.4836583251404,False,False,weekly_timing_eligible,omicron_era
Ecuador,primary,14,2022-02-21,2022-03-24,weekly,True,True,2022-03-07,2022-03-04,3.0,3.0,True,46389.0,1207.0150563876018,20,5000.0,7,42,14,1.0,0.0,1207015.056387602,603507.528193801,402338.3521292006,1005845.8803230016,1508768.8204845022,201169.1760646003,1508768.8204845022,1005845.8803230016,17643060.0,201169.1760646003,1508768.8204845022,1.1402170375467766,8.551627781600823,False,False,weekly_timing_eligible,omicron_era
Ecuador,primary,15,2022-04-11,2022-05-01,weekly,True,True,2022-04-27,2022-05-07,-10.0,10.0,False,6298.0,759.9409561968419,20,5000.0,7,42,14,1.0,0.0,759940.9561968418,379970.4780984209,253313.65206561395,633284.1301640349,949926.1952460522,126656.82603280697,949926.1952460522,633284.1301640349,17643060.0,126656.82603280697,949926.1952460522,0.7178846868559478,5.384135151419608,False,False,weekly_timing_eligible,omicron_era
Ecuador,primary,16,2022-05-01,2022-06-14,weekly,True,True,2022-05-31,2022-06-07,-7.0,7.0,True,21156.0,2088.1357073128975,20,5000.0,7,42,14,1.0,0.0,2088135.7073128973,1044067.8536564487,696045.2357709658,1740113.0894274148,2610169.6341411215,348022.6178854829,2610169.6341411215,1740113.0894274148,17643060.0,348022.6178854829,2610169.6341411215,1.9725751535475304,14.794313651606476,False,False,weekly_timing_eligible,omicron_era
Ecuador,primary,17,2022-07-14,2022-08-18,weekly,True,True,2022-07-21,2022-07-22,-1.0,1.0,True,58802.0,2002.3318563988219,20,5000.0,7,42,14,1.0,0.0,2002331.8563988218,1001165.9281994109,667443.9521329406,1668609.8803323517,2502914.820498527,333721.9760664703,2502914.820498527,1668609.8803323517,17643060.0,333721.9760664703,2502914.820498527,1.8915198161003268,14.186398620752449,False,False,weekly_timing_eligible,omicron_era
Ecuador,primary,18,2022-08-18,2022-09-15,weekly,True,True,2022-08-29,2022-08-21,8.0,8.0,True,16599.0,1187.5195474989125,20,5000.0,7,42,14,1.0,0.0,1187519.5474989126,593759.7737494563,395839.84916630416,989599.6229157605,1484399.4343736407,197919.92458315208,1484399.4343736407,989599.6229157605,17643060.0,197919.92458315208,1484399.4343736407,1.1218004392840704,8.413503294630527,False,False,weekly_timing_eligible,omicron_era
Ecuador,primary,19,2022-09-15,2022-10-22,weekly,True,True,2022-10-06,2022-09-29,7.0,7.0,True,7339.0,1438.6034869097148,20,5000.0,7,42,14,1.0,0.0,1438603.4869097148,719301.7434548574,479534.4956365716,1198836.2390914292,1798254.3586371434,239767.2478182858,1798254.3586371434,1198836.2390914292,17643060.0,239767.2478182858,1798254.3586371434,1.358989017881738,10.192417634113037,False,False,weekly_timing_eligible,omicron_era
Ecuador,primary,20,2022-11-20,2022-12-27,weekly,True,True,2022-12-06,2022-12-10,-4.0,4.0,True,22061.0,2199.9578683300615,20,5000.0,7,42,14,1.0,0.0,2199957.8683300614,1099978.9341650307,733319.2894433538,1833298.2236083848,2749947.335412577,366659.6447216769,2749947.335412577,1833298.2236083848,17643060.0,366659.6447216769,2749947.335412577,2.0782089088949243,15.586566816711935,False,False,weekly_timing_eligible,omicron_era
Egypt,primary,1,2020-03-23,2020-07-21,monthly,False,False,2020-05-27,,,,False,88751.0,64494.59530679168,20,5000.0,7,42,14,1.0,0.0,6142342.410170635,6142342.410170635,6142342.410170635,7677928.012713295,5118618.675142197,10749099.217798613,7677928.012713295,5118618.675142197,102334403.0,5118618.675142197,10749099.217798613,5.001855216903153,10.50389595549662,False,False,monthly_descriptive_only,2020
Egypt,primary,2,2020-07-21,2020-09-30,monthly,False,False,2020-08-14,,,,False,14796.0,13797.762776315662,20,5000.0,7,42,14,1.0,0.0,1314072.6453633963,1314072.6453633963,1314072.6453633963,1642590.8067042455,1095060.5378028303,2299627.1293859435,1642590.8067042455,1095060.5378028303,102334403.0,1095060.5378028303,2299627.1293859435,1.0700805454474878,2.2471691454397242,False,False,monthly_descriptive_only,2020
Egypt,primary,3,2020-09-30,2021-01-25,monthly,False,False,2020-12-05,,,,False,59407.0,39459.460965057886,20,5000.0,7,42,14,1.0,0.0,3758043.901434084,3758043.901434084,3758043.901434084,4697554.876792606,3131703.2511950703,6576576.827509647,4697554.876792606,3131703.2511950703,102334403.0,3131703.2511950703,6576576.827509647,3.0602643484372214,6.426555131718165,False,False,monthly_descriptive_only,2020
Egypt,primary,4,2021-01-25,2021-06-26,monthly,False,False,2021-04-17,,,,False,118188.0,91682.51695127285,20,5000.0,7,42,14,1.0,0.0,15280419.491878808,15280419.491878808,15280419.491878808,15280419.491878808,15280419.491878808,15280419.491878808,19100524.364848513,12733682.909899008,102334403.0,12733682.909899008,19100524.364848513,12.443208282457082,18.664812423685625,False,False,monthly_descriptive_only,2021_pre_omicron
Egypt,primary,5,2021-06-26,2021-12-07,monthly,False,False,2021-10-01,,,,False,85326.0,72115.5948048804,20,5000.0,7,42,14,1.0,0.0,12019265.8008134,12019265.8008134,12019265.8008134,12019265.8008134,12019265.8008134,12019265.8008134,15024082.251016751,10016054.834011167,102334403.0,10016054.834011167,15024082.251016751,9.787573426319952,14.681360139479926,False,False,monthly_descriptive_only,2021_pre_omicron
Egypt,primary,6,2021-12-07,2022-07-04,monthly,False,False,2022-01-24,,,,False,151612.0,41848.89022710007,20,5000.0,7,42,14,1.0,0.0,41848890.22710007,20924445.113550033,13949630.075700022,34874075.18925006,52311112.783875085,6974815.037850011,52311112.783875085,34874075.18925006,102334403.0,6974815.037850011,52311112.783875085,6.815708924251028,51.11781693188271,False,False,monthly_descriptive_only,omicron_era
Egypt,primary,7,2022-07-04,2022-12-31,monthly,False,False,2022-10-02,,,,False,0.0,8771.585248323092,20,5000.0,7,42,14,1.0,0.0,8771585.248323092,4385792.624161546,2923861.7494410304,7309654.3736025775,10964481.560403865,1461930.8747205152,10964481.560403865,7309654.3736025775,102334403.0,1461930.8747205152,10964481.560403865,1.4285820133435627,10.714365100076721,False,False,monthly_descriptive_only,omicron_era
Estonia,primary,1,2020-03-18,2020-04-26,weekly,True,True,2020-04-06,2020-04-02,4.0,4.0,True,1418.0,76.5857760603649,20,5000.0,7,42,14,1.0,0.0,7293.883434320467,7293.883434320467,7293.883434320467,9117.354292900585,6078.236195267056,12764.296010060818,9117.354292900585,6078.236195267056,1326539.0,6078.236195267056,12764.296010060818,0.45820260054676537,0.9622254611482073,False,False,weekly_timing_eligible,2020
Estonia,primary,2,2020-05-20,2020-06-18,weekly,True,True,2020-06-05,2020-06-07,-2.0,2.0,True,186.0,40.595375795173666,20,5000.0,7,42,14,1.0,0.0,3866.2262662070157,3866.2262662070157,3866.2262662070157,4832.78283275877,3221.8552218391796,6765.895965862278,4832.78283275877,3221.8552218391796,1326539.0,3221.8552218391796,6765.895965862278,0.2428767809946922,0.5100412400888537,False,False,weekly_timing_eligible,2020
Estonia,primary,3,2020-06-18,2020-07-23,weekly,True,True,2020-07-07,2020-07-07,0.0,0.0,True,50.0,71.52636838162746,20,5000.0,7,42,14,1.0,0.0,6812.03508396452,6812.03508396452,6812.03508396452,8515.043854955651,5676.6959033037665,11921.06139693791,8515.043854955651,5676.6959033037665,1326539.0,5676.6959033037665,11921.06139693791,0.42793283147376493,0.8986589460949064,False,False,weekly_timing_eligible,2020
Estonia,primary,4,2020-08-19,2020-09-19,weekly,True,True,2020-09-03,2020-08-31,3.0,3.0,True,675.0,77.41245899792018,20,5000.0,7,42,14,1.0,0.0,7372.615142659065,7372.615142659065,7372.615142659065,9215.768928323832,6143.845952215887,12902.076499653363,9215.768928323832,6143.845952215887,1326539.0,6143.845952215887,12902.076499653363,0.46314853556630353,0.9726119246892374,False,False,weekly_timing_eligible,2020
Estonia,primary,5,2020-11-24,2020-12-23,weekly,True,True,2020-12-10,2020-12-07,3.0,3.0,True,13353.0,237.8108370434257,20,5000.0,7,42,14,1.0,0.0,22648.65114699292,22648.65114699292,22648.65114699292,28310.813933741156,18873.875955827436,39635.13950723762,28310.813933741156,18873.875955827436,1326539.0,18873.875955827436,39635.13950723762,1.4227908833307905,2.9878608549946604,False,False,weekly_timing_eligible,2020
Estonia,primary,6,2021-03-05,2021-04-11,weekly,True,True,2021-03-18,2021-03-18,0.0,0.0,True,43564.0,426.5270795529593,20,5000.0,7,42,14,1.0,0.0,71087.84659215988,71087.84659215988,71087.84659215988,71087.84659215988,71087.84659215988,71087.84659215988,88859.80824019987,59239.87216013324,1326539.0,59239.87216013324,88859.80824019987,4.465746740965267,6.698620111447901,False,False,weekly_timing_eligible,2021_pre_omicron
Estonia,primary,7,2021-04-11,2021-05-16,weekly,True,True,2021-04-19,2021-04-21,-2.0,2.0,True,13317.0,173.71236548036765,20,5000.0,7,42,14,1.0,0.0,28952.06091339461,28952.06091339461,28952.06091339461,28952.06091339461,28952.06091339461,28952.06091339461,36190.076141743266,24126.71742782884,1326539.0,24126.71742782884,36190.076141743266,1.8187718135560913,2.7281577203341376,False,False,weekly_timing_eligible,2021_pre_omicron
Estonia,primary,8,2021-05-16,2021-07-07,weekly,True,True,2021-06-08,2021-06-15,-7.0,7.0,True,4377.0,403.09467000572886,20,5000.0,7,42,14,1.0,0.0,67182.4450009548,67182.4450009548,67182.4450009548,67182.4450009548,67182.4450009548,67182.4450009548,83978.05625119351,55985.37083412901,1326539.0,55985.37083412901,83978.05625119351,4.220408961525369,6.330613442288053,False,False,weekly_timing_eligible,2021_pre_omicron
Estonia,primary,9,2021-07-07,2021-07-29,weekly,True,False,2021-07-19,,,,False,1854.0,61.97148055066641,20,5000.0,7,42,14,1.0,0.0,10328.580091777736,10328.580091777736,10328.580091777736,10328.580091777736,10328.580091777736,10328.580091777736,12910.72511472217,8607.150076481446,1326539.0,8607.150076481446,12910.72511472217,0.6488425953915751,0.9732638930873627,False,False,weekly_timing_eligible,2021_pre_omicron
Estonia,primary,10,2021-08-28,2021-09-21,weekly,True,True,2021-09-11,2021-09-17,-6.0,6.0,True,9913.0,197.1009054092827,20,5000.0,7,42,14,1.0,0.0,32850.15090154712,32850.15090154712,32850.15090154712,32850.15090154712,32850.15090154712,32850.15090154712,41062.688626933894,27375.125751289263,1326539.0,27375.125751289263,41062.688626933894,2.063650277246976,3.095475415870464,False,False,weekly_timing_eligible,2021_pre_omicron
Estonia,primary,11,2021-09-21,2021-10-26,weekly,True,True,2021-10-15,2021-10-31,-16.0,16.0,False,34367.0,496.0683158779216,20,5000.0,7,42,14,1.0,0.0,82678.05264632026,82678.05264632026,82678.05264632026,82678.05264632026,82678.05264632026,82678.05264632026,103347.56580790033,68898.3772052669,1326539.0,68898.3772052669,103347.56580790033,5.193844825162841,7.7907672377442605,False,False,weekly_timing_eligible,2021_pre_omicron
Estonia,primary,12,2021-12-12,2022-01-01,weekly,True,True,2021-12-23,2021-12-29,-6.0,6.0,True,14221.0,49.898045628330706,20,5000.0,7,42,14,1.0,0.0,49898.04562833071,24949.022814165353,16632.681876110237,41581.70469027559,62372.55703541338,8316.340938055118,62372.55703541338,41581.70469027559,1326539.0,8316.340938055118,62372.55703541338,0.626920198957974,4.701901492184804,False,True,weekly_timing_eligible,omicron_era
Estonia,primary,13,2022-01-01,2022-04-05,weekly,True,True,2022-02-02,2022-02-03,-1.0,1.0,True,318825.0,535.4266297914426,20,5000.0,7,42,14,1.0,0.0,535426.6297914425,267713.31489572127,178475.54326381418,446188.8581595355,669283.2872393032,89237.77163190709,669283.2872393032,446188.8581595355,1326539.0,89237.77163190709,669283.2872393032,6.727112556201295,50.45334417150971,False,True,weekly_timing_eligible,omicron_era
Estonia,primary,14,2022-04-05,2022-05-03,weekly,True,True,2022-04-19,2022-04-20,-1.0,1.0,True,13301.0,35.65581916994706,20,5000.0,7,42,14,1.0,0.0,35655.819169947055,17827.909584973528,11885.273056649019,29713.182641622552,44569.77396243382,5942.6365283245095,44569.77396243382,29713.182641622552,1326539.0,5942.6365283245095,44569.77396243382,0.4479805364429172,3.359854023321879,False,True,weekly_timing_eligible,omicron_era
Estonia,primary,15,2022-05-03,2022-06-29,weekly,True,False,2022-06-09,,,,False,7921.0,296.20225003815983,20,5000.0,7,42,14,1.0,0.0,296202.25003815984,148101.12501907992,98734.08334605327,246835.2083651332,370252.8125476998,49367.04167302664,370252.8125476998,246835.2083651332,1326539.0,49367.04167302664,370252.8125476998,3.721491917917727,27.911189384382954,False,False,weekly_timing_eligible,omicron_era
Estonia,primary,16,2022-06-29,2022-07-23,weekly,True,True,2022-07-09,2022-07-02,7.0,7.0,True,5032.0,97.35687933500071,20,5000.0,7,42,14,1.0,0.0,97356.8793350007,48678.43966750035,32452.293111666902,81130.73277916727,121696.09916875088,16226.146555833451,121696.09916875088,81130.73277916727,1326539.0,16226.146555833451,121696.09916875088,1.223194082935628,9.17395562201721,False,False,weekly_timing_eligible,omicron_era
Estonia,primary,17,2022-08-13,2022-09-30,weekly,True,True,2022-09-03,2022-08-02,32.0,32.0,False,8422.0,226.5370197122779,20,5000.0,7,42,14,1.0,0.0,226537.0197122779,113268.50985613895,75512.33990409263,188780.8497602316,283171.27464034734,37756.169952046315,283171.27464034734,188780.8497602316,1326539.0,37756.169952046315,283171.27464034734,2.8462163533862417,21.34662265039681,False,False,weekly_timing_eligible,omicron_era
Estonia,primary,18,2022-09-30,2022-11-06,weekly,True,True,2022-10-20,2022-10-01,19.0,19.0,True,5307.0,177.3621318509096,20,5000.0,7,42,14,1.0,0.0,177362.13185090962,88681.06592545481,59120.71061696987,147801.7765424247,221702.664813637,29560.355308484934,221702.664813637,147801.7765424247,1326539.0,29560.355308484934,221702.664813637,2.2283819253323824,16.712864439992867,False,False,weekly_timing_eligible,omicron_era
Estonia,primary,19,2022-11-06,2022-12-12,weekly,True,True,2022-11-25,2022-11-12,13.0,13.0,True,2527.0,315.7837457507918,20,5000.0,7,42,14,1.0,0.0,315783.7457507918,157891.8728753959,105261.24858359726,263153.1214589932,394729.68218848977,52630.62429179863,394729.68218848977,263153.1214589932,1326539.0,52630.62429179863,394729.68218848977,3.9675142827914316,29.75635712093574,False,False,weekly_timing_eligible,omicron_era
Finland,primary,1,2020-03-26,2020-05-09,weekly,True,True,2020-04-17,2020-04-05,12.0,12.0,True,5047.0,501.3266550985127,20,5000.0,7,42,14,1.0,0.0,47745.39572366787,47745.39572366787,47745.39572366787,59681.74465458484,39787.82976972323,83554.44251641877,59681.74465458484,39787.82976972323,5540718.0,39787.82976972323,83554.44251641877,0.7180988054205831,1.5080074913832244,False,False,weekly_timing_eligible,2020
Finland,primary,2,2020-05-09,2020-06-21,weekly,True,True,2020-05-31,2020-05-06,25.0,25.0,False,1127.0,320.58010920318685,20,5000.0,7,42,14,1.0,0.0,30531.438971732077,30531.438971732077,30531.438971732077,38164.29871466511,25442.865809776733,53430.01820053114,38164.29871466511,25442.865809776733,5540718.0,25442.865809776733,53430.01820053114,0.45919799220564433,0.9643157836318532,False,False,weekly_timing_eligible,2020
Finland,primary,3,2020-08-07,2020-09-15,weekly,True,True,2020-08-25,2020-09-04,-10.0,10.0,True,1255.0,330.0241240636245,20,5000.0,7,42,14,1.0,0.0,31430.868958440427,31430.868958440427,31430.868958440427,39288.58619805054,26192.39079870036,55004.02067727075,39288.58619805054,26192.39079870036,5540718.0,26192.39079870036,55004.02067727075,0.4727255709224032,0.9927236989370466,False,False,weekly_timing_eligible,2020
Finland,primary,4,2020-10-20,2020-12-21,weekly,True,True,2020-11-04,2020-11-28,-24.0,24.0,True,19758.0,379.2858123136781,20,5000.0,7,42,14,1.0,0.0,36122.45831558839,36122.45831558839,36122.45831558839,45153.07289448549,30102.048596323657,63214.30205227968,45153.07289448549,30102.048596323657,5540718.0,30102.048596323657,63214.30205227968,0.5432878662354529,1.140904519094451,False,False,weekly_timing_eligible,2020
Finland,primary,5,2021-01-18,2021-03-10,weekly,True,True,2021-02-02,2021-01-29,4.0,4.0,True,24011.0,57.71897961095472,20,5000.0,7,42,14,1.0,0.0,9619.82993515912,9619.82993515912,9619.82993515912,9619.82993515912,9619.82993515912,9619.82993515912,12024.787418948901,8016.5249459659335,5540718.0,8016.5249459659335,12024.787418948901,0.1446838649064243,0.21702579735963645,False,True,weekly_timing_eligible,2021_pre_omicron
Finland,primary,6,2021-03-10,2021-05-18,weekly,True,True,2021-04-24,2021-04-26,-2.0,2.0,True,26984.0,286.18950270664425,20,5000.0,7,42,14,1.0,0.0,47698.25045110737,47698.25045110737,47698.25045110737,47698.25045110737,47698.25045110737,47698.25045110737,59622.81306388423,39748.54204258948,5540718.0,39748.54204258948,59622.81306388423,0.7173897325687659,1.076084598853149,False,False,weekly_timing_eligible,2021_pre_omicron
Finland,primary,7,2021-05-18,2021-07-07,weekly,True,True,2021-06-22,2021-06-29,-7.0,7.0,True,6809.0,686.0447117848769,20,5000.0,7,42,14,1.0,0.0,114340.78529747948,114340.78529747948,114340.78529747948,114340.78529747948,114340.78529747948,114340.78529747948,142925.98162184935,95283.98774789956,5540718.0,95283.98774789956,142925.98162184935,1.7197046979813728,2.5795570469720595,False,False,weekly_timing_eligible,2021_pre_omicron
Finland,primary,8,2021-07-07,2021-08-07,weekly,True,True,2021-07-24,2021-08-09,-16.0,16.0,False,15364.0,551.6134927026275,20,5000.0,7,42,14,1.0,0.0,91935.58211710458,91935.58211710458,91935.58211710458,91935.58211710458,91935.58211710458,91935.58211710458,114919.47764638074,76612.98509758715,5540718.0,76612.98509758715,114919.47764638074,1.3827266628185582,2.0740899942278372,False,False,weekly_timing_eligible,2021_pre_omicron
Finland,primary,9,2021-09-01,2021-10-13,weekly,True,True,2021-09-27,2021-10-08,-11.0,11.0,True,21572.0,827.4996504012445,20,5000.0,7,42,14,1.0,0.0,137916.60840020742,137916.60840020742,137916.60840020742,137916.60840020742,137916.60840020742,137916.60840020742,172395.7605002593,114930.50700017285,5540718.0,114930.50700017285,172395.7605002593,2.0742890542376067,3.1114335813564105,False,False,weekly_timing_eligible,2021_pre_omicron
Finland,primary,10,2021-10-13,2021-12-19,weekly,True,True,2021-11-15,2021-12-03,-18.0,18.0,True,69999.0,1626.7074500532183,20,5000.0,7,42,14,1.0,0.0,271117.90834220307,271117.90834220307,271117.90834220307,271117.90834220307,271117.90834220307,271117.90834220307,338897.38542775385,225931.59028516922,5540718.0,225931.59028516922,338897.38542775385,4.077659073881205,6.116488610821808,False,False,weekly_timing_eligible,2021_pre_omicron
Finland,primary,11,2022-01-07,2022-02-06,weekly,True,True,2022-01-20,2022-01-08,12.0,12.0,True,198977.0,728.7865369909695,20,5000.0,7,42,14,1.0,0.0,728786.5369909694,364393.2684954847,242928.84566365648,607322.1141591413,910983.1712387118,121464.42283182824,910983.1712387118,607322.1141591413,5540718.0,121464.42283182824,910983.1712387118,2.192214489743536,16.44160867307652,False,True,weekly_timing_eligible,omicron_era
Finland,primary,12,2022-02-26,2022-05-23,weekly,True,True,2022-03-20,2022-03-13,7.0,7.0,True,443496.0,2066.97357784446,20,5000.0,7,42,14,1.0,0.0,2066973.57784446,1033486.78892223,688991.19261482,1722477.9815370503,2583716.972305575,344495.59630741,2583716.972305575,1722477.9815370503,5540718.0,344495.59630741,2583716.972305575,6.217526253951383,46.631446904635375,False,True,weekly_timing_eligible,omicron_era
Finland,primary,13,2022-05-23,2022-06-26,weekly,True,True,2022-06-11,2022-06-02,9.0,9.0,True,52372.0,600.0569436268115,20,5000.0,7,42,14,1.0,0.0,600056.9436268115,300028.47181340575,200018.98120893716,500047.453022343,750071.1795335143,100009.49060446858,750071.1795335143,500047.453022343,5540718.0,100009.49060446858,750071.1795335143,1.8049915300592556,13.537436475444418,False,False,weekly_timing_eligible,omicron_era
Finland,primary,14,2022-06-26,2022-08-09,weekly,True,True,2022-07-24,2022-08-04,-11.0,11.0,True,84619.0,1096.1408428361467,20,5000.0,7,42,14,1.0,0.0,1096140.8428361467,548070.4214180734,365380.28094538226,913450.7023634557,1370176.0535451833,182690.14047269113,1370176.0535451833,913450.7023634557,5540718.0,182690.14047269113,1370176.0535451833,3.2972286348572717,24.729214761429535,False,False,weekly_timing_eligible,omicron_era
Finland,primary,15,2022-08-09,2022-09-09,weekly,True,False,2022-08-25,,,,False,53300.0,868.3885903092656,20,5000.0,7,42,14,1.0,0.0,868388.5903092657,434194.2951546328,289462.86343642185,723657.1585910547,1085485.737886582,144731.43171821092,1085485.737886582,723657.1585910547,5540718.0,144731.43171821092,1085485.737886582,2.612142175765143,19.591066318238575,False,False,weekly_timing_eligible,omicron_era
Finland,primary,16,2022-10-10,2022-11-09,weekly,True,True,2022-10-27,2022-10-10,17.0,17.0,True,48087.0,1019.2194943760727,20,5000.0,7,42,14,1.0,0.0,1019219.4943760727,509609.74718803633,339739.83145869087,849349.5786467274,1274024.3679700908,169869.91572934543,1274024.3679700908,849349.5786467274,5540718.0,169869.91572934543,1274024.3679700908,3.065846623656815,22.993849677426116,False,False,weekly_timing_eligible,omicron_era
Finland,primary,17,2022-11-09,2022-12-31,weekly,True,True,2022-11-29,2022-12-08,-9.0,9.0,True,77484.0,1880.0987660718577,20,5000.0,7,42,14,1.0,0.0,1880098.7660718577,940049.3830359288,626699.5886906192,1566748.9717265482,2350123.457589822,313349.7943453096,2350123.457589822,1566748.9717265482,5540718.0,313349.7943453096,2350123.457589822,5.655400515696876,42.415503867726564,False,False,weekly_timing_eligible,omicron_era
France,primary,1,2020-02-01,2020-04-17,weekly,True,True,2020-03-16,2020-03-11,5.0,5.0,True,167617.0,28030.855281833006,20,5000.0,7,42,14,1.0,0.0,2669605.2649364765,2669605.2649364765,2669605.2649364765,3337006.581170596,2224671.054113731,4671809.213638835,3337006.581170596,2224671.054113731,65249843.0,2224671.054113731,4671809.213638835,3.4094657578160468,7.159878091413699,False,False,weekly_timing_eligible,2020
France,primary,2,2020-06-19,2020-08-07,weekly,True,True,2020-07-22,2020-07-21,1.0,1.0,True,38998.0,3387.2080078512186,20,5000.0,7,42,14,1.0,0.0,322591.2388429732,322591.2388429732,322591.2388429732,403239.0485537165,268826.0323691443,564534.6679752031,403239.0485537165,268826.0323691443,65249843.0,268826.0323691443,564534.6679752031,0.41199491065310967,0.8651893123715303,False,False,weekly_timing_eligible,2020
France,primary,3,2020-08-07,2020-09-08,weekly,True,True,2020-08-25,2020-08-22,3.0,3.0,True,141002.0,3168.456090250676,20,5000.0,7,42,14,1.0,0.0,301757.7228810167,301757.7228810167,301757.7228810167,377197.153601271,251464.76906751396,528076.0150417793,377197.153601271,251464.76906751396,65249843.0,251464.76906751396,528076.0150417793,0.3853875465531985,0.8093138477617169,False,False,weekly_timing_eligible,2020
France,primary,4,2020-09-08,2020-12-02,weekly,True,True,2020-10-19,2020-11-04,-16.0,16.0,True,1976413.0,31336.703127694236,20,5000.0,7,42,14,1.0,0.0,2984447.9169232603,2984447.9169232603,2984447.9169232603,3730559.896154076,2487039.930769384,5222783.854615706,3730559.896154076,2487039.930769384,65249843.0,2487039.930769384,5222783.854615706,3.8115646205759974,8.004285703209595,False,False,weekly_timing_eligible,2020
France,primary,5,2020-12-02,2020-12-24,weekly,True,True,2020-12-10,2021-01-07,-28.0,28.0,False,299049.0,5413.015418185755,20,5000.0,7,42,14,1.0,0.0,515525.27792245283,515525.27792245283,515525.27792245283,644406.5974030661,429604.3982687107,902169.2363642926,644406.5974030661,429604.3982687107,65249843.0,429604.3982687107,902169.2363642926,0.6583991294334772,1.3826381718103022,False,False,weekly_timing_eligible,2020
France,primary,6,2021-02-14,2021-05-09,weekly,True,True,2021-04-02,2021-04-14,-12.0,12.0,True,2330484.0,15062.023511702264,20,5000.0,7,42,14,1.0,0.0,2510337.251950377,2510337.251950377,2510337.251950377,2510337.251950377,2510337.251950377,2510337.251950377,3137921.564937972,2091947.7099586478,65249843.0,2091947.7099586478,3137921.564937972,3.206057844397645,4.809086766596468,False,True,weekly_timing_eligible,2021_pre_omicron
France,primary,7,2021-05-09,2021-06-12,weekly,True,True,2021-05-21,2021-05-14,7.0,7.0,True,319206.0,1719.762569208965,20,5000.0,7,42,14,1.0,0.0,286627.09486816084,286627.09486816084,286627.09486816084,286627.09486816084,286627.09486816084,286627.09486816084,358283.8685852011,238855.91239013404,65249843.0,238855.91239013404,358283.8685852011,0.36606358177771253,0.5490953726665689,False,True,weekly_timing_eligible,2021_pre_omicron
France,primary,8,2021-06-12,2021-07-11,weekly,True,True,2021-07-02,2021-07-10,-8.0,8.0,True,79281.0,1344.4071704149383,20,5000.0,7,42,14,1.0,0.0,224067.86173582304,224067.86173582304,224067.86173582304,224067.86173582304,224067.86173582304,224067.86173582304,280084.8271697788,186723.21811318587,65249843.0,186723.21811318587,280084.8271697788,0.2861665400684349,0.4292498101026524,False,False,weekly_timing_eligible,2021_pre_omicron
France,primary,9,2021-08-06,2021-09-05,weekly,True,True,2021-08-18,2021-08-13,5.0,5.0,True,621860.0,4207.434474916056,20,5000.0,7,42,14,1.0,0.0,701239.079152676,701239.079152676,701239.079152676,701239.079152676,701239.079152676,701239.079152676,876548.8489408451,584365.8992938967,65249843.0,584365.8992938967,876548.8489408451,0.8955820771766404,1.3433731157649607,False,True,weekly_timing_eligible,2021_pre_omicron
France,primary,10,2021-09-05,2021-10-18,weekly,True,True,2021-10-02,2021-09-19,13.0,13.0,True,279851.0,4806.415628187785,20,5000.0,7,42,14,1.0,0.0,801069.2713646308,801069.2713646308,801069.2713646308,801069.2713646308,801069.2713646308,801069.2713646308,1001336.5892057886,667557.7261371923,65249843.0,667557.7261371923,1001336.5892057886,1.0230794365852993,1.5346191548779489,False,False,weekly_timing_eligible,2021_pre_omicron
France,primary,11,2021-10-18,2021-12-24,weekly,True,True,2021-12-02,2021-12-22,-20.0,20.0,True,1898666.0,15571.444263300844,20,5000.0,7,42,14,1.0,0.0,15571444.263300844,7785722.131650422,5190481.421100281,12976203.552750705,19464305.329126053,2595240.7105501406,19464305.329126053,12976203.552750705,65249843.0,2595240.7105501406,19464305.329126053,3.9773899694289545,29.830424770717155,False,False,weekly_timing_eligible,omicron_era
France,primary,12,2021-12-24,2022-02-11,weekly,True,True,2022-01-11,2022-01-22,-11.0,11.0,True,12652455.0,7622.501400501245,20,5000.0,7,42,14,1.0,0.0,7622501.400501246,3811250.700250623,2540833.800167082,6352084.500417705,9528126.750626557,1270416.900083541,9528126.750626557,6352084.500417705,65249843.0,1270416.900083541,9528126.750626557,1.9470037653324943,14.602528239993706,False,True,weekly_timing_eligible,omicron_era
France,primary,13,2022-02-11,2022-05-07,weekly,True,True,2022-03-24,2022-03-29,-5.0,5.0,True,7607130.0,11820.109680746886,20,5000.0,7,42,14,1.0,0.0,11820109.680746885,5910054.8403734425,3940036.5602489617,9850091.400622405,14775137.100933606,1970018.2801244808,14775137.100933606,9850091.400622405,65249843.0,1970018.2801244808,14775137.100933606,3.0191923682091937,22.643942761568955,False,True,weekly_timing_eligible,omicron_era
France,primary,14,2022-05-07,2022-06-09,weekly,True,True,2022-05-26,2022-05-15,11.0,11.0,True,895069.0,2928.628553484243,20,5000.0,7,42,14,1.0,0.0,2928628.5534842433,1464314.2767421217,976209.517828081,2440523.794570203,3660785.691855304,488104.7589140405,3660785.691855304,2440523.794570203,65249843.0,488104.7589140405,3660785.691855304,0.7480550702842925,5.610413027132195,False,True,weekly_timing_eligible,omicron_era
France,primary,15,2022-06-09,2022-07-13,weekly,True,True,2022-06-29,2022-07-08,-9.0,9.0,True,2975287.0,7693.82760401576,20,5000.0,7,42,14,1.0,0.0,7693827.604015759,3846913.8020078796,2564609.2013385864,6411523.003346467,9617284.5050197,1282304.6006692932,9617284.5050197,6411523.003346467,65249843.0,1282304.6006692932,9617284.5050197,1.9652225073848733,14.739168805386551,False,True,weekly_timing_eligible,omicron_era
France,primary,16,2022-08-23,2022-10-14,weekly,True,True,2022-09-17,2022-10-09,-22.0,22.0,True,1807215.0,8613.112191097372,20,5000.0,7,42,14,1.0,0.0,8613112.191097373,4306556.095548687,2871037.3970324574,7177593.492581144,10766390.238871716,1435518.6985162287,10766390.238871716,7177593.492581144,65249843.0,1435518.6985162287,10766390.238871716,2.2000339502981316,16.500254627235986,False,True,weekly_timing_eligible,omicron_era
France,primary,17,2022-10-14,2022-12-31,weekly,True,True,2022-12-02,2022-12-09,-7.0,7.0,True,3178330.0,24153.317066142743,20,5000.0,7,42,14,1.0,0.0,24153317.06614274,12076658.53307137,8051105.688714247,20127764.22178562,30191646.332678426,4025552.8443571236,30191646.332678426,20127764.22178562,65249843.0,4025552.8443571236,30191646.332678426,6.169444491011455,46.270833682585916,False,False,weekly_timing_eligible,omicron_era
Georgia,primary,1,2020-08-08,2021-02-10,monthly,False,False,2020-11-10,,,,False,262388.0,4390.353071208361,20,5000.0,7,42,14,1.0,0.0,418128.8639246058,418128.8639246058,418128.8639246058,522661.07990575733,348440.7199371715,731725.5118680602,522661.07990575733,348440.7199371715,3989175.0,348440.7199371715,731725.5118680602,8.734656161666798,18.34277793950028,False,False,monthly_descriptive_only,2020
Georgia,primary,2,2021-02-10,2021-06-11,monthly,False,False,2021-05-06,,,,False,89592.0,984.0257272659384,20,5000.0,7,42,14,1.0,0.0,164004.2878776564,164004.2878776564,164004.2878776564,164004.2878776564,164004.2878776564,164004.2878776564,205005.3598470705,136670.239898047,3989175.0,136670.239898047,205005.3598470705,3.4260276848733637,5.139041527310045,False,False,monthly_descriptive_only,2021_pre_omicron
Georgia,primary,3,2021-06-11,2021-09-17,monthly,False,False,2021-08-05,,,,False,239812.0,5164.429075669639,20,5000.0,7,42,14,1.0,0.0,860738.1792782731,860738.1792782731,860738.1792782731,860738.1792782731,860738.1792782731,860738.1792782731,1075922.7240978417,717281.8160652277,3989175.0,717281.8160652277,1075922.7240978417,17.980705686394497,26.97105852959175,False,False,monthly_descriptive_only,2021_pre_omicron
Georgia,primary,4,2021-09-17,2021-12-22,monthly,False,False,2021-10-27,,,,False,326750.0,5858.4833176741895,20,5000.0,7,42,14,1.0,0.0,976413.8862790315,976413.8862790315,976413.8862790315,976413.8862790315,976413.8862790315,976413.8862790315,1220517.3578487895,813678.2385658596,3989175.0,813678.2385658596,1220517.3578487895,20.397155766940774,30.595733650411162,False,False,monthly_descriptive_only,2021_pre_omicron
Georgia,primary,5,2021-12-22,2022-05-20,monthly,False,False,2022-01-26,,,,False,742830.0,2674.1166773543177,20,5000.0,7,42,14,1.0,0.0,2674116.6773543176,1337058.3386771588,891372.2257847725,2228430.5644619316,3342645.846692897,445686.11289238627,3342645.846692897,2228430.5644619316,3989175.0,445686.11289238627,3342645.846692897,11.172388097598782,83.79291073199087,False,True,monthly_descriptive_only,omicron_era
Germany,primary,1,2020-02-01,2020-04-24,weekly,True,True,2020-03-19,2020-04-02,-14.0,14.0,True,150378.0,9820.648114689093,20,5000.0,7,42,14,1.0,0.0,935299.8204465802,935299.8204465802,935299.8204465802,1169124.7755582253,779416.5170388169,1636774.6857815154,1169124.7755582253,779416.5170388169,83155031.0,779416.5170388169,1636774.6857815154,0.9373053051219679,1.9683411407561324,False,False,weekly_timing_eligible,2020
Germany,primary,2,2020-06-23,2020-08-11,weekly,True,True,2020-07-24,2020-06-22,32.0,32.0,False,26934.0,6487.03564323396,20,5000.0,7,42,14,1.0,0.0,617812.9184032343,617812.9184032343,617812.9184032343,772266.1480040429,514844.0986693619,1081172.60720566,772266.1480040429,514844.0986693619,83155031.0,514844.0986693619,1081172.60720566,0.6191376426392793,1.3001890495424866,False,False,weekly_timing_eligible,2020
Germany,primary,3,2020-08-11,2020-09-19,weekly,True,True,2020-08-29,2020-08-17,12.0,12.0,True,53743.0,5052.248661444498,20,5000.0,7,42,14,1.0,0.0,481166.5391851902,481166.5391851902,481166.5391851902,601458.1739814879,400972.11598765856,842041.4435740829,601458.1739814879,400972.11598765856,83155031.0,400972.11598765856,842041.4435740829,0.4821982640925942,1.0126163545944475,False,False,weekly_timing_eligible,2020
Germany,primary,4,2020-09-19,2021-02-19,weekly,True,True,2020-12-08,2020-12-21,-13.0,13.0,True,2101946.0,64692.18901211935,20,5000.0,7,42,14,1.0,0.0,6161160.858297081,6161160.858297081,6161160.858297081,7701451.072871352,5134300.715247568,10782031.502019892,7701451.072871352,5134300.715247568,83155031.0,5134300.715247568,10782031.502019892,6.17437171690498,12.966180605500456,False,False,weekly_timing_eligible,2020
Germany,primary,5,2021-02-19,2021-05-05,weekly,True,True,2021-04-12,2021-04-24,-12.0,12.0,True,1090944.0,10090.028314028188,20,5000.0,7,42,14,1.0,0.0,1681671.3856713646,1681671.3856713646,1681671.3856713646,1681671.3856713646,1681671.3856713646,1681671.3856713646,2102089.232089206,1401392.821392804,83155031.0,1401392.821392804,2102089.232089206,1.6852772520676516,2.527915878101478,False,False,weekly_timing_eligible,2021_pre_omicron
Germany,primary,6,2021-05-05,2021-06-14,weekly,True,True,2021-05-27,2021-05-30,-3.0,3.0,True,282002.0,7310.813472356972,20,5000.0,7,42,14,1.0,0.0,1218468.9120594952,1218468.9120594952,1218468.9120594952,1218468.9120594952,1218468.9120594952,1218468.9120594952,1523086.1400743693,1015390.7600495794,83155031.0,1015390.7600495794,1523086.1400743693,1.221081572382048,1.8316223585730722,False,False,weekly_timing_eligible,2021_pre_omicron
Germany,primary,7,2021-06-14,2021-07-12,weekly,True,False,2021-06-27,,,,False,21520.0,2336.050136400805,20,5000.0,7,42,14,1.0,0.0,389341.68940013414,389341.68940013414,389341.68940013414,389341.68940013414,389341.68940013414,389341.68940013414,486677.11175016774,324451.4078334452,83155031.0,324451.4078334452,486677.11175016774,0.3901765220115728,0.5852647830173592,False,False,weekly_timing_eligible,2021_pre_omicron
Germany,primary,8,2021-08-04,2021-09-16,weekly,True,True,2021-08-24,2021-09-06,-13.0,13.0,True,340981.0,10860.46793238635,20,5000.0,7,42,14,1.0,0.0,1810077.988731058,1810077.988731058,1810077.988731058,1810077.988731058,1810077.988731058,1810077.988731058,2262597.485913823,1508398.3239425486,83155031.0,1508398.3239425486,2262597.485913823,1.8139591865975597,2.7209387798963394,False,False,weekly_timing_eligible,2021_pre_omicron
Germany,primary,9,2021-09-16,2021-12-31,weekly,True,True,2021-11-12,2021-11-28,-16.0,16.0,True,3007251.0,52426.761634828596,20,5000.0,7,42,14,1.0,0.0,8737793.605804766,8737793.605804766,8737793.605804766,8737793.605804766,8737793.605804766,8737793.605804766,10922242.007255958,7281494.671503972,83155031.0,7281494.671503972,10922242.007255958,8.756529321123063,13.134793981684595,False,False,weekly_timing_eligible,2021_pre_omicron
Germany,primary,10,2022-02-07,2022-04-06,weekly,True,True,2022-03-21,2022-03-21,0.0,0.0,True,11392457.0,11621.287751926831,20,5000.0,7,42,14,1.0,0.0,11621287.751926832,5810643.875963416,3873762.5839756103,9684406.459939027,14526609.689908538,1936881.2919878052,14526609.689908538,9684406.459939027,83155031.0,1936881.2919878052,14526609.689908538,2.329241260204455,17.469309451533412,False,True,weekly_timing_eligible,omicron_era
Germany,primary,11,2022-05-09,2022-06-15,weekly,True,True,2022-06-01,2022-06-13,-12.0,12.0,True,1792219.0,10251.189691987196,20,5000.0,7,42,14,1.0,0.0,10251189.691987196,5125594.845993598,3417063.2306623985,8542658.076655997,12813987.114983995,1708531.6153311993,12813987.114983995,8542658.076655997,83155031.0,1708531.6153311993,12813987.114983995,2.054634091028358,15.409755682712685,False,True,weekly_timing_eligible,omicron_era
Germany,primary,12,2022-06-15,2022-07-15,weekly,True,True,2022-07-03,2022-07-17,-14.0,14.0,False,2654858.0,12958.429537037364,20,5000.0,7,42,14,1.0,0.0,12958429.537037363,6479214.768518682,4319476.512345788,10798691.280864472,16198036.921296705,2159738.256172894,16198036.921296705,10798691.280864472,83155031.0,2159738.256172894,16198036.921296705,2.597243041341532,19.47932281006149,False,True,weekly_timing_eligible,omicron_era
Germany,primary,13,2022-08-16,2022-10-20,weekly,True,True,2022-09-28,2022-10-10,-12.0,12.0,True,3470429.0,32933.35875039701,20,5000.0,7,42,14,1.0,0.0,32933358.75039701,16466679.375198506,10977786.250132337,27444465.625330847,41166698.43799626,5488893.125066169,41166698.43799626,27444465.625330847,83155031.0,5488893.125066169,41166698.43799626,6.6007949958748355,49.50596246906127,False,False,weekly_timing_eligible,omicron_era
Germany,primary,14,2022-10-20,2022-12-31,weekly,True,True,2022-12-04,2022-12-21,-17.0,17.0,True,2480903.0,56351.31250008761,20,5000.0,7,42,14,1.0,0.0,56351312.50008761,28175656.250043806,18783770.833362535,46959427.083406344,70439140.62510951,9391885.416681267,70439140.62510951,46959427.083406344,83155031.0,9391885.416681267,70439140.62510951,11.294428375213121,84.70821281409842,False,False,weekly_timing_eligible,omicron_era
Greece,primary,1,2020-02-02,2020-04-03,weekly,True,True,2020-02-23,2020-04-01,-38.0,38.0,True,1613.0,768.4909370120374,20,5000.0,7,42,14,1.0,0.0,73189.61304876546,73189.61304876546,73189.61304876546,91487.01631095684,60991.34420730456,128081.82283533957,91487.01631095684,60991.34420730456,10423056.0,60991.34420730456,128081.82283533957,0.585157982527433,1.2288317633076093,False,False,weekly_timing_eligible,2020
Greece,primary,2,2020-04-03,2020-05-20,weekly,True,True,2020-04-26,2020-05-03,-7.0,7.0,True,1694.0,512.8617258395261,20,5000.0,7,42,14,1.0,0.0,48843.97388947867,48843.97388947867,48843.97388947867,61054.96736184835,40703.31157456557,85476.95430658768,61054.96736184835,40703.31157456557,10423056.0,40703.31157456557,85476.95430658768,0.3905122602676755,0.8200757465621183,False,False,weekly_timing_eligible,2020
Greece,primary,3,2020-05-20,2020-06-27,weekly,True,True,2020-06-13,2020-06-02,11.0,11.0,True,526.0,379.82837677222483,20,5000.0,7,42,14,1.0,0.0,36174.13112116427,36174.13112116427,36174.13112116427,45217.66390145534,30145.10926763689,63304.72946203747,45217.66390145534,30145.10926763689,10423056.0,30145.10926763689,63304.72946203747,0.2892156510301479,0.6073528671633105,False,False,weekly_timing_eligible,2020
Greece,primary,4,2020-06-27,2020-07-25,weekly,True,True,2020-07-13,2020-07-11,2.0,2.0,True,823.0,569.3986345904,20,5000.0,7,42,14,1.0,0.0,54228.4413895619,54228.4413895619,54228.4413895619,67785.55173695239,45190.367824634915,94899.77243173333,67785.55173695239,45190.367824634915,10423056.0,45190.367824634915,94899.77243173333,0.4335615948396988,0.9104793491633675,False,False,weekly_timing_eligible,2020
Greece,primary,5,2020-07-25,2020-09-26,weekly,True,True,2020-08-26,2020-08-30,-4.0,4.0,True,13093.0,1504.3560139472888,20,5000.0,7,42,14,1.0,0.0,143272.0013283132,143272.0013283132,143272.0013283132,179090.00166039154,119393.33444026102,250726.00232454814,179090.00166039154,119393.33444026102,10423056.0,119393.33444026102,250726.00232454814,1.1454734047314055,2.4054941499359512,False,False,weekly_timing_eligible,2020
Greece,primary,6,2020-09-26,2021-01-06,weekly,True,True,2020-11-08,2020-11-15,-7.0,7.0,True,125354.0,5130.777039749787,20,5000.0,7,42,14,1.0,0.0,488645.43235712254,488645.43235712254,488645.43235712254,610806.7904464032,407204.5269642688,855129.5066249645,610806.7904464032,407204.5269642688,10423056.0,407204.5269642688,855129.5066249645,3.906767141654701,8.204210997474872,False,False,weekly_timing_eligible,2020
Greece,primary,7,2021-01-06,2021-04-02,weekly,True,True,2021-03-18,2021-03-03,15.0,15.0,True,128777.0,3295.0125001817523,20,5000.0,7,42,14,1.0,0.0,549168.7500302921,549168.7500302921,549168.7500302921,549168.7500302921,549168.7500302921,549168.7500302921,686460.9375378651,457640.6250252434,10423056.0,457640.6250252434,686460.9375378651,4.39065687668994,6.585985315034911,False,False,weekly_timing_eligible,2021_pre_omicron
Greece,primary,8,2021-04-26,2021-05-22,weekly,True,True,2021-05-04,2021-05-09,-5.0,5.0,True,55800.0,1188.103766195477,20,5000.0,7,42,14,1.0,0.0,198017.29436591282,198017.29436591282,198017.29436591282,198017.29436591282,198017.29436591282,198017.29436591282,247521.61795739105,165014.41197159403,10423056.0,165014.41197159403,247521.61795739105,1.5831672781149217,2.374750917172382,False,False,weekly_timing_eligible,2021_pre_omicron
Greece,primary,9,2021-05-22,2021-06-28,weekly,True,False,2021-06-11,,,,False,33840.0,2490.106426117219,20,5000.0,7,42,14,1.0,0.0,415017.7376862032,415017.7376862032,415017.7376862032,415017.7376862032,415017.7376862032,415017.7376862032,518772.17210775404,345848.11473850266,10423056.0,345848.11473850266,518772.17210775404,3.3181066545023135,4.977159981753471,False,False,weekly_timing_eligible,2021_pre_omicron
Greece,primary,10,2021-06-28,2021-08-03,weekly,True,True,2021-07-16,2021-07-23,-7.0,7.0,True,80125.0,3635.485570478005,20,5000.0,7,42,14,1.0,0.0,605914.2617463341,605914.2617463341,605914.2617463341,605914.2617463341,605914.2617463341,605914.2617463341,757392.8271829177,504928.5514552785,10423056.0,504928.5514552785,757392.8271829177,4.844342690428589,7.266514035642884,False,False,weekly_timing_eligible,2021_pre_omicron
Greece,primary,11,2021-08-16,2021-09-24,weekly,True,True,2021-08-28,2021-08-23,5.0,5.0,True,105930.0,2622.681810984671,20,5000.0,7,42,14,1.0,0.0,437113.6351641118,437113.6351641118,437113.6351641118,437113.6351641118,437113.6351641118,437113.6351641118,546392.0439551398,364261.3626367599,10423056.0,364261.3626367599,546392.0439551398,3.4947654760442606,5.242148214066391,False,False,weekly_timing_eligible,2021_pre_omicron
Greece,primary,12,2021-09-24,2021-10-23,weekly,True,True,2021-10-16,2021-10-01,15.0,15.0,True,73261.0,2299.3824870795825,20,5000.0,7,42,14,1.0,0.0,383230.41451326373,383230.41451326373,383230.41451326373,383230.41451326373,383230.41451326373,383230.41451326373,479038.0181415797,319358.67876105313,10423056.0,319358.67876105313,479038.0181415797,3.063963954151768,4.595945931227653,False,False,weekly_timing_eligible,2021_pre_omicron
Greece,primary,13,2021-10-23,2021-12-25,weekly,True,True,2021-11-19,2021-11-21,-2.0,2.0,True,359705.0,6744.4177400558165,20,5000.0,7,42,14,1.0,0.0,1124069.623342636,1124069.623342636,1124069.623342636,1124069.623342636,1124069.623342636,1124069.623342636,1405087.0291782953,936724.6861188634,10423056.0,936724.6861188634,1405087.0291782953,8.987044549303615,13.480566823955423,False,False,weekly_timing_eligible,2021_pre_omicron
Greece,primary,14,2021-12-25,2022-02-09,weekly,True,True,2022-01-12,2022-01-02,10.0,10.0,True,1045756.0,3645.212925420254,20,5000.0,7,42,14,1.0,0.0,3645212.925420254,1822606.462710127,1215070.9751400847,3037677.437850212,4556516.156775317,607535.4875700424,4556516.156775317,3037677.437850212,10423056.0,607535.4875700424,4556516.156775317,5.82876545583217,43.71574091874127,False,True,weekly_timing_eligible,omicron_era
Greece,primary,15,2022-02-09,2022-04-17,weekly,True,True,2022-03-06,2022-03-19,-13.0,13.0,True,1147786.0,4473.679775104354,20,5000.0,7,42,14,1.0,0.0,4473679.775104354,2236839.887552177,1491226.5917014515,3728066.4792536288,5592099.718880442,745613.2958507257,5592099.718880442,3728066.4792536288,10423056.0,745613.2958507257,5592099.718880442,7.1534998550398825,53.65124891279911,False,True,weekly_timing_eligible,omicron_era
Greece,primary,16,2022-04-17,2022-05-29,weekly,True,True,2022-05-09,2022-04-28,11.0,11.0,True,213042.0,1607.7900282919989,20,5000.0,7,42,14,1.0,0.0,1607790.028291999,803895.0141459994,535930.0094306662,1339825.023576666,2009737.5353649985,267965.0047153331,2009737.5353649985,1339825.023576666,10423056.0,267965.0047153331,2009737.5353649985,2.5708871248061325,19.281653436046,False,False,weekly_timing_eligible,omicron_era
Greece,primary,17,2022-05-29,2022-08-25,weekly,True,True,2022-07-10,2022-07-19,-9.0,9.0,True,1269062.0,4794.822053346225,20,5000.0,7,42,14,1.0,0.0,4794822.053346225,2397411.0266731125,1598274.017782075,3995685.0444551883,5993527.566682781,799137.0088910375,5993527.566682781,3995685.0444551883,10423056.0,799137.0088910375,5993527.566682781,7.667012523880113,57.50259392910084,False,True,weekly_timing_eligible,omicron_era
Greece,primary,18,2022-08-25,2022-09-24,weekly,True,False,2022-09-09,,,,False,163190.0,859.6568957091646,20,5000.0,7,42,14,1.0,0.0,859656.8957091646,429828.4478545823,286552.2985697215,716380.7464243039,1074571.1196364558,143276.14928486076,1074571.1196364558,716380.7464243039,10423056.0,143276.14928486076,1074571.1196364558,1.374607881650648,10.30955911237986,False,True,weekly_timing_eligible,omicron_era
Greece,primary,19,2022-09-24,2022-10-22,weekly,True,True,2022-10-09,2022-10-04,5.0,5.0,True,206766.0,793.3149549081485,20,5000.0,7,42,14,1.0,0.0,793314.9549081485,396657.47745407425,264438.3183027161,661095.7957567904,991643.6936351856,132219.15915135806,991643.6936351856,661095.7957567904,10423056.0,132219.15915135806,991643.6936351856,1.268525844544614,9.513943834084607,False,True,weekly_timing_eligible,omicron_era
Greece,primary,20,2022-10-22,2022-11-27,weekly,True,True,2022-11-13,2022-11-08,5.0,5.0,True,278525.0,1383.3564929845763,20,5000.0,7,42,14,1.0,0.0,1383356.4929845764,691678.2464922882,461118.83099485876,1152797.077487147,1729195.6162307204,230559.41549742938,1729195.6162307204,1152797.077487147,10423056.0,230559.41549742938,1729195.6162307204,2.21201359272587,16.590101945444026,False,True,weekly_timing_eligible,omicron_era
Guatemala,primary,1,2020-03-26,2020-09-12,weekly,True,True,2020-06-22,2020-06-20,2.0,2.0,True,81634.0,11716.449732219802,20,5000.0,7,42,14,1.0,0.0,1115852.355449505,1115852.355449505,1115852.355449505,1394815.4443118812,929876.9628745875,1952741.6220366335,1394815.4443118812,929876.9628745875,17915567.0,929876.9628745875,1952741.6220366335,5.190329521106351,10.899691994323335,False,False,weekly_timing_eligible,2020
Guatemala,primary,2,2020-09-12,2020-10-04,weekly,True,True,2020-09-20,2020-09-24,-4.0,4.0,True,12954.0,847.1470221173657,20,5000.0,7,42,14,1.0,0.0,80680.66877308245,80680.66877308245,80680.66877308245,100850.83596635307,67233.89064423538,141191.1703528943,100850.83596635307,67233.89064423538,17915567.0,67233.89064423538,141191.1703528943,0.3752819581107055,0.7880921120324815,False,False,weekly_timing_eligible,2020
Guatemala,primary,3,2020-10-04,2020-11-20,weekly,True,True,2020-11-01,2020-10-25,7.0,7.0,True,24009.0,2014.770632838222,20,5000.0,7,42,14,1.0,0.0,191882.917413164,191882.917413164,191882.917413164,239853.646766455,159902.43117763667,335795.105473037,239853.646766455,159902.43117763667,17915567.0,159902.43117763667,335795.105473037,0.8925334664408705,1.874320279525828,False,False,weekly_timing_eligible,2020
Guatemala,primary,4,2020-11-20,2020-12-27,weekly,True,True,2020-12-11,2020-12-09,2.0,2.0,True,18243.0,1659.1585140398138,20,5000.0,7,42,14,1.0,0.0,158015.09657522035,158015.09657522035,158015.09657522035,197518.87071902546,131679.24714601698,276526.4190066356,197518.87071902546,131679.24714601698,17915567.0,131679.24714601698,276526.4190066356,0.734999049407797,1.5434980037563735,False,False,weekly_timing_eligible,2020
Guatemala,primary,5,2021-01-30,2021-02-19,weekly,True,False,2021-02-14,,,,False,11939.0,598.5563469598357,20,5000.0,7,42,14,1.0,0.0,99759.39115997261,99759.39115997261,99759.39115997261,99759.39115997261,99759.39115997261,99759.39115997261,124699.23894996577,83132.82596664384,17915567.0,83132.82596664384,124699.23894996577,0.4640256485694471,0.6960384728541708,False,False,weekly_timing_eligible,2021_pre_omicron
Guatemala,primary,6,2021-02-19,2021-04-17,weekly,True,True,2021-03-29,2021-04-16,-18.0,18.0,True,42697.0,3599.617037454747,20,5000.0,7,42,14,1.0,0.0,599936.1729091245,599936.1729091245,599936.1729091245,599936.1729091245,599936.1729091245,599936.1729091245,749920.2161364057,499946.81075760373,17915567.0,499946.81075760373,749920.2161364057,2.790572080457201,4.185858120685802,False,False,weekly_timing_eligible,2021_pre_omicron
Guatemala,primary,7,2021-04-17,2021-05-29,weekly,True,True,2021-05-18,2021-06-12,-25.0,25.0,False,43170.0,3377.611740301075,20,5000.0,7,42,14,1.0,0.0,562935.2900501791,562935.2900501791,562935.2900501791,562935.2900501791,562935.2900501791,562935.2900501791,703669.112562724,469112.7417084826,17915567.0,469112.7417084826,703669.112562724,2.6184643874708664,3.9276965812062996,False,False,weekly_timing_eligible,2021_pre_omicron
Guatemala,primary,8,2021-05-29,2021-11-02,weekly,True,True,2021-08-19,2021-08-22,-3.0,3.0,True,348864.0,25079.512683288307,20,5000.0,7,42,14,1.0,0.0,4179918.780548051,4179918.780548051,4179918.780548051,4179918.780548051,4179918.780548051,4179918.780548051,5224898.475685065,3483265.6504567093,17915567.0,3483265.6504567093,5224898.475685065,19.44267602837638,29.164014042564574,False,False,weekly_timing_eligible,2021_pre_omicron
Guatemala,primary,9,2021-11-02,2021-11-24,weekly,True,True,2021-11-13,2021-10-25,19.0,19.0,False,14068.0,768.6509627249403,20,5000.0,7,42,14,1.0,0.0,128108.49378749005,128108.49378749005,128108.49378749005,128108.49378749005,128108.49378749005,128108.49378749005,160135.61723436258,106757.07815624171,17915567.0,106757.07815624171,160135.61723436258,0.5958900332668328,0.8938350499002492,False,False,weekly_timing_eligible,2021_pre_omicron
Guatemala,primary,10,2021-11-24,2022-04-08,weekly,True,True,2022-01-23,2022-02-08,-16.0,16.0,True,219571.0,7279.929133379948,20,5000.0,7,42,14,1.0,0.0,7279929.133379948,3639964.566689974,2426643.044459983,6066607.611149957,9099911.416724935,1213321.5222299914,9099911.416724935,6066607.611149957,17915567.0,1213321.5222299914,9099911.416724935,6.7724427713060456,50.79332078479534,False,False,weekly_timing_eligible,omicron_era
Guatemala,primary,11,2022-05-24,2022-07-10,weekly,True,True,2022-06-21,2022-06-06,15.0,15.0,True,90896.0,1195.8459202984718,20,5000.0,7,42,14,1.0,0.0,1195845.9202984718,597922.9601492359,398615.3067661573,996538.2669153933,1494807.4003730896,199307.65338307864,1494807.4003730896,996538.2669153933,17915567.0,199307.65338307864,1494807.4003730896,1.1124830901700105,8.343623176275077,False,False,weekly_timing_eligible,omicron_era
Guatemala,primary,12,2022-07-10,2022-08-14,weekly,True,True,2022-07-22,2022-07-12,10.0,10.0,True,127597.0,810.5981693451839,20,5000.0,7,42,14,1.0,0.0,810598.1693451839,405299.08467259194,270199.389781728,675498.47445432,1013247.7116814798,135099.694890864,1013247.7116814798,675498.47445432,17915567.0,135099.694890864,1013247.7116814798,0.7540910923492624,5.655683192619468,False,False,weekly_timing_eligible,omicron_era
Guatemala,primary,13,2022-08-14,2022-09-24,weekly,True,True,2022-09-06,2022-09-23,-17.0,17.0,True,47743.0,892.2072981830808,20,5000.0,7,42,14,1.0,0.0,892207.2981830807,446103.64909154037,297402.4327276936,743506.0818192341,1115259.122728851,148701.2163638468,1115259.122728851,743506.0818192341,17915567.0,148701.2163638468,1115259.122728851,0.8300112207659784,6.225084155744839,False,False,weekly_timing_eligible,omicron_era
Guatemala,primary,14,2022-09-24,2022-10-13,weekly,True,True,2022-10-10,2022-10-25,-15.0,15.0,False,12389.0,445.3066591761422,20,5000.0,7,42,14,1.0,0.0,445306.6591761422,222653.3295880711,148435.55305871405,371088.8826467852,556633.3239701777,74217.77652935703,556633.3239701777,371088.8826467852,17915567.0,74217.77652935703,556633.3239701777,0.414264178908527,3.1069813418139525,False,False,weekly_timing_eligible,omicron_era
Guatemala,primary,15,2022-10-13,2022-12-31,weekly,True,True,2022-11-25,2022-12-13,-18.0,18.0,True,73303.0,3140.906089580966,20,5000.0,7,42,14,1.0,0.0,3140906.089580966,1570453.044790483,1046968.6965269888,2617421.741317472,3926132.6119762077,523484.3482634944,3926132.6119762077,2617421.741317472,17915567.0,523484.3482634944,3926132.6119762077,2.921952446514779,21.91464334886084,False,False,weekly_timing_eligible,omicron_era
Hungary,primary,1,2020-03-11,2020-04-09,weekly,True,True,2020-03-22,2020-03-11,11.0,11.0,True,971.0,158.6826266166184,20,5000.0,7,42,14,1.0,0.0,15112.631106344608,15112.631106344608,15112.631106344608,18890.788882930763,12593.859255287174,26447.104436103065,18890.788882930763,12593.859255287174,9660350.0,12593.859255287174,26447.104436103065,0.1303664903992834,0.2737696298384951,False,False,weekly_timing_eligible,2020
Hungary,primary,2,2020-05-28,2020-06-28,weekly,True,True,2020-06-10,2020-05-18,23.0,23.0,False,349.0,78.43491369454989,20,5000.0,7,42,14,1.0,0.0,7469.991780433323,7469.991780433323,7469.991780433323,9337.489725541654,6224.993150361102,13072.485615758314,9337.489725541654,6224.993150361102,9660350.0,6224.993150361102,13072.485615758314,0.06443858815013019,0.1353210351152734,False,False,weekly_timing_eligible,2020
Hungary,primary,3,2020-08-05,2020-09-11,weekly,True,True,2020-09-01,2020-09-15,-14.0,14.0,False,6356.0,404.10714754824244,20,5000.0,7,42,14,1.0,0.0,38486.39500459452,38486.39500459452,38486.39500459452,48107.99375574315,32071.9958371621,67351.1912580404,48107.99375574315,32071.9958371621,9660350.0,32071.9958371621,67351.1912580404,0.33199620963176385,0.6971920402267041,False,False,weekly_timing_eligible,2020
Hungary,primary,4,2020-09-11,2021-01-17,weekly,True,True,2020-11-10,2020-11-30,-20.0,20.0,True,341637.0,14676.04741057448,20,5000.0,7,42,14,1.0,0.0,1397718.8010070932,1397718.8010070932,1397718.8010070932,1747148.5012588666,1164765.667505911,2446007.9017624133,1747148.5012588666,1164765.667505911,9660350.0,1164765.667505911,2446007.9017624133,12.057178751348669,25.320075377832204,False,False,weekly_timing_eligible,2020
Hungary,primary,5,2021-01-17,2021-05-08,weekly,True,True,2021-03-08,2021-03-23,-15.0,15.0,True,439977.0,11842.952342562388,20,5000.0,7,42,14,1.0,0.0,1973825.3904270646,1973825.3904270646,1973825.3904270646,1973825.3904270646,1973825.3904270646,1973825.3904270646,2467281.738033831,1644854.492022554,9660350.0,1644854.492022554,2467281.738033831,17.026862298183335,25.54029344727501,False,False,weekly_timing_eligible,2021_pre_omicron
Hungary,primary,6,2021-05-08,2021-07-20,weekly,True,True,2021-06-06,2021-05-30,7.0,7.0,True,19701.0,1172.4470103231529,20,5000.0,7,42,14,1.0,0.0,195407.8350538588,195407.8350538588,195407.8350538588,195407.8350538588,195407.8350538588,195407.8350538588,244259.79381732355,162839.86254488234,9660350.0,162839.86254488234,244259.79381732355,1.6856517884433,2.5284776826649504,False,False,weekly_timing_eligible,2021_pre_omicron
Hungary,primary,7,2021-07-20,2021-09-08,weekly,True,True,2021-08-24,2021-08-16,8.0,8.0,True,5200.0,466.518701597669,20,5000.0,7,42,14,1.0,0.0,77753.11693294483,77753.11693294483,77753.11693294483,77753.11693294483,77753.11693294483,77753.11693294483,97191.39616618105,64794.264110787364,9660350.0,64794.264110787364,97191.39616618105,0.6707237740950106,1.006085661142516,False,False,weekly_timing_eligible,2021_pre_omicron
Hungary,primary,8,2021-09-08,2022-01-02,weekly,True,True,2021-11-10,2021-11-26,-16.0,16.0,True,442597.0,12039.155921662725,20,5000.0,7,42,14,1.0,0.0,2006525.9869437874,2006525.9869437874,2006525.9869437874,2006525.9869437874,2006525.9869437874,2006525.9869437874,2508157.4836797346,1672104.9891198229,9660350.0,1672104.9891198229,2508157.4836797346,17.308948320918216,25.96342248137733,False,False,weekly_timing_eligible,2021_pre_omicron
Hungary,primary,9,2022-01-02,2022-02-14,weekly,True,True,2022-01-26,2022-01-28,-2.0,2.0,True,460657.0,426.0217331471857,20,5000.0,7,42,14,1.0,0.0,426021.7331471857,213010.86657359285,142007.24438239523,355018.1109559881,532527.1664339821,71003.62219119762,532527.1664339821,355018.1109559881,9660350.0,71003.62219119762,532527.1664339821,0.7350005143829946,5.512503857872459,False,True,weekly_timing_eligible,omicron_era
Hungary,primary,10,2022-02-14,2022-03-27,weekly,True,True,2022-03-12,2022-04-08,-27.0,27.0,False,143367.0,737.1426465905762,20,5000.0,7,42,14,1.0,0.0,737142.6465905762,368571.3232952881,245714.21553019207,614285.5388254803,921428.3082382202,122857.10776509604,921428.3082382202,614285.5388254803,9660350.0,122857.10776509604,921428.3082382202,1.2717666312824694,9.53824973461852,False,True,weekly_timing_eligible,omicron_era
Hungary,primary,11,2022-05-24,2022-06-23,weekly,True,True,2022-06-10,2022-05-11,30.0,30.0,False,10386.0,602.1859569572089,20,5000.0,7,42,14,1.0,0.0,602185.9569572088,301092.9784786044,200728.65231906963,501821.6307976741,752732.446196511,100364.32615953482,752732.446196511,501821.6307976741,9660350.0,100364.32615953482,752732.446196511,1.0389305372945576,7.791979029709183,False,False,weekly_timing_eligible,omicron_era
Hungary,primary,12,2022-07-16,2022-08-16,weekly,True,True,2022-07-30,2022-08-03,-4.0,4.0,True,64575.0,524.9577750970316,20,5000.0,7,42,14,1.0,0.0,524957.7750970316,262478.8875485158,174985.92503234386,437464.8125808597,656197.2188712894,87492.96251617193,656197.2188712894,437464.8125808597,9660350.0,87492.96251617193,656197.2188712894,0.905691434742757,6.792685760570677,False,False,weekly_timing_eligible,omicron_era
Hungary,primary,13,2022-08-16,2022-09-30,weekly,True,False,2022-09-10,,,,False,88743.0,1074.56342218851,20,5000.0,7,42,14,1.0,0.0,1074563.42218851,537281.711094255,358187.80739617,895469.5184904251,1343204.2777356375,179093.903698085,1343204.2777356375,895469.5184904251,9660350.0,179093.903698085,1343204.2777356375,1.853906987822232,13.90430240866674,False,False,weekly_timing_eligible,omicron_era
Hungary,primary,14,2022-09-30,2022-10-19,weekly,True,True,2022-10-10,2022-10-05,5.0,5.0,True,38348.0,374.3769625535701,20,5000.0,7,42,14,1.0,0.0,374376.96255357005,187188.48127678502,124792.32085119003,311980.8021279751,467971.20319196256,62396.160425595015,467971.20319196256,311980.8021279751,9660350.0,62396.160425595015,467971.20319196256,0.6458995836133786,4.844246877100338,False,False,weekly_timing_eligible,omicron_era
Hungary,primary,15,2022-10-19,2022-12-31,weekly,True,True,2022-12-02,2022-12-14,-12.0,12.0,True,65273.0,1637.3490567641356,20,5000.0,7,42,14,1.0,0.0,1637349.0567641356,818674.5283820678,545783.0189213785,1364457.5473034466,2046686.3209551694,272891.50946068927,2046686.3209551694,1364457.5473034466,9660350.0,272891.50946068927,2046686.3209551694,2.8248615159977564,21.186461369983174,False,False,weekly_timing_eligible,omicron_era
Iceland,primary,1,2020-02-01,2020-02-28,weekly,True,False,2020-02-11,,,,False,1.0,4.831335539597044,20,5000.0,7,42,14,1.0,0.0,460.12719424733746,460.12719424733746,460.12719424733746,575.1589928091719,383.4393285394479,805.2225899328406,575.1589928091719,383.4393285394479,341250.0,383.4393285394479,805.2225899328406,0.11236317319837301,0.23596266371658334,False,False,weekly_timing_eligible,2020
Iceland,primary,2,2020-02-28,2020-04-12,weekly,True,True,2020-03-21,2020-03-30,-9.0,9.0,True,1701.0,17.874137753217806,20,5000.0,7,42,14,1.0,0.0,1702.298833639791,1702.298833639791,1702.298833639791,2127.8735420497387,1418.5823613664925,2979.0229588696343,2127.8735420497387,1418.5823613664925,341250.0,1418.5823613664925,2979.0229588696343,0.4157017908766278,0.8729737608409185,False,True,weekly_timing_eligible,2020
Iceland,primary,3,2020-04-12,2020-05-29,weekly,True,True,2020-05-03,2020-05-04,-1.0,1.0,True,116.0,9.411650394885514,20,5000.0,7,42,14,1.0,0.0,896.3476566557632,896.3476566557632,896.3476566557632,1120.434570819704,746.9563805464694,1568.6083991475857,1120.434570819704,746.9563805464694,341250.0,746.9563805464694,1568.6083991475857,0.21888831664365405,0.4596654649516735,False,False,weekly_timing_eligible,2020
Iceland,primary,4,2020-05-29,2020-07-06,weekly,True,True,2020-06-21,2020-06-29,-8.0,8.0,True,27.0,4.785939621255178,20,5000.0,7,42,14,1.0,0.0,455.80377345287405,455.80377345287405,455.80377345287405,569.7547168160927,379.83647787739505,797.6566035425296,569.7547168160927,379.83647787739505,341250.0,379.83647787739505,797.6566035425296,0.11130739278458464,0.23374552484762773,False,False,weekly_timing_eligible,2020
Iceland,primary,5,2020-07-31,2020-09-04,weekly,True,True,2020-08-17,2020-08-18,-1.0,1.0,True,263.0,11.744058056939759,20,5000.0,7,42,14,1.0,0.0,1118.4817197085483,1118.4817197085483,1118.4817197085483,1398.1021496356857,932.0680997571237,1957.3430094899597,1398.1021496356857,932.0680997571237,341250.0,932.0680997571237,1957.3430094899597,0.2731335090863366,0.5735803690813069,False,False,weekly_timing_eligible,2020
Iceland,primary,6,2020-09-28,2020-11-07,weekly,True,True,2020-10-13,2020-10-08,5.0,5.0,True,2440.0,38.43976362913317,20,5000.0,7,42,14,1.0,0.0,3660.9298694412537,3660.9298694412537,3660.9298694412537,4576.162336801568,3050.774891201045,6406.627271522195,4576.162336801568,3050.774891201045,341250.0,3050.774891201045,6406.627271522195,0.8939999681175225,1.8773999330467972,False,False,weekly_timing_eligible,2020
Iceland,primary,7,2020-12-14,2021-01-14,weekly,True,True,2020-12-27,2021-01-07,-11.0,11.0,True,391.0,10.754290569806315,20,5000.0,7,42,14,1.0,0.0,1024.2181495053633,1024.2181495053633,1024.2181495053633,1280.2726868817042,853.5151245878028,1792.3817616343858,1280.2726868817042,853.5151245878028,341250.0,853.5151245878028,1792.3817616343858,0.25011432222353197,0.5252400766694171,False,False,weekly_timing_eligible,2020
Iceland,primary,8,2021-01-14,2021-02-25,weekly,True,True,2021-01-31,2021-02-12,-12.0,12.0,True,115.0,8.144750142158369,20,5000.0,7,42,14,1.0,0.0,1357.4583570263949,1357.4583570263949,1357.4583570263949,1357.4583570263949,1357.4583570263949,1357.4583570263949,1696.8229462829936,1131.2152975219958,341250.0,1131.2152975219958,1696.8229462829936,0.3314916622775079,0.4972374934162619,False,False,weekly_timing_eligible,2021_pre_omicron
Iceland,primary,9,2021-04-02,2021-05-08,weekly,True,True,2021-04-16,2021-04-21,-5.0,5.0,True,301.0,16.559481518975133,20,5000.0,7,42,14,1.0,0.0,2759.9135864958553,2759.9135864958553,2759.9135864958553,2759.9135864958553,2759.9135864958553,2759.9135864958553,3449.8919831198195,2299.9279887465464,341250.0,2299.9279887465464,3449.8919831198195,0.6739715717938597,1.0109573576907898,False,False,weekly_timing_eligible,2021_pre_omicron
Iceland,primary,10,2021-05-08,2021-06-14,weekly,True,True,2021-05-29,2021-06-01,-3.0,3.0,True,110.0,18.35575515551979,20,5000.0,7,42,14,1.0,0.0,3059.292525919965,3059.292525919965,3059.292525919965,3059.292525919965,3059.292525919965,3059.292525919965,3824.115657399957,2549.410438266638,341250.0,2549.410438266638,3824.115657399957,0.7470799819096374,1.1206199728644561,False,False,weekly_timing_eligible,2021_pre_omicron
Iceland,primary,11,2021-06-14,2021-08-09,weekly,True,True,2021-07-16,2021-08-02,-17.0,17.0,True,2284.0,42.856976864789715,20,5000.0,7,42,14,1.0,0.0,7142.829477464952,7142.829477464952,7142.829477464952,7142.829477464952,7142.829477464952,7142.829477464952,8928.536846831192,5952.35789788746,341250.0,5952.35789788746,8928.536846831192,1.7442807026776441,2.6164210540164663,False,False,weekly_timing_eligible,2021_pre_omicron
Iceland,primary,12,2021-08-09,2021-09-17,weekly,True,False,2021-08-19,,,,False,2611.0,4.713853370849747,20,5000.0,7,42,14,1.0,0.0,785.6422284749577,785.6422284749577,785.6422284749577,785.6422284749577,785.6422284749577,785.6422284749577,982.0527855936973,654.7018570624648,341250.0,654.7018570624648,982.0527855936973,0.19185402404760873,0.28778103607141314,False,True,weekly_timing_eligible,2021_pre_omicron
Iceland,primary,13,2021-09-17,2021-11-06,weekly,True,True,2021-10-20,2021-10-06,14.0,14.0,True,2878.0,22.564420148519016,20,5000.0,7,42,14,1.0,0.0,3760.736691419836,3760.736691419836,3760.736691419836,3760.736691419836,3760.736691419836,3760.736691419836,4700.920864274795,3133.9472428498634,341250.0,3133.9472428498634,4700.920864274795,0.9183728184175424,1.3775592276263136,False,False,weekly_timing_eligible,2021_pre_omicron
Iceland,primary,14,2021-11-06,2021-12-17,weekly,True,True,2021-11-29,2021-11-13,16.0,16.0,True,5977.0,44.81150295739306,20,5000.0,7,42,14,1.0,0.0,7468.583826232177,7468.583826232177,7468.583826232177,7468.583826232177,7468.583826232177,7468.583826232177,9335.729782790222,6223.819855193481,341250.0,6223.819855193481,9335.729782790222,1.8238299941958918,2.735744991293838,False,False,weekly_timing_eligible,2021_pre_omicron
Iceland,primary,15,2021-12-17,2022-01-16,weekly,True,True,2021-12-29,2022-01-16,-18.0,18.0,True,24930.0,30.644264108260455,20,5000.0,7,42,14,1.0,0.0,30644.264108260453,15322.132054130227,10214.754702753484,25536.886756883716,38305.33013532557,5107.377351376742,38305.33013532557,25536.886756883716,341250.0,5107.377351376742,38305.33013532557,1.4966673557147963,11.225005167860973,False,True,weekly_timing_eligible,omicron_era
Iceland,primary,16,2022-01-16,2022-04-01,weekly,True,True,2022-02-12,2022-02-23,-11.0,11.0,True,136856.0,170.401438183934,20,5000.0,7,42,14,1.0,0.0,170401.438183934,85200.719091967,56800.479394644666,142001.19848661168,213001.79772991748,28400.239697322333,213001.79772991748,142001.19848661168,341250.0,28400.239697322333,213001.79772991748,8.3224145633179,62.41810922488424,False,True,weekly_timing_eligible,omicron_era
Iceland,primary,17,2022-04-01,2022-05-12,weekly,True,True,2022-04-16,2022-03-27,20.0,20.0,False,5061.0,23.964887480391035,20,5000.0,7,42,14,1.0,0.0,23964.887480391033,11982.443740195517,7988.295826797012,19970.73956699253,29956.10935048879,3994.147913398506,29956.10935048879,19970.73956699253,341250.0,3994.147913398506,29956.10935048879,1.1704462749885731,8.778347062414298,False,True,weekly_timing_eligible,omicron_era
Iceland,primary,18,2022-06-07,2022-07-13,weekly,True,True,2022-06-22,2022-07-03,-11.0,11.0,True,9797.0,68.31771923962351,20,5000.0,7,42,14,1.0,0.0,68317.71923962352,34158.85961981176,22772.573079874503,56931.432699686266,85397.14904952938,11386.286539937251,85397.14904952938,56931.432699686266,341250.0,11386.286539937251,85397.14904952938,3.3366407443039563,25.024805582279672,False,False,weekly_timing_eligible,omicron_era
Iceland,primary,19,2022-08-06,2022-09-09,weekly,True,True,2022-08-24,2022-08-10,14.0,14.0,True,2178.0,20.158392627134113,20,5000.0,7,42,14,1.0,0.0,20158.39262713411,10079.196313567056,6719.464209044704,16798.66052261176,25197.99078391764,3359.732104522352,25197.99078391764,16798.66052261176,341250.0,3359.732104522352,25197.99078391764,0.9845368804461104,7.38402660334583,False,False,weekly_timing_eligible,omicron_era
Iceland,primary,20,2022-10-04,2022-11-11,weekly,True,True,2022-10-24,2022-11-08,-15.0,15.0,True,1166.0,26.863851699617403,20,5000.0,7,42,14,1.0,0.0,26863.8516996174,13431.9258498087,8954.617233205801,22386.543083014505,33579.81462452175,4477.308616602901,33579.81462452175,22386.543083014505,341250.0,4477.308616602901,33579.81462452175,1.312031829041143,9.840238717808571,False,False,weekly_timing_eligible,omicron_era
Iceland,primary,21,2022-11-11,2022-12-26,weekly,True,True,2022-12-06,2022-12-20,-14.0,14.0,True,1171.0,94.18033916709798,20,5000.0,7,42,14,1.0,0.0,94180.33916709798,47090.16958354899,31393.44638903266,78483.61597258165,117725.42395887247,15696.72319451633,117725.42395887247,78483.61597258165,341250.0,15696.72319451633,117725.42395887247,4.59977236469343,34.49829273520073,False,False,weekly_timing_eligible,omicron_era
Iran,primary,1,2020-02-01,2020-03-12,weekly,True,False,2020-02-26,,,,False,10075.0,12493.75887049632,20,5000.0,7,42,14,1.0,0.0,1189881.7971901256,1189881.7971901256,1189881.7971901256,1487352.2464876573,991568.1643251048,2082293.1450827199,1487352.2464876573,991568.1643251048,83992953.0,991568.1643251048,2082293.1450827199,1.1805373295127566,2.4791283919767886,False,False,weekly_timing_eligible,2020
Iran,primary,2,2020-04-30,2020-08-13,weekly,True,True,2020-07-11,2020-06-02,39.0,39.0,True,242667.0,40740.52772959785,20,5000.0,7,42,14,1.0,0.0,3880050.2599617,3880050.2599617,3880050.2599617,4850062.824952126,3233375.2166347504,6790087.954932976,4850062.824952126,3233375.2166347504,83992953.0,3233375.2166347504,6790087.954932976,3.8495791624742024,8.084116241195824,False,False,weekly_timing_eligible,2020
Iran,primary,3,2020-08-13,2020-08-30,weekly,True,True,2020-08-28,2020-08-03,25.0,25.0,False,39871.0,6196.152962392166,20,5000.0,7,42,14,1.0,0.0,590109.8059421111,590109.8059421111,590109.8059421111,737637.2574276389,491758.17161842587,1032692.1603986943,737637.2574276389,491758.17161842587,83992953.0,491758.17161842587,1032692.1603986943,0.585475511997329,1.2294985751943908,False,False,weekly_timing_eligible,2020
Iran,primary,4,2020-08-30,2020-12-26,weekly,True,True,2020-10-24,2020-10-09,15.0,15.0,True,823147.0,68602.3601167818,20,5000.0,7,42,14,1.0,0.0,6533558.106360171,6533558.106360171,6533558.106360171,8166947.632950215,5444631.755300143,11433726.6861303,8166947.632950215,5444631.755300143,83992953.0,5444631.755300143,11433726.6861303,6.48224828492474,13.612721398341954,False,False,weekly_timing_eligible,2020
Iran,primary,5,2020-12-26,2021-01-20,weekly,True,True,2021-01-06,2021-01-14,-8.0,8.0,True,159113.0,3320.7239520762796,20,5000.0,7,42,14,1.0,0.0,553453.9920127132,553453.9920127132,553453.9920127132,553453.9920127132,553453.9920127132,553453.9920127132,691817.4900158916,461211.6600105944,83992953.0,461211.6600105944,691817.4900158916,0.5491075662152209,0.8236613493228314,False,False,weekly_timing_eligible,2021_pre_omicron
Iran,primary,6,2021-01-20,2021-03-03,weekly,True,True,2021-02-19,2021-03-03,-12.0,12.0,True,314565.0,6642.485972972557,20,5000.0,7,42,14,1.0,0.0,1107080.995495426,1107080.995495426,1107080.995495426,1107080.995495426,1107080.995495426,1107080.995495426,1383851.2443692829,922567.4962461884,83992953.0,922567.4962461884,1383851.2443692829,1.0983867851939775,1.6475801777909662,False,False,weekly_timing_eligible,2021_pre_omicron
Iran,primary,7,2021-03-03,2021-06-06,weekly,True,True,2021-04-06,2021-04-17,-11.0,11.0,True,1318189.0,47113.17163655578,20,5000.0,7,42,14,1.0,0.0,7852195.272759297,7852195.272759297,7852195.272759297,7852195.272759297,7852195.272759297,7852195.272759297,9815244.090949122,6543496.060632748,83992953.0,6543496.060632748,9815244.090949122,7.790529832464335,11.685794748696503,False,False,weekly_timing_eligible,2021_pre_omicron
Iran,primary,8,2021-06-06,2021-09-16,weekly,True,True,2021-08-08,2021-08-14,-6.0,6.0,True,2417657.0,81868.49970282704,20,5000.0,7,42,14,1.0,0.0,13644749.950471174,13644749.950471174,13644749.950471174,13644749.950471174,13644749.950471174,13644749.950471174,17055937.43808897,11370624.95872598,83992953.0,11370624.95872598,17055937.43808897,13.537593991636394,20.306390987454588,False,False,weekly_timing_eligible,2021_pre_omicron
Iran,primary,9,2021-09-16,2021-12-12,weekly,True,True,2021-09-25,2021-10-02,-7.0,7.0,True,794426.0,23344.32384712249,20,5000.0,7,42,14,1.0,0.0,3890720.6411870816,3890720.6411870816,3890720.6411870816,3890720.6411870816,3890720.6411870816,3890720.6411870816,4863400.801483853,3242267.2009892347,83992953.0,3242267.2009892347,4863400.801483853,3.8601657462730645,5.790248619409598,False,False,weekly_timing_eligible,2021_pre_omicron
Iran,primary,10,2021-12-12,2022-02-27,weekly,True,True,2022-02-07,2022-02-06,1.0,1.0,True,887943.0,16058.02195099206,20,5000.0,7,42,14,1.0,0.0,16058021.95099206,8029010.97549603,5352673.98366402,13381684.959160052,20072527.438740075,2676336.99183201,20072527.438740075,13381684.959160052,83992953.0,2676336.99183201,20072527.438740075,3.186382781222146,23.897870859166094,False,False,weekly_timing_eligible,omicron_era
Iran,primary,11,2022-02-27,2022-04-10,weekly,True,True,2022-03-13,2022-04-07,-25.0,25.0,True,160700.0,6144.252769098319,20,5000.0,7,42,14,1.0,0.0,6144252.769098319,3072126.3845491596,2048084.2563661062,5120210.640915266,7680315.961372898,1024042.1281830531,7680315.961372898,5120210.640915266,83992953.0,1024042.1281830531,7680315.961372898,1.2192000538224357,9.144000403668267,False,False,weekly_timing_eligible,omicron_era
Iran,primary,12,2022-04-10,2022-06-21,weekly,True,True,2022-05-14,2022-05-10,4.0,4.0,True,46426.0,7504.608232417301,20,5000.0,7,42,14,1.0,0.0,7504608.232417301,3752304.1162086506,2501536.077472434,6253840.193681085,9380760.290521625,1250768.038736217,9380760.290521625,6253840.193681085,83992953.0,1250768.038736217,9380760.290521625,1.4891344976717475,11.168508732538104,False,False,weekly_timing_eligible,omicron_era
Iran,primary,13,2022-07-16,2022-09-10,weekly,True,True,2022-08-01,2022-07-25,7.0,7.0,True,268102.0,11195.569222140972,20,5000.0,7,42,14,1.0,0.0,11195569.222140972,5597784.611070486,3731856.407380324,9329641.018450812,13994461.527676214,1865928.203690162,13994461.527676214,9329641.018450812,83992953.0,1865928.203690162,13994461.527676214,2.221529470085618,16.66147102564213,False,False,weekly_timing_eligible,omicron_era
Ireland,primary,1,2020-02-13,2020-06-06,weekly,True,True,2020-03-21,2020-03-11,10.0,10.0,True,25183.0,1693.4086490664752,20,5000.0,7,42,14,1.0,0.0,161277.01419680714,161277.01419680714,161277.01419680714,201596.26774600896,134397.51183067262,282234.7748444125,201596.26774600896,134397.51183067262,4937796.0,134397.51183067262,282234.7748444125,2.721811752260981,5.71580467974806,False,False,weekly_timing_eligible,2020
Ireland,primary,2,2020-06-06,2020-07-10,weekly,True,True,2020-06-27,2020-07-14,-17.0,17.0,False,426.0,76.16212273906983,20,5000.0,7,42,14,1.0,0.0,7253.5354989590305,7253.5354989590305,7253.5354989590305,9066.919373698789,6044.612915799193,12693.687123178304,9066.919373698789,6044.612915799193,4937796.0,6044.612915799193,12693.687123178304,0.12241520135297596,0.2570719228412495,False,False,weekly_timing_eligible,2020
Ireland,primary,3,2020-08-05,2020-08-30,weekly,True,True,2020-08-16,2020-08-18,-2.0,2.0,True,2507.0,86.17573850468364,20,5000.0,7,42,14,1.0,0.0,8207.21319092225,8207.21319092225,8207.21319092225,10259.016488652815,6839.344325768542,14362.623084113939,10259.016488652815,6839.344325768542,4937796.0,6839.344325768542,14362.623084113939,0.13851006250093245,0.2908711312519581,False,False,weekly_timing_eligible,2020
Ireland,primary,4,2020-09-26,2020-11-21,weekly,True,True,2020-10-08,2020-10-18,-10.0,10.0,True,35828.0,221.49043119028005,20,5000.0,7,42,14,1.0,0.0,21094.32678002667,21094.32678002667,21094.32678002667,26367.908475033342,17578.605650022226,36915.07186504667,26367.908475033342,17578.605650022226,4937796.0,17578.605650022226,36915.07186504667,0.35600105087415973,0.7476022068357354,False,True,weekly_timing_eligible,2020
Ireland,primary,5,2020-11-21,2021-02-22,weekly,True,True,2021-01-05,2021-01-07,-2.0,2.0,True,145941.0,1503.0181522395126,20,5000.0,7,42,14,1.0,0.0,250503.02537325208,250503.02537325208,250503.02537325208,250503.02537325208,250503.02537325208,250503.02537325208,313128.78171656514,208752.52114437675,4937796.0,208752.52114437675,313128.78171656514,4.227645717732703,6.3414685765990555,False,False,weekly_timing_eligible,2021_pre_omicron
Ireland,primary,6,2021-03-20,2021-05-04,weekly,True,True,2021-04-18,2021-04-28,-10.0,10.0,True,21366.0,221.89575914250094,20,5000.0,7,42,14,1.0,0.0,36982.62652375016,36982.62652375016,36982.62652375016,36982.62652375016,36982.62652375016,36982.62652375016,46228.2831546877,30818.855436458463,4937796.0,30818.855436458463,46228.2831546877,0.6241419336979183,0.9362129005468774,False,False,weekly_timing_eligible,2021_pre_omicron
Ireland,primary,7,2021-05-31,2021-07-14,weekly,True,True,2021-07-01,2021-07-20,-19.0,19.0,False,18140.0,401.9914918679113,20,5000.0,7,42,14,1.0,0.0,66998.58197798522,66998.58197798522,66998.58197798522,66998.58197798522,66998.58197798522,66998.58197798522,83748.22747248152,55832.151648321014,4937796.0,55832.151648321014,83748.22747248152,1.1307099695556684,1.6960649543335027,False,False,weekly_timing_eligible,2021_pre_omicron
Ireland,primary,8,2021-08-28,2021-09-25,weekly,True,True,2021-09-12,2021-08-23,20.0,20.0,False,40031.0,412.08273607252426,20,5000.0,7,42,14,1.0,0.0,68680.45601208738,68680.45601208738,68680.45601208738,68680.45601208738,68680.45601208738,68680.45601208738,85850.57001510923,57233.71334340615,4937796.0,57233.71334340615,85850.57001510923,1.1590943275786636,1.7386414913679957,False,False,weekly_timing_eligible,2021_pre_omicron
Ireland,primary,9,2021-09-25,2021-10-30,weekly,True,True,2021-10-16,2021-10-22,-6.0,6.0,True,61748.0,632.9758772935181,20,5000.0,7,42,14,1.0,0.0,105495.97954891968,105495.97954891968,105495.97954891968,105495.97954891968,105495.97954891968,105495.97954891968,131869.9744361496,87913.31629076641,4937796.0,87913.31629076641,131869.9744361496,1.7804161267651886,2.670624190147783,False,False,weekly_timing_eligible,2021_pre_omicron
Ireland,primary,10,2021-12-25,2022-02-16,weekly,True,True,2022-02-05,2022-02-19,-14.0,14.0,False,569278.0,160.78590432046082,20,5000.0,7,42,14,1.0,0.0,160785.9043204608,80392.9521602304,53595.301440153606,133988.25360038402,200982.38040057602,26797.650720076803,200982.38040057602,133988.25360038402,4937796.0,26797.650720076803,200982.38040057602,0.5427046949707279,4.070285212280459,False,True,weekly_timing_eligible,omicron_era
Ireland,primary,11,2022-02-16,2022-04-14,weekly,True,True,2022-03-25,2022-03-23,2.0,2.0,True,248795.0,786.0690267254256,20,5000.0,7,42,14,1.0,0.0,786069.0267254256,393034.5133627128,262023.0089084752,655057.5222711881,982586.283406782,131011.5044542376,982586.283406782,655057.5222711881,4937796.0,131011.5044542376,982586.283406782,2.6532384985981112,19.899288739485836,False,True,weekly_timing_eligible,omicron_era
Ireland,primary,12,2022-04-14,2022-05-15,weekly,True,True,2022-04-29,2022-05-15,-16.0,16.0,True,38541.0,457.8105674158192,20,5000.0,7,42,14,1.0,0.0,457810.5674158192,228905.2837079096,152603.52247193974,381508.8061798494,572263.209269774,76301.76123596987,572263.209269774,381508.8061798494,4937796.0,76301.76123596987,572263.209269774,1.5452594889697724,11.589446167273294,False,False,weekly_timing_eligible,omicron_era
Ireland,primary,13,2022-05-15,2022-06-13,weekly,True,False,2022-06-03,,,,False,35068.0,439.50968846720076,20,5000.0,7,42,14,1.0,0.0,439509.6884672007,219754.84423360036,146503.22948906693,366258.07372266735,549387.1105840009,73251.61474453346,549387.1105840009,366258.07372266735,4937796.0,73251.61474453346,549387.1105840009,1.4834880733131435,11.126160549848574,False,False,weekly_timing_eligible,omicron_era
Ireland,primary,14,2022-06-13,2022-08-25,weekly,True,True,2022-07-13,2022-07-13,0.0,0.0,True,84819.0,1098.2265970089677,20,5000.0,7,42,14,1.0,0.0,1098226.5970089678,549113.2985044839,366075.53233632253,915188.8308408065,1372783.2462612095,183037.76616816127,1372783.2462612095,915188.8308408065,4937796.0,183037.76616816127,1372783.2462612095,3.706871773725793,27.80153830294345,False,False,weekly_timing_eligible,omicron_era
Ireland,primary,15,2022-10-02,2022-10-27,weekly,True,True,2022-10-16,2022-10-05,11.0,11.0,True,8666.0,432.2209993981783,20,5000.0,7,42,14,1.0,0.0,432220.9993981783,216110.49969908915,144073.66646605943,360184.1661651486,540276.2492477229,72036.83323302971,540276.2492477229,360184.1661651486,4937796.0,72036.83323302971,540276.2492477229,1.4588863783159474,10.941647837369606,False,False,weekly_timing_eligible,omicron_era
Ireland,primary,16,2022-10-27,2022-12-31,weekly,True,True,2022-12-09,2022-12-21,-12.0,12.0,True,15349.0,1832.1852935359557,20,5000.0,7,42,14,1.0,0.0,1832185.2935359557,916092.6467679779,610728.4311786519,1526821.0779466298,2290231.6169199445,305364.21558932593,2290231.6169199445,1526821.0779466298,4937796.0,305364.21558932593,2290231.6169199445,6.184220968005279,46.381657260039596,False,False,weekly_timing_eligible,omicron_era
Israel,primary,1,2020-02-01,2020-04-12,weekly,True,True,2020-03-12,2020-03-28,-16.0,16.0,True,11532.0,532.2414911995226,20,5000.0,7,42,14,1.0,0.0,50689.665828525955,50689.665828525955,50689.665828525955,63362.08228565745,42241.388190438294,88706.91519992042,63362.08228565745,42241.388190438294,8655541.0,42241.388190438294,88706.91519992042,0.4880271284075518,1.024856969655859,False,False,weekly_timing_eligible,2020
Israel,primary,2,2020-04-12,2020-06-05,weekly,True,True,2020-05-01,2020-05-07,-6.0,6.0,True,6714.0,407.4864423429608,20,5000.0,7,42,14,1.0,0.0,38808.2326040915,38808.2326040915,38808.2326040915,48510.29075511439,32340.19383674292,67914.40705716013,48510.29075511439,32340.19383674292,8655541.0,32340.19383674292,67914.40705716013,0.37363573041526715,0.784635033872061,False,False,weekly_timing_eligible,2020
Israel,primary,3,2020-06-05,2020-06-27,weekly,True,True,2020-06-24,2020-06-10,14.0,14.0,True,5971.0,148.0965161315402,20,5000.0,7,42,14,1.0,0.0,14104.430107765733,14104.430107765733,14104.430107765733,17630.53763470717,11753.691756471444,24682.752688590033,17630.53763470717,11753.691756471444,8655541.0,11753.691756471444,24682.752688590033,0.13579384300151134,0.2851670703031738,False,False,weekly_timing_eligible,2020
Israel,primary,4,2020-06-27,2020-08-08,weekly,True,True,2020-07-27,2020-07-21,6.0,6.0,True,59369.0,718.207555301452,20,5000.0,7,42,14,1.0,0.0,68400.71955251924,68400.71955251924,68400.71955251924,85500.89944064905,57000.599627099364,119701.25921690866,85500.89944064905,57000.599627099364,8655541.0,57000.599627099364,119701.25921690866,0.6585446204587254,1.3829437029633234,False,True,weekly_timing_eligible,2020
Israel,primary,5,2020-08-08,2020-10-22,weekly,True,True,2020-09-20,2020-09-24,-4.0,4.0,True,226874.0,2047.0450119393238,20,5000.0,7,42,14,1.0,0.0,194956.6678037451,194956.6678037451,194956.6678037451,243695.83475468142,162463.88983645427,341174.16865655396,243695.83475468142,162463.88983645427,8655541.0,162463.88983645427,341174.16865655396,1.8769928978033177,3.941685085386967,False,True,weekly_timing_eligible,2020
Israel,primary,6,2020-11-20,2021-02-08,weekly,True,True,2021-01-04,2021-01-14,-10.0,10.0,True,369173.0,1625.8598718158476,20,5000.0,7,42,14,1.0,0.0,270976.64530264126,270976.64530264126,270976.64530264126,270976.64530264126,270976.64530264126,270976.64530264126,338720.8066283016,225813.8710855344,8655541.0,225813.8710855344,338720.8066283016,2.6088937835952066,3.91334067539281,False,True,weekly_timing_eligible,2021_pre_omicron
Israel,primary,7,2021-02-08,2021-03-12,weekly,True,True,2021-02-27,2021-02-24,3.0,3.0,True,124097.0,438.4818834898187,20,5000.0,7,42,14,1.0,0.0,73080.31391496978,73080.31391496978,73080.31391496978,73080.31391496978,73080.31391496978,73080.31391496978,91350.39239371223,60900.26159580815,8655541.0,60900.26159580815,91350.39239371223,0.7035985572225717,1.0553978358338576,False,True,weekly_timing_eligible,2021_pre_omicron
Israel,primary,8,2021-04-09,2021-05-17,weekly,True,True,2021-04-26,2021-04-29,-3.0,3.0,True,3726.0,285.6916189942287,20,5000.0,7,42,14,1.0,0.0,47615.26983237145,47615.26983237145,47615.26983237145,47615.26983237145,47615.26983237145,47615.26983237145,59519.08729046432,39679.39152697621,8655541.0,39679.39152697621,59519.08729046432,0.45842763065851355,0.6876414459877704,False,False,weekly_timing_eligible,2021_pre_omicron
Israel,primary,9,2021-05-17,2021-06-22,weekly,True,True,2021-06-06,2021-05-29,8.0,8.0,True,960.0,306.731297550375,20,5000.0,7,42,14,1.0,0.0,51121.8829250625,51121.8829250625,51121.8829250625,51121.8829250625,51121.8829250625,51121.8829250625,63902.35365632814,42601.56910421875,8655541.0,42601.56910421875,63902.35365632814,0.4921884039855943,0.7382826059783916,False,False,weekly_timing_eligible,2021_pre_omicron
Israel,primary,10,2021-06-22,2021-10-12,weekly,True,True,2021-08-07,2021-07-08,30.0,30.0,True,469748.0,2934.237724502952,20,5000.0,7,42,14,1.0,0.0,489039.620750492,489039.620750492,489039.620750492,489039.620750492,489039.620750492,489039.620750492,611299.5259381151,407533.01729207666,8655541.0,407533.01729207666,611299.5259381151,4.7083482972592545,7.062522445888884,False,True,weekly_timing_eligible,2021_pre_omicron
Israel,primary,11,2021-10-12,2021-11-06,weekly,True,True,2021-10-18,2021-10-31,-13.0,13.0,True,25735.0,196.09657609736016,20,5000.0,7,42,14,1.0,0.0,32682.762682893357,32682.762682893357,32682.762682893357,32682.762682893357,32682.762682893357,32682.762682893357,40853.4533536167,27235.6355690778,8655541.0,27235.6355690778,40853.4533536167,0.31466127384848386,0.4719919107727258,False,False,weekly_timing_eligible,2021_pre_omicron
Israel,primary,12,2021-11-06,2021-12-14,weekly,True,True,2021-12-03,2021-12-10,-7.0,7.0,True,19662.0,385.59603510781034,20,5000.0,7,42,14,1.0,0.0,385596.03510781034,192798.01755390517,128532.01170260344,321330.0292565086,481995.0438847629,64266.00585130172,481995.0438847629,321330.0292565086,8655541.0,64266.00585130172,481995.0438847629,0.7424839862846437,5.568629897134828,False,False,weekly_timing_eligible,omicron_era
Israel,primary,13,2021-12-14,2022-02-20,weekly,True,True,2022-01-12,2022-01-22,-10.0,10.0,True,2201843.0,2700.930375430506,20,5000.0,7,42,14,1.0,0.0,2700930.375430506,1350465.187715253,900310.125143502,2250775.3128587552,3376162.9692881326,450155.062571751,3376162.9692881326,2250775.3128587552,8655541.0,450155.062571751,3376162.9692881326,5.200773268496458,39.00579951372344,False,True,weekly_timing_eligible,omicron_era
Israel,primary,14,2022-02-20,2022-03-31,weekly,True,True,2022-03-11,2022-03-28,-17.0,17.0,True,383170.0,832.025947670492,20,5000.0,7,42,14,1.0,0.0,832025.947670492,416012.973835246,277341.9825568306,693354.9563920767,1040032.434588115,138670.9912784153,1040032.434588115,693354.9563920767,8655541.0,138670.9912784153,1040032.434588115,1.60210657286951,12.015799296521326,False,True,weekly_timing_eligible,omicron_era
Israel,primary,15,2022-03-31,2022-04-29,weekly,True,True,2022-04-12,2022-05-01,-19.0,19.0,False,169814.0,347.1726269185257,20,5000.0,7,42,14,1.0,0.0,347172.62691852567,173586.31345926283,115724.2089728419,289310.52243210474,433965.7836481571,57862.10448642095,433965.7836481571,289310.52243210474,8655541.0,57862.10448642095,433965.7836481571,0.6684978383953233,5.013733787964925,False,True,weekly_timing_eligible,omicron_era
Israel,primary,16,2022-04-29,2022-06-27,weekly,True,True,2022-06-21,2022-06-27,-6.0,6.0,True,244721.0,972.2540789376485,20,5000.0,7,42,14,1.0,0.0,972254.0789376484,486127.0394688242,324084.69297921617,810211.7324480405,1215317.5986720605,162042.34648960808,1215317.5986720605,810211.7324480405,8655541.0,162042.34648960808,1215317.5986720605,1.872122684065711,14.04092013049283,False,True,weekly_timing_eligible,omicron_era
Israel,primary,17,2022-08-25,2022-10-25,weekly,True,True,2022-09-13,2022-09-13,0.0,0.0,True,52438.0,726.310749977277,20,5000.0,7,42,14,1.0,0.0,726310.749977277,363155.3749886385,242103.583325759,605258.9583143976,907888.4374715963,121051.7916628795,907888.4374715963,605258.9583143976,8655541.0,121051.7916628795,907888.4374715963,1.3985467998231365,10.489100998673523,False,False,weekly_timing_eligible,omicron_era
Israel,primary,18,2022-10-25,2022-12-24,weekly,True,True,2022-11-26,2022-11-27,-1.0,1.0,True,77387.0,605.470875563528,20,5000.0,7,42,14,1.0,0.0,605470.875563528,302735.437781764,201823.62518784267,504559.0629696067,756838.59445441,100911.81259392134,756838.59445441,504559.0629696067,8655541.0,100911.81259392134,756838.59445441,1.1658637235260203,8.743977926445153,False,False,weekly_timing_eligible,omicron_era
Italy,primary,1,2020-02-01,2020-05-16,weekly,True,True,2020-03-05,2020-03-23,-18.0,18.0,True,224758.0,52334.13655701986,20,5000.0,7,42,14,1.0,0.0,4984203.4816209385,4984203.4816209385,4984203.4816209385,6230254.352026175,4153502.9013507827,8722356.092836643,6230254.352026175,4153502.9013507827,60461828.0,4153502.9013507827,8722356.092836643,6.869628389916994,14.426219618825687,False,False,weekly_timing_eligible,2020
Italy,primary,2,2020-05-16,2020-06-27,weekly,True,True,2020-06-08,2020-06-08,0.0,0.0,True,16399.0,1444.696978322403,20,5000.0,7,42,14,1.0,0.0,137590.18841165744,137590.18841165744,137590.18841165744,171987.7355145718,114658.49034304786,240782.8297204005,171987.7355145718,114658.49034304786,60461828.0,114658.49034304786,240782.8297204005,0.18963781634761004,0.39823941432998106,False,False,weekly_timing_eligible,2020
Italy,primary,3,2020-06-27,2020-08-14,weekly,True,True,2020-07-31,2020-07-29,2.0,2.0,True,12848.0,3548.0321611497384,20,5000.0,7,42,14,1.0,0.0,337907.82487140363,337907.82487140363,337907.82487140363,422384.7810892546,281589.85405950306,591338.6935249564,422384.7810892546,281589.85405950306,60461828.0,281589.85405950306,591338.6935249564,0.4657316250171978,0.9780364125361151,False,False,weekly_timing_eligible,2020
Italy,primary,4,2020-09-10,2020-12-25,weekly,True,True,2020-10-30,2020-11-13,-14.0,14.0,True,1746771.0,54651.00599264344,20,5000.0,7,42,14,1.0,0.0,5204857.713585089,5204857.713585089,5204857.713585089,6506072.141981362,4337381.427987575,9108500.998773906,6506072.141981362,4337381.427987575,60461828.0,4337381.427987575,9108500.998773906,7.173751723132774,15.064878618578827,False,False,weekly_timing_eligible,2020
Italy,primary,5,2020-12-25,2021-01-24,weekly,True,True,2021-01-03,2021-01-08,-5.0,5.0,True,457496.0,4634.5434460483975,20,5000.0,7,42,14,1.0,0.0,772423.9076747329,772423.9076747329,772423.9076747329,772423.9076747329,772423.9076747329,772423.9076747329,965529.8845934162,643686.5897289441,60461828.0,643686.5897289441,965529.8845934162,1.0646164878259126,1.5969247317388688,False,False,weekly_timing_eligible,2021_pre_omicron
Italy,primary,6,2021-01-24,2021-05-21,weekly,True,True,2021-03-09,2021-03-19,-10.0,10.0,True,1728291.0,26552.19214751902,20,5000.0,7,42,14,1.0,0.0,4425365.357919836,4425365.357919836,4425365.357919836,4425365.357919836,4425365.357919836,4425365.357919836,5531706.697399797,3687804.4649331975,60461828.0,3687804.4649331975,5531706.697399797,6.099392934221568,9.149089401332354,False,False,weekly_timing_eligible,2021_pre_omicron
Italy,primary,7,2021-05-21,2021-06-25,weekly,True,True,2021-06-07,2021-06-07,0.0,0.0,True,78190.0,3943.779519285337,20,5000.0,7,42,14,1.0,0.0,657296.5865475561,657296.5865475561,657296.5865475561,657296.5865475561,657296.5865475561,657296.5865475561,821620.7331844453,547747.1554562968,60461828.0,547747.1554562968,821620.7331844453,0.9059387940706932,1.3589081911060403,False,False,weekly_timing_eligible,2021_pre_omicron
Italy,primary,8,2021-06-25,2021-08-10,weekly,True,True,2021-07-27,2021-08-24,-28.0,28.0,False,150541.0,6304.4606606097,20,5000.0,7,42,14,1.0,0.0,1050743.44343495,1050743.44343495,1050743.44343495,1050743.44343495,1050743.44343495,1050743.44343495,1313429.3042936877,875619.5361957918,60461828.0,875619.5361957918,1313429.3042936877,1.4482187607622314,2.172328141143347,False,False,weekly_timing_eligible,2021_pre_omicron
Italy,primary,9,2021-09-15,2021-10-30,weekly,True,True,2021-10-04,2021-09-27,7.0,7.0,True,154226.0,5568.835018623798,20,5000.0,7,42,14,1.0,0.0,928139.1697706329,928139.1697706329,928139.1697706329,928139.1697706329,928139.1697706329,928139.1697706329,1160173.9622132913,773449.3081421942,60461828.0,773449.3081421942,1160173.9622132913,1.2792357322411656,1.9188535983617487,False,False,weekly_timing_eligible,2021_pre_omicron
Italy,primary,10,2021-10-30,2021-12-17,weekly,True,True,2021-11-25,2021-12-05,-10.0,10.0,True,574232.0,9530.09203461491,20,5000.0,7,42,14,1.0,0.0,1588348.6724358185,1588348.6724358185,1588348.6724358185,1588348.6724358185,1588348.6724358185,1588348.6724358185,1985435.8405447733,1323623.8936965154,60461828.0,1323623.8936965154,1985435.8405447733,2.1891893405811604,3.283784010871741,False,False,weekly_timing_eligible,2021_pre_omicron
Italy,primary,11,2021-12-17,2022-02-06,weekly,True,True,2022-01-09,2022-01-11,-2.0,2.0,True,6313556.0,8954.794326572168,20,5000.0,7,42,14,1.0,0.0,8954794.326572167,4477397.163286083,2984931.4421907226,7462328.605476807,11193492.90821521,1492465.7210953613,11193492.90821521,7462328.605476807,60461828.0,1492465.7210953613,11193492.90821521,2.4684429341027556,18.513322005770668,False,True,weekly_timing_eligible,omicron_era
Italy,primary,12,2022-02-06,2022-04-10,weekly,True,True,2022-03-21,2022-03-21,0.0,0.0,True,3749255.0,8003.292163107393,20,5000.0,7,42,14,1.0,0.0,8003292.163107393,4001646.0815536967,2667764.054369131,6669410.135922829,10004115.20388424,1333882.0271845656,10004115.20388424,6669410.135922829,60461828.0,1333882.0271845656,10004115.20388424,2.2061556378754634,16.546167284065973,False,True,weekly_timing_eligible,omicron_era
Italy,primary,13,2022-04-10,2022-05-19,weekly,True,True,2022-04-26,2022-04-23,3.0,3.0,True,1940071.0,5017.562871488695,20,5000.0,7,42,14,1.0,0.0,5017562.871488695,2508781.4357443475,1672520.9571628983,4181302.3929072465,6271953.589360869,836260.4785814491,6271953.589360869,4181302.3929072465,60461828.0,836260.4785814491,6271953.589360869,1.3831213945126652,10.37341045884499,False,True,weekly_timing_eligible,omicron_era
Italy,primary,14,2022-05-19,2022-08-01,weekly,True,True,2022-07-06,2022-07-11,-5.0,5.0,True,3912068.0,21456.875611320153,20,5000.0,7,42,14,1.0,0.0,21456875.611320153,10728437.805660076,7152291.870440051,17880729.676100127,26821094.51415019,3576145.9352200255,26821094.51415019,17880729.676100127,60461828.0,3576145.9352200255,26821094.51415019,5.9147168610582295,44.36037645793672,False,True,weekly_timing_eligible,omicron_era
Italy,primary,15,2022-08-31,2022-10-10,weekly,True,True,2022-09-13,2022-08-20,24.0,24.0,False,984882.0,4819.60582837966,20,5000.0,7,42,14,1.0,0.0,4819605.82837966,2409802.91418983,1606535.2761265533,4016338.1903163837,6024507.285474575,803267.6380632767,6024507.285474575,4016338.1903163837,60461828.0,803267.6380632767,6024507.285474575,1.328553344538767,9.964150084040751,False,True,weekly_timing_eligible,omicron_era
Italy,primary,16,2022-10-10,2022-12-31,weekly,True,True,2022-11-19,2022-11-25,-6.0,6.0,True,2327969.0,16048.007388706163,20,5000.0,7,42,14,1.0,0.0,16048007.388706163,8024003.694353081,5349335.796235387,13373339.49058847,20060009.235882703,2674667.8981176936,20060009.235882703,13373339.49058847,60461828.0,2674667.8981176936,20060009.235882703,4.423729792155298,33.17797344116474,False,False,weekly_timing_eligible,omicron_era
Jamaica,primary,1,2020-07-15,2020-10-23,monthly,False,False,2020-09-15,,,,False,7876.0,466.11978806143827,20,5000.0,7,42,14,1.0,0.0,44392.36076775602,44392.36076775602,44392.36076775602,55490.45095969504,36993.63397313002,77686.63134357304,55490.45095969504,36993.63397313002,2961161.0,36993.63397313002,77686.63134357304,1.2492949209154793,2.623519333922507,False,False,monthly_descriptive_only,2020
Jamaica,primary,2,2020-10-23,2021-01-07,monthly,False,False,2020-11-27,,,,False,4768.0,463.4034738324099,20,5000.0,7,42,14,1.0,0.0,44133.66417451522,44133.66417451522,44133.66417451522,55167.08021814404,36778.05347876269,77233.91230540164,55167.08021814404,36778.05347876269,2961161.0,36778.05347876269,77233.91230540164,1.242014651643821,2.608230768452024,False,False,monthly_descriptive_only,2020
Jamaica,primary,3,2021-01-07,2021-05-02,monthly,False,False,2021-03-19,,,,False,32537.0,1846.8710255838039,20,5000.0,7,42,14,1.0,0.0,307811.83759730065,307811.83759730065,307811.83759730065,307811.83759730065,307811.83759730065,307811.83759730065,384764.79699662584,256509.86466441723,2961161.0,256509.86466441723,384764.79699662584,8.662476125560792,12.993714188341189,False,False,monthly_descriptive_only,2021_pre_omicron
Jamaica,primary,4,2021-05-02,2021-07-08,monthly,False,False,2021-05-31,,,,False,4720.0,372.4786605893399,20,5000.0,7,42,14,1.0,0.0,62079.776764889975,62079.776764889975,62079.776764889975,62079.776764889975,62079.776764889975,62079.776764889975,77599.72095611248,51733.147304074984,2961161.0,51733.147304074984,77599.72095611248,1.7470562155882434,2.620584323382365,False,False,monthly_descriptive_only,2021_pre_omicron
Jamaica,primary,5,2021-07-08,2021-11-23,monthly,False,False,2021-08-28,,,,False,40399.0,4794.794532950555,20,5000.0,7,42,14,1.0,0.0,799132.4221584258,799132.4221584258,799132.4221584258,799132.4221584258,799132.4221584258,799132.4221584258,998915.5276980323,665943.6851320216,2961161.0,665943.6851320216,998915.5276980323,22.48927650782992,33.73391476174488,False,False,monthly_descriptive_only,2021_pre_omicron
Jamaica,primary,6,2021-11-23,2022-03-18,monthly,False,False,2022-01-08,,,,False,37670.0,1397.13453464607,20,5000.0,7,42,14,1.0,0.0,1397134.53464607,698567.267323035,465711.51154869003,1164278.778871725,1746418.1683075875,232855.75577434502,1746418.1683075875,1164278.778871725,2961161.0,232855.75577434502,1746418.1683075875,7.8636641430285295,58.977481072713964,False,False,monthly_descriptive_only,omicron_era
Jamaica,primary,7,2022-03-18,2022-06-24,monthly,False,False,2022-05-19,,,,False,13705.0,357.2077382525763,20,5000.0,7,42,14,1.0,0.0,357207.73825257627,178603.86912628813,119069.2460841921,297673.1152104803,446509.6728157203,59534.62304209605,446509.6728157203,297673.1152104803,2961161.0,59534.62304209605,446509.6728157203,2.0105162482585732,15.078871861939296,False,False,monthly_descriptive_only,omicron_era
Jamaica,primary,8,2022-06-24,2022-09-25,monthly,False,False,2022-08-05,,,,False,9639.0,545.9604316003163,20,5000.0,7,42,14,1.0,0.0,545960.4316003163,272980.21580015816,181986.81053343875,454967.0263335969,682450.5395003953,90993.40526671938,682450.5395003953,454967.0263335969,2961161.0,90993.40526671938,682450.5395003953,3.072896248016213,23.0467218601216,False,False,monthly_descriptive_only,omicron_era
Jamaica,primary,9,2022-09-25,2022-11-20,monthly,False,False,2022-10-24,,,,False,787.0,172.05175539769903,20,5000.0,7,42,14,1.0,0.0,172051.75539769902,86025.87769884951,57350.58513256634,143376.46283141588,215064.69424712379,28675.29256628317,215064.69424712379,143376.46283141588,2961161.0,28675.29256628317,215064.69424712379,0.9683800565481975,7.262850424111481,False,False,monthly_descriptive_only,omicron_era
Jamaica,primary,10,2022-11-20,2022-12-31,monthly,False,False,2022-12-21,,,,False,377.0,244.98772201744774,20,5000.0,7,42,14,1.0,0.0,244987.72201744773,122493.86100872386,81662.57400581591,204156.4350145398,306234.6525218097,40831.28700290796,306234.6525218097,204156.4350145398,2961161.0,40831.28700290796,306234.6525218097,1.3788945282917058,10.341708962187793,False,False,monthly_descriptive_only,omicron_era
Japan,primary,1,2020-02-09,2020-05-04,monthly,False,False,2020-03-28,,,,False,15205.0,8971.171900427886,20,5000.0,7,42,14,1.0,0.0,854397.3238502748,854397.3238502748,854397.3238502748,1067996.6548128435,711997.769875229,1495195.3167379808,1067996.6548128435,711997.769875229,126476458.0,711997.769875229,1495195.3167379808,0.5629488531970345,1.1821925917137723,False,False,monthly_descriptive_only,2020
Japan,primary,2,2020-06-19,2020-08-26,monthly,False,False,2020-08-01,,,,False,47177.0,10649.475842759233,20,5000.0,7,42,14,1.0,0.0,1014235.7945484984,1014235.7945484984,1014235.7945484984,1267794.743185623,845196.495457082,1774912.640459872,1267794.743185623,845196.495457082,126476458.0,845196.495457082,1774912.640459872,0.6682638878589422,1.4033541645037784,False,False,monthly_descriptive_only,2020
Japan,primary,3,2020-08-26,2020-10-23,monthly,False,False,2020-09-23,,,,False,31995.0,11508.42034632219,20,5000.0,7,42,14,1.0,0.0,1096040.0329830656,1096040.0329830656,1096040.0329830656,1370050.0412288322,913366.6941525547,1918070.0577203648,1370050.0412288322,913366.6941525547,126476458.0,913366.6941525547,1918070.0577203648,0.7221634038427568,1.516543148069789,False,False,monthly_descriptive_only,2020
Japan,primary,4,2020-10-23,2021-01-27,monthly,False,False,2020-12-01,,,,False,281943.0,21333.954013987754,20,5000.0,7,42,14,1.0,0.0,2031805.1441893098,2031805.1441893098,2031805.1441893098,2539756.4302366376,1693170.9534910915,3555659.0023312923,2539756.4302366376,1693170.9534910915,126476458.0,1693170.9534910915,3555659.0023312923,1.3387242023263266,2.8113208248852857,False,False,monthly_descriptive_only,2020
Japan,primary,5,2021-01-27,2021-06-23,monthly,False,False,2021-04-29,,,,False,416003.0,44923.56872929385,20,5000.0,7,42,14,1.0,0.0,7487261.454882309,7487261.454882309,7487261.454882309,7487261.454882309,7487261.454882309,7487261.454882309,9359076.818602886,6239384.545735258,126476458.0,6239384.545735258,9359076.818602886,4.933237888220477,7.399856832330714,False,False,monthly_descriptive_only,2021_pre_omicron
Japan,primary,6,2021-06-23,2021-10-15,monthly,False,False,2021-08-17,,,,False,930091.0,42849.88482069794,20,5000.0,7,42,14,1.0,0.0,7141647.470116323,7141647.470116323,7141647.470116323,7141647.470116323,7141647.470116323,7141647.470116323,8927059.337645404,5951372.891763602,126476458.0,5951372.891763602,8927059.337645404,4.70551831216178,7.058277468242671,False,False,monthly_descriptive_only,2021_pre_omicron
Japan,primary,7,2021-10-15,2021-12-18,monthly,False,False,2021-11-20,,,,False,12369.0,20733.724914924864,20,5000.0,7,42,14,1.0,0.0,3455620.819154144,3455620.819154144,3455620.819154144,3455620.819154144,3455620.819154144,3455620.819154144,4319526.02394268,2879684.0159617867,126476458.0,2879684.0159617867,4319526.02394268,2.2768537809319316,3.415280671397898,False,False,monthly_descriptive_only,2021_pre_omicron
Japan,primary,8,2021-12-18,2022-04-02,monthly,False,False,2022-02-04,,,,False,4934039.0,62898.183446847455,20,5000.0,7,42,14,1.0,0.0,62898183.44684745,31449091.723423727,20966061.14894915,52415152.87237288,78622729.30855931,10483030.574474575,78622729.30855931,52415152.87237288,126476458.0,10483030.574474575,78622729.30855931,8.288523208386003,62.16392406289502,False,False,monthly_descriptive_only,omicron_era
Japan,primary,9,2022-04-02,2022-06-14,monthly,False,False,2022-05-06,,,,False,2463697.0,35344.77065082277,20,5000.0,7,42,14,1.0,0.0,35344770.65082277,17672385.325411387,11781590.216940923,29453975.54235231,44180963.31352846,5890795.108470461,44180963.31352846,29453975.54235231,126476458.0,5890795.108470461,44180963.31352846,4.657621822766781,34.93216367075085,False,False,monthly_descriptive_only,omicron_era
Japan,primary,10,2022-06-14,2022-10-14,monthly,False,False,2022-08-02,,,,False,12658843.0,91535.79629012787,20,5000.0,7,42,14,1.0,0.0,91535796.29012786,45767898.14506393,30511932.09670929,76279830.24177323,114419745.36265983,15255966.048354644,114419745.36265983,76279830.24177323,126476458.0,15255966.048354644,114419745.36265983,12.062297038990959,90.4672277924322,False,False,monthly_descriptive_only,omicron_era
Japan,primary,11,2022-10-14,2022-12-31,monthly,False,False,2022-12-10,,,,False,7549778.0,77796.2213436731,20,5000.0,7,42,14,1.0,0.0,77796221.3436731,38898110.67183655,25932073.781224366,64830184.45306092,97245276.67959137,12966036.890612183,97245276.67959137,64830184.45306092,126476458.0,12966036.890612183,97245276.67959137,10.251739411149687,76.88804558362266,False,False,monthly_descriptive_only,omicron_era
Jordan,primary,1,2020-06-23,2020-12-16,monthly,False,False,2020-10-25,,,,False,266653.0,4712.929783208717,20,5000.0,7,42,14,1.0,0.0,448850.4555436873,448850.4555436873,448850.4555436873,561063.0694296092,374042.0462864061,785488.2972014528,561063.0694296092,374042.0462864061,10203140.0,374042.0462864061,785488.2972014528,3.665950347504848,7.698495729760181,False,False,monthly_descriptive_only,2020
Jordan,primary,2,2020-12-16,2021-01-11,monthly,False,False,2020-12-20,,,,False,43646.0,291.336851812832,20,5000.0,7,42,14,1.0,0.0,27746.36683931733,27746.36683931733,27746.36683931733,34682.958549146664,23121.972366097776,48556.14196880533,34682.958549146664,23121.972366097776,10203140.0,23121.972366097776,48556.14196880533,0.22661624133450853,0.4758941068024679,False,True,monthly_descriptive_only,2020
Jordan,primary,3,2021-01-11,2021-06-14,monthly,False,False,2021-03-06,,,,False,436668.0,7748.521399607601,20,5000.0,7,42,14,1.0,0.0,1291420.2332679334,1291420.2332679334,1291420.2332679334,1291420.2332679334,1291420.2332679334,1291420.2332679334,1614275.2915849169,1076183.527723278,10203140.0,1076183.527723278,1614275.2915849169,10.547571901623206,15.82135785243481,False,False,monthly_descriptive_only,2021_pre_omicron
Jordan,primary,4,2021-06-14,2021-09-11,monthly,False,False,2021-07-21,,,,False,62681.0,1354.7942915243038,20,5000.0,7,42,14,1.0,0.0,225799.04858738396,225799.04858738396,225799.04858738396,225799.04858738396,225799.04858738396,225799.04858738396,282248.81073423,188165.87382282,10203140.0,188165.87382282,282248.81073423,1.8441957458470628,2.766293618770594,False,False,monthly_descriptive_only,2021_pre_omicron
Jordan,primary,5,2021-09-11,2021-12-28,monthly,False,False,2021-11-24,,,,False,251283.0,2776.8654821385494,20,5000.0,7,42,14,1.0,0.0,462810.9136897582,462810.9136897582,462810.9136897582,462810.9136897582,462810.9136897582,462810.9136897582,578513.6421121978,385675.76140813186,10203140.0,385675.76140813186,578513.6421121978,3.7799712775491847,5.669956916323777,False,False,monthly_descriptive_only,2021_pre_omicron
Jordan,primary,6,2021-12-28,2022-04-30,monthly,False,False,2022-01-26,,,,False,640853.0,2312.39181851357,20,5000.0,7,42,14,1.0,0.0,2312391.81851357,1156195.909256785,770797.2728378567,1926993.1820946417,2890489.773141962,385398.63641892833,2890489.773141962,1926993.1820946417,10203140.0,385398.63641892833,2890489.773141962,3.7772552020155397,28.329414015116544,False,True,monthly_descriptive_only,omicron_era
Kazakhstan,primary,1,2020-03-12,2020-05-17,monthly,False,False,2020-05-04,,,,False,6157.0,3075.055333294672,20,5000.0,7,42,14,1.0,0.0,292862.4126947306,292862.4126947306,292862.4126947306,366078.0158684134,244052.01057894222,512509.22221577866,366078.0158684134,244052.01057894222,18776707.0,244052.01057894222,512509.22221577866,1.2997593804863772,2.729494699021392,False,False,monthly_descriptive_only,2020
Kazakhstan,primary,2,2020-05-17,2020-10-06,monthly,False,False,2020-06-28,,,,False,136054.0,32193.24703844072,20,5000.0,7,42,14,1.0,0.0,3066023.5274705444,3066023.5274705444,3066023.5274705444,3832529.4093381814,2555019.606225454,5365541.173073453,3832529.4093381814,2555019.606225454,18776707.0,2555019.606225454,5365541.173073453,13.607389230845717,28.575517384776003,False,False,monthly_descriptive_only,2020
Kazakhstan,primary,3,2020-10-06,2021-01-04,monthly,False,False,2020-11-19,,,,False,62449.0,4691.135876272114,20,5000.0,7,42,14,1.0,0.0,446774.8453592489,446774.8453592489,446774.8453592489,558468.5566990612,372312.37113270746,781855.9793786856,558468.5566990612,372312.37113270746,18776707.0,372312.37113270746,781855.9793786856,1.9828416725718063,4.163967512400793,False,False,monthly_descriptive_only,2020
Kazakhstan,primary,4,2021-01-04,2021-05-29,monthly,False,False,2021-04-23,,,,False,235152.0,8889.844254797516,20,5000.0,7,42,14,1.0,0.0,1481640.7091329193,1481640.7091329193,1481640.7091329193,1481640.7091329193,1481640.7091329193,1481640.7091329193,1852050.8864161493,1234700.5909440995,18776707.0,1234700.5909440995,1852050.8864161493,6.575703561567528,9.863555342351294,False,False,monthly_descriptive_only,2021_pre_omicron
Kazakhstan,primary,5,2021-05-29,2021-10-03,monthly,False,False,2021-08-01,,,,False,589731.0,33122.446967310636,20,5000.0,7,42,14,1.0,0.0,5520407.827885106,5520407.827885106,5520407.827885106,5520407.827885106,5520407.827885106,5520407.827885106,6900509.784856383,4600339.856570922,18776707.0,4600339.856570922,6900509.784856383,24.50024840122883,36.750372601843246,False,False,monthly_descriptive_only,2021_pre_omicron
Kazakhstan,primary,6,2021-10-03,2021-12-23,monthly,False,False,2021-10-26,,,,False,101687.0,10127.238382573578,20,5000.0,7,42,14,1.0,0.0,1687873.063762263,1687873.063762263,1687873.063762263,1687873.063762263,1687873.063762263,1687873.063762263,2109841.329702829,1406560.8864685525,18776707.0,1406560.8864685525,2109841.329702829,7.4909880974792475,11.236482146218872,False,False,monthly_descriptive_only,2021_pre_omicron
Kazakhstan,primary,7,2021-12-23,2022-04-01,monthly,False,False,2022-01-25,,,,False,325457.0,4598.039194952841,20,5000.0,7,42,14,1.0,0.0,4598039.194952841,2299019.5974764205,1532679.7316509471,3831699.329127368,5747548.993691051,766339.8658254736,5747548.993691051,3831699.329127368,18776707.0,766339.8658254736,5747548.993691051,4.081332609735421,30.60999457301566,False,False,monthly_descriptive_only,omicron_era
Kazakhstan,primary,8,2022-06-16,2022-09-20,monthly,False,False,2022-07-30,,,,False,88567.0,1005.3326443077362,20,5000.0,7,42,14,1.0,0.0,1005332.6443077362,502666.3221538681,335110.8814359121,837777.2035897803,1256665.8053846702,167555.44071795605,1256665.8053846702,837777.2035897803,18776707.0,167555.44071795605,1256665.8053846702,0.8923579662714876,6.692684747036156,False,False,monthly_descriptive_only,omicron_era
Kazakhstan,primary,9,2022-09-20,2022-12-31,monthly,False,False,2022-11-25,,,,False,5742.0,1377.717268589447,20,5000.0,7,42,14,1.0,0.0,1377717.268589447,688858.6342947235,459239.08952981565,1148097.7238245392,1722146.5857368086,229619.54476490783,1722146.5857368086,1148097.7238245392,18776707.0,229619.54476490783,1722146.5857368086,1.222895712037834,9.171717840283755,False,False,monthly_descriptive_only,omicron_era
Kosovo,primary,1,2020-02-01,2020-03-20,monthly,False,False,2020-02-05,,,,False,21.0,79.54507529130593,20,5000.0,7,42,14,1.0,0.0,7575.72145631485,7575.72145631485,7575.72145631485,9469.651820393565,6313.101213595709,13257.512548550989,9469.651820393565,6313.101213595709,1810366.0,6313.101213595709,13257.512548550989,0.34871960772549354,0.7323111762235365,False,False,monthly_descriptive_only,2020
Kosovo,primary,2,2020-03-20,2020-05-11,monthly,False,False,2020-04-28,,,,False,864.0,137.85628451345252,20,5000.0,7,42,14,1.0,0.0,13129.169953662144,13129.169953662144,13129.169953662144,16411.46244207768,10940.97496138512,22976.047418908754,16411.46244207768,10940.97496138512,1810366.0,10940.97496138512,22976.047418908754,0.6043515488793492,1.2691382526466337,False,False,monthly_descriptive_only,2020
Kosovo,primary,3,2020-05-11,2020-09-11,monthly,False,False,2020-07-09,,,,False,13626.0,1882.1750689133794,20,5000.0,7,42,14,1.0,0.0,179254.76846794088,179254.76846794088,179254.76846794088,224068.46058492613,149378.97372328409,313695.84481889656,224068.46058492613,149378.97372328409,1810366.0,149378.97372328409,313695.84481889656,8.251313476019991,17.32775829964198,False,False,monthly_descriptive_only,2020
Kosovo,primary,4,2020-09-11,2021-01-20,monthly,False,False,2020-11-07,,,,False,41966.0,2503.422462463957,20,5000.0,7,42,14,1.0,0.0,238421.1869013292,238421.1869013292,238421.1869013292,298026.48362666153,198684.32241777435,417237.07707732613,298026.48362666153,198684.32241777435,1810366.0,198684.32241777435,417237.07707732613,10.974815170952965,23.047111859001223,False,False,monthly_descriptive_only,2020
Kosovo,primary,5,2021-01-20,2021-06-18,monthly,False,False,2021-03-16,,,,False,51074.0,1774.1010821426626,20,5000.0,7,42,14,1.0,0.0,295683.51369044377,295683.51369044377,295683.51369044377,295683.51369044377,295683.51369044377,295683.51369044377,369604.39211305475,246402.9280753698,1810366.0,246402.9280753698,369604.39211305475,13.610669227955551,20.416003841933332,False,False,monthly_descriptive_only,2021_pre_omicron
Kosovo,primary,6,2021-06-18,2021-10-12,monthly,False,False,2021-08-21,,,,False,53243.0,1678.6404019959386,20,5000.0,7,42,14,1.0,0.0,279773.40033265646,279773.40033265646,279773.40033265646,279773.40033265646,279773.40033265646,279773.40033265646,349716.75041582057,233144.5002772137,1810366.0,233144.5002772137,349716.75041582057,12.878307495678426,19.31746124351764,False,False,monthly_descriptive_only,2021_pre_omicron
Kosovo,primary,7,2021-10-12,2021-12-24,monthly,False,False,2021-11-22,,,,False,911.0,327.97678360305594,20,5000.0,7,42,14,1.0,0.0,54662.797267175985,54662.797267175985,54662.797267175985,54662.797267175985,54662.797267175985,54662.797267175985,68328.49658396999,45552.331055979994,1810366.0,45552.331055979994,68328.49658396999,2.516194573692833,3.774291860539249,False,False,monthly_descriptive_only,2021_pre_omicron
Kosovo,primary,8,2021-12-24,2022-03-07,monthly,False,False,2022-01-24,,,,False,65350.0,327.0810133260553,20,5000.0,7,42,14,1.0,0.0,327081.0133260553,163540.50666302766,109027.00444201844,272567.51110504614,408851.2666575691,54513.50222100922,408851.2666575691,272567.51110504614,1810366.0,54513.50222100922,408851.2666575691,3.011186810899521,22.583901081746404,False,True,monthly_descriptive_only,omicron_era
Kosovo,primary,9,2022-05-22,2022-08-28,monthly,False,False,2022-06-30,,,,False,42853.0,63.051996870381274,20,5000.0,7,42,14,1.0,0.0,63051.99687038127,31525.998435190635,21017.33229012709,52543.33072531773,78814.99608797659,10508.666145063546,78814.99608797659,52543.33072531773,1810366.0,10508.666145063546,78814.99608797659,0.580471912589142,4.353539344418564,False,True,monthly_descriptive_only,omicron_era
Kuwait,primary,1,2020-03-07,2020-08-22,monthly,False,False,2020-05-06,,,,False,79899.0,2723.190630884069,20,5000.0,7,42,14,1.0,0.0,259351.4886556256,259351.4886556256,259351.4886556256,324189.360819532,216126.24054635467,453865.1051473448,324189.360819532,216126.24054635467,4270563.0,216126.24054635467,453865.1051473448,5.060837190467737,10.627758099982247,False,False,monthly_descriptive_only,2020
Kuwait,primary,2,2020-08-22,2020-12-21,monthly,False,False,2020-09-21,,,,False,68940.0,1121.1670365335397,20,5000.0,7,42,14,1.0,0.0,106777.81300319424,106777.81300319424,106777.81300319424,133472.26625399283,88981.51083599521,186861.17275558994,133472.26625399283,88981.51083599521,4270563.0,88981.51083599521,186861.17275558994,2.0836014089007753,4.375562958691628,False,False,monthly_descriptive_only,2020
Kuwait,primary,3,2020-12-21,2021-05-08,monthly,False,False,2021-03-24,,,,False,136097.0,1697.3319229877693,20,5000.0,7,42,14,1.0,0.0,282888.65383129485,282888.65383129485,282888.65383129485,282888.65383129485,282888.65383129485,282888.65383129485,353610.81728911866,235740.54485941242,4270563.0,235740.54485941242,353610.81728911866,5.520128021982404,8.280192032973606,False,False,monthly_descriptive_only,2021_pre_omicron
Kuwait,primary,4,2021-05-08,2021-11-13,monthly,False,False,2021-06-29,,,,False,130001.0,2457.83656563928,20,5000.0,7,42,14,1.0,0.0,409639.4276065466,409639.4276065466,409639.4276065466,409639.4276065466,409639.4276065466,409639.4276065466,512049.2845081833,341366.1896721222,4270563.0,341366.1896721222,512049.2845081833,7.993470408283923,11.990205612425886,False,False,monthly_descriptive_only,2021_pre_omicron
Kuwait,primary,5,2021-11-13,2022-03-13,monthly,False,False,2022-01-22,,,,False,212501.0,668.1619192255536,20,5000.0,7,42,14,1.0,0.0,668161.9192255535,334080.95961277676,222720.6397418512,556801.599354628,835202.3990319419,111360.3198709256,835202.3990319419,556801.599354628,4270563.0,111360.3198709256,835202.3990319419,2.607626204575968,19.557196534319758,False,True,monthly_descriptive_only,omicron_era
Kuwait,primary,6,2022-03-13,2022-08-29,monthly,False,False,2022-07-20,,,,False,31934.0,495.01397066525453,20,5000.0,7,42,14,1.0,0.0,495013.9706652545,247506.98533262726,165004.65688841816,412511.6422210455,618767.4633315682,82502.32844420908,618767.4633315682,412511.6422210455,4270563.0,82502.32844420908,618767.4633315682,1.9318841202953587,14.489130902215193,False,False,monthly_descriptive_only,omicron_era
Kyrgyzstan,primary,1,2020-03-20,2020-09-15,monthly,False,False,2020-07-26,,,,False,44996.0,5035.942849654801,20,5000.0,7,42,14,1.0,0.0,479613.6047290286,479613.6047290286,479613.6047290286,599517.0059112859,399678.0039408572,839323.8082758001,599517.0059112859,399678.0039408572,6524191.0,399678.0039408572,839323.8082758001,6.126092935367116,12.864795164270943,False,False,monthly_descriptive_only,2020
Kyrgyzstan,primary,2,2020-09-15,2021-01-10,monthly,False,False,2020-11-06,,,,False,37345.0,3106.20812208529,20,5000.0,7,42,14,1.0,0.0,295829.3449605038,295829.3449605038,295829.3449605038,369786.6812006298,246524.45413375317,517701.3536808817,369786.6812006298,246524.45413375317,6524191.0,246524.45413375317,517701.3536808817,3.7786210448736584,7.935104194234683,False,False,monthly_descriptive_only,2020
Kyrgyzstan,primary,3,2021-01-10,2021-04-21,monthly,False,False,2021-03-11,,,,False,10488.0,659.4127888789806,20,5000.0,7,42,14,1.0,0.0,109902.13147983009,109902.13147983009,109902.13147983009,109902.13147983009,109902.13147983009,109902.13147983009,137377.66434978764,91585.10956652508,6524191.0,91585.10956652508,137377.66434978764,1.4037772586137511,2.1056658879206274,False,False,monthly_descriptive_only,2021_pre_omicron
Kyrgyzstan,primary,4,2021-04-21,2021-09-28,monthly,False,False,2021-07-26,,,,False,86055.0,3827.7750347831848,20,5000.0,7,42,14,1.0,0.0,637962.5057971975,637962.5057971975,637962.5057971975,637962.5057971975,637962.5057971975,637962.5057971975,797453.1322464969,531635.4214976645,6524191.0,531635.4214976645,797453.1322464969,8.148679606370576,12.223019409555864,False,False,monthly_descriptive_only,2021_pre_omicron
Kyrgyzstan,primary,5,2021-09-28,2021-12-27,monthly,False,False,2021-11-08,,,,False,6189.0,1228.5789788111663,20,5000.0,7,42,14,1.0,0.0,204763.16313519437,204763.16313519437,204763.16313519437,204763.16313519437,204763.16313519437,204763.16313519437,255953.953918993,170635.96927932865,6524191.0,170635.96927932865,255953.953918993,2.6154349141422846,3.9231523712134275,False,False,monthly_descriptive_only,2021_pre_omicron
Kyrgyzstan,primary,6,2021-12-27,2022-04-10,monthly,False,False,2022-01-31,,,,False,16464.0,480.8070164886973,20,5000.0,7,42,14,1.0,0.0,480807.01648869726,240403.50824434863,160269.00549623242,400672.5137405811,601008.7706108716,80134.50274811621,601008.7706108716,400672.5137405811,6524191.0,80134.50274811621,601008.7706108716,1.2282672709630391,9.212004532222794,False,False,monthly_descriptive_only,omicron_era
Kyrgyzstan,primary,7,2022-04-10,2022-07-04,monthly,False,False,2022-05-27,,,,False,132.0,915.1685966686504,20,5000.0,7,42,14,1.0,0.0,915168.5966686504,457584.2983343252,305056.1988895501,762640.4972238754,1143960.745835813,152528.09944477506,1143960.745835813,762640.4972238754,6524191.0,152528.09944477506,1143960.745835813,2.337885255731708,17.53413941798781,False,False,monthly_descriptive_only,omicron_era
Kyrgyzstan,primary,8,2022-07-04,2022-10-14,monthly,False,False,2022-08-11,,,,False,5197.0,424.8598845034307,20,5000.0,7,42,14,1.0,0.0,424859.8845034307,212429.94225171534,141619.96150114355,354049.9037528589,531074.8556292884,70809.98075057178,531074.8556292884,354049.9037528589,6524191.0,70809.98075057178,531074.8556292884,1.0853449991052038,8.140087493289027,False,False,monthly_descriptive_only,omicron_era
Kyrgyzstan,primary,9,2022-10-14,2022-12-31,monthly,False,False,2022-12-04,,,,False,307.0,97.41397048346482,20,5000.0,7,42,14,1.0,0.0,97413.97048346481,48706.98524173241,32471.323494488275,81178.30873622069,121767.46310433102,16235.661747244138,121767.46310433102,81178.30873622069,6524191.0,16235.661747244138,121767.46310433102,0.2488532562465467,1.8663994218491002,False,False,monthly_descriptive_only,omicron_era
Latvia,primary,1,2020-02-01,2020-05-10,weekly,True,True,2020-04-29,2020-04-28,1.0,1.0,True,939.0,28.74044630693546,20,5000.0,7,42,14,1.0,0.0,2737.1853625652816,2737.1853625652816,2737.1853625652816,3421.4817032066026,2280.987802137735,4790.074384489243,3421.4817032066026,2280.987802137735,1886202.0,2280.987802137735,4790.074384489243,0.1209301974092772,0.25395341455948217,False,False,weekly_timing_eligible,2020
Latvia,primary,2,2020-05-10,2020-06-26,weekly,True,True,2020-06-05,2020-05-31,5.0,5.0,True,182.0,92.22284463109355,20,5000.0,7,42,14,1.0,0.0,8783.128060104147,8783.128060104147,8783.128060104147,10978.910075130185,7319.273383420123,15370.474105182258,10978.910075130185,7319.273383420123,1886202.0,7319.273383420123,15370.474105182258,0.38804292347373837,0.8148901392948505,False,False,weekly_timing_eligible,2020
Latvia,primary,3,2020-06-26,2020-08-22,weekly,True,True,2020-07-25,2020-07-08,17.0,17.0,True,222.0,87.74858417635814,20,5000.0,7,42,14,1.0,0.0,8357.008016796013,8357.008016796013,8357.008016796013,10446.260020995016,6964.173347330011,14624.764029393022,10446.260020995016,6964.173347330011,1886202.0,6964.173347330011,14624.764029393022,0.36921673009200556,0.7753551331932116,False,False,weekly_timing_eligible,2020
Latvia,primary,4,2020-09-15,2020-10-11,weekly,True,True,2020-10-04,2020-10-03,1.0,1.0,True,1193.0,88.69192560107439,20,5000.0,7,42,14,1.0,0.0,8446.85005724518,8446.85005724518,8446.85005724518,10558.562571556475,7039.041714370983,14781.987600179064,10558.562571556475,7039.041714370983,1886202.0,7039.041714370983,14781.987600179064,0.37318599568715244,0.7836905909430201,False,False,weekly_timing_eligible,2020
Latvia,primary,5,2020-10-11,2021-02-15,weekly,True,True,2020-12-17,2020-12-04,13.0,13.0,True,74388.0,2241.1633159983066,20,5000.0,7,42,14,1.0,0.0,213444.12533317204,213444.12533317204,213444.12533317204,266805.1566664651,177870.10444431004,373527.2193330511,266805.1566664651,177870.10444431004,1886202.0,177870.10444431004,373527.2193330511,9.43006658058416,19.80313981922674,False,False,weekly_timing_eligible,2020
Latvia,primary,6,2021-02-15,2021-03-15,weekly,True,True,2021-02-28,2021-02-06,22.0,22.0,False,17253.0,20.126469382623448,20,5000.0,7,42,14,1.0,0.0,3354.4115637705745,3354.4115637705745,3354.4115637705745,3354.4115637705745,3354.4115637705745,3354.4115637705745,4193.014454713219,2795.342969808812,1886202.0,2795.342969808812,4193.014454713219,0.1481995549685989,0.2222993324528984,False,True,weekly_timing_eligible,2021_pre_omicron
Latvia,primary,7,2021-03-15,2021-05-09,weekly,True,True,2021-04-20,2021-03-14,37.0,37.0,False,30182.0,482.4187745010533,20,5000.0,7,42,14,1.0,0.0,80403.12908350889,80403.12908350889,80403.12908350889,80403.12908350889,80403.12908350889,80403.12908350889,100503.91135438612,67002.60756959073,1886202.0,67002.60756959073,100503.91135438612,3.5522498422539437,5.328374763380917,False,False,weekly_timing_eligible,2021_pre_omicron
Latvia,primary,8,2021-05-09,2021-07-05,weekly,True,True,2021-06-07,2021-05-09,29.0,29.0,True,14322.0,766.161362391368,20,5000.0,7,42,14,1.0,0.0,127693.56039856133,127693.56039856133,127693.56039856133,127693.56039856133,127693.56039856133,127693.56039856133,159616.95049820168,106411.30033213444,1886202.0,106411.30033213444,159616.95049820168,5.641564388762945,8.462346583144418,False,False,weekly_timing_eligible,2021_pre_omicron
Latvia,primary,9,2021-07-05,2021-08-03,weekly,True,True,2021-07-17,2021-06-30,17.0,17.0,False,1406.0,160.92003503299034,20,5000.0,7,42,14,1.0,0.0,26820.005838831723,26820.005838831723,26820.005838831723,26820.005838831723,26820.005838831723,26820.005838831723,33525.007298539655,22350.004865693103,1886202.0,22350.004865693103,33525.007298539655,1.1849210670804668,1.7773816006207,False,False,weekly_timing_eligible,2021_pre_omicron
Latvia,primary,10,2021-08-03,2021-08-27,weekly,True,True,2021-08-24,2021-08-11,13.0,13.0,True,2942.0,238.2933865995794,20,5000.0,7,42,14,1.0,0.0,39715.56443326324,39715.56443326324,39715.56443326324,39715.56443326324,39715.56443326324,39715.56443326324,49644.455541579046,33096.30369438603,1886202.0,33096.30369438603,49644.455541579046,1.7546531969739203,2.631979795460881,False,False,weekly_timing_eligible,2021_pre_omicron
Latvia,primary,11,2021-08-27,2021-12-03,weekly,True,True,2021-10-10,2021-10-24,-14.0,14.0,True,114439.0,3174.49266986196,20,5000.0,7,42,14,1.0,0.0,529082.11164366,529082.11164366,529082.11164366,529082.11164366,529082.11164366,529082.11164366,661352.6395545751,440901.75970305,1886202.0,440901.75970305,661352.6395545751,23.375108270643867,35.0626624059658,False,False,weekly_timing_eligible,2021_pre_omicron
Latvia,primary,12,2021-12-03,2022-01-05,weekly,True,True,2021-12-11,2021-11-24,17.0,17.0,False,25753.0,338.76185459752037,20,5000.0,7,42,14,1.0,0.0,338761.8545975204,169380.9272987602,112920.61819917345,282301.5454979337,423452.31824690045,56460.309099586724,423452.31824690045,282301.5454979337,1886202.0,56460.309099586724,423452.31824690045,2.9933331159434,22.4499983695755,False,False,weekly_timing_eligible,omicron_era
Latvia,primary,13,2022-01-05,2022-02-12,weekly,True,True,2022-01-25,2021-12-29,27.0,27.0,False,231513.0,388.476321612558,20,5000.0,7,42,14,1.0,0.0,388476.32161255804,194238.16080627902,129492.107204186,323730.268010465,485595.4020156975,64746.053602093,485595.4020156975,323730.268010465,1886202.0,64746.053602093,485595.4020156975,3.43261504346263,25.744612825969728,False,True,weekly_timing_eligible,omicron_era
Latvia,primary,14,2022-02-12,2022-03-24,weekly,True,True,2022-02-26,2022-02-11,15.0,15.0,False,284029.0,292.7486442091591,20,5000.0,7,42,14,1.0,0.0,292748.64420915913,146374.32210457957,97582.88140305303,243957.20350763263,365935.8052614489,48791.44070152652,365935.8052614489,243957.20350763263,1886202.0,48791.44070152652,365935.8052614489,2.5867558565586566,19.40066892418993,False,True,weekly_timing_eligible,omicron_era
Latvia,primary,15,2022-03-24,2022-04-25,weekly,True,True,2022-04-09,2022-04-25,-16.0,16.0,True,36608.0,64.9290087183695,20,5000.0,7,42,14,1.0,0.0,64929.0087183695,32464.50435918475,21643.002906123165,54107.507265307926,81161.26089796187,10821.501453061583,81161.26089796187,54107.507265307926,1886202.0,10821.501453061583,81161.26089796187,0.5737191166726354,4.302893375044765,False,True,weekly_timing_eligible,omicron_era
Latvia,primary,16,2022-04-25,2022-06-26,weekly,True,True,2022-06-07,2022-05-25,13.0,13.0,True,15568.0,213.3319128216169,20,5000.0,7,42,14,1.0,0.0,213331.9128216169,106665.95641080845,71110.63760720563,177776.5940180141,266664.8910270211,35555.318803602815,266664.8910270211,177776.5940180141,1886202.0,35555.318803602815,266664.8910270211,1.885021795311574,14.137663464836805,False,False,weekly_timing_eligible,omicron_era
Latvia,primary,17,2022-06-26,2022-08-10,weekly,True,True,2022-07-24,2022-08-08,-15.0,15.0,True,44818.0,193.155138849397,20,5000.0,7,42,14,1.0,0.0,193155.138849397,96577.5694246985,64385.04628313233,160962.61570783085,241443.92356174623,32192.523141566166,241443.92356174623,160962.61570783085,1886202.0,32192.523141566166,241443.92356174623,1.7067378330404785,12.800533747803588,False,True,weekly_timing_eligible,omicron_era
Latvia,primary,18,2022-08-10,2022-10-15,weekly,True,True,2022-09-17,2022-09-25,-8.0,8.0,True,67102.0,341.3390669374922,20,5000.0,7,42,14,1.0,0.0,341339.06693749217,170669.53346874609,113779.68897916406,284449.2224479102,426673.8336718652,56889.84448958203,426673.8336718652,284449.2224479102,1886202.0,56889.84448958203,426673.8336718652,3.016105618039957,22.620792135299677,False,True,weekly_timing_eligible,omicron_era
Latvia,primary,19,2022-10-15,2022-11-11,weekly,True,False,2022-11-02,,,,False,13857.0,134.29450302342337,20,5000.0,7,42,14,1.0,0.0,134294.50302342337,67147.25151171169,44764.834341141126,111912.08585285282,167868.1287792792,22382.417170570563,167868.1287792792,111912.08585285282,1886202.0,22382.417170570563,167868.1287792792,1.1866394569919108,8.899795927439332,False,False,weekly_timing_eligible,omicron_era
Latvia,primary,20,2022-11-11,2022-12-31,weekly,True,True,2022-12-08,2022-12-02,6.0,6.0,True,17438.0,785.6728856264842,20,5000.0,7,42,14,1.0,0.0,785672.8856264842,392836.4428132421,261890.96187549474,654727.4046887369,982091.1070331052,130945.48093774737,982091.1070331052,654727.4046887369,1886202.0,130945.48093774737,982091.1070331052,6.942283007745055,52.0671225580879,False,False,weekly_timing_eligible,omicron_era
Lebanon,primary,1,2020-06-01,2021-05-21,monthly,False,False,2021-02-14,,,,False,536667.0,10038.757621398216,20,5000.0,7,42,14,1.0,0.0,1673126.270233036,1673126.270233036,1673126.270233036,1673126.270233036,1673126.270233036,1673126.270233036,2091407.837791295,1394271.8918608634,6825442.0,1394271.8918608634,2091407.837791295,20.42756926014262,30.641353890213924,False,False,monthly_descriptive_only,2021_pre_omicron
Lebanon,primary,2,2021-05-21,2021-09-28,monthly,False,False,2021-08-14,,,,False,85546.0,1405.2680074902537,20,5000.0,7,42,14,1.0,0.0,234211.33458170894,234211.33458170894,234211.33458170894,234211.33458170894,234211.33458170894,234211.33458170894,292764.1682271362,195176.11215142414,6825442.0,195176.11215142414,292764.1682271362,2.859538065834039,4.289307098751058,False,False,monthly_descriptive_only,2021_pre_omicron
Lebanon,primary,3,2021-09-28,2021-11-26,monthly,False,False,2021-11-22,,,,False,42813.0,1098.3998365676946,20,5000.0,7,42,14,1.0,0.0,183066.6394279491,183066.6394279491,183066.6394279491,183066.6394279491,183066.6394279491,183066.6394279491,228833.2992849364,152555.53285662425,6825442.0,152555.53285662425,228833.2992849364,2.235101153253141,3.352651729879712,False,False,monthly_descriptive_only,2021_pre_omicron
Liechtenstein,primary,1,2020-03-02,2020-06-19,monthly,False,False,2020-04-11,,,,False,83.0,4.108501857840734,20,5000.0,7,42,14,1.0,0.0,391.28589122292703,391.28589122292703,391.28589122292703,489.1073640286588,326.07157601910586,684.7503096401223,489.1073640286588,326.07157601910586,38137.0,326.07157601910586,684.7503096401223,0.8550005926504598,1.7955012445659655,False,False,monthly_descriptive_only,2020
Liechtenstein,primary,2,2020-06-19,2020-09-26,monthly,False,False,2020-08-25,,,,False,40.0,10.631438925513775,20,5000.0,7,42,14,1.0,0.0,1012.5179929060738,1012.5179929060738,1012.5179929060738,1265.6474911325924,843.7649940883948,1771.906487585629,1265.6474911325924,843.7649940883948,38137.0,843.7649940883948,1771.906487585629,2.2124577027254233,4.646161175723389,False,False,monthly_descriptive_only,2020
Liechtenstein,primary,3,2020-09-26,2021-01-07,monthly,False,False,2020-11-21,,,,False,2254.0,53.44781142795699,20,5000.0,7,42,14,1.0,0.0,5090.267755043523,5090.267755043523,5090.267755043523,6362.834693804404,4241.8897958696025,8907.968571326166,6362.834693804404,4241.8897958696025,38137.0,4241.8897958696025,8907.968571326166,11.122767380416924,23.35781149887554,False,False,monthly_descriptive_only,2020
Liechtenstein,primary,4,2021-01-07,2021-02-21,monthly,False,False,2021-01-16,,,,False,258.0,2.809000559560605,20,5000.0,7,42,14,1.0,0.0,468.1667599267675,468.1667599267675,468.1667599267675,468.1667599267675,468.1667599267675,468.1667599267675,585.2084499084594,390.1389666056396,38137.0,390.1389666056396,585.2084499084594,1.022993330900804,1.534489996351206,False,False,monthly_descriptive_only,2021_pre_omicron
Liechtenstein,primary,5,2021-02-21,2021-05-25,monthly,False,False,2021-04-07,,,,False,472.0,12.737143359473606,20,5000.0,7,42,14,1.0,0.0,2122.8572265789344,2122.8572265789344,2122.8572265789344,2122.8572265789344,2122.8572265789344,2122.8572265789344,2653.571533223668,1769.0476888157787,38137.0,1769.0476888157787,2653.571533223668,4.638665046584101,6.957997569876152,False,False,monthly_descriptive_only,2021_pre_omicron
Liechtenstein,primary,6,2021-05-25,2021-08-29,monthly,False,False,2021-06-30,,,,False,288.0,3.2432429446367053,20,5000.0,7,42,14,1.0,0.0,540.5404907727842,540.5404907727842,540.5404907727842,540.5404907727842,540.5404907727842,540.5404907727842,675.6756134659803,450.4504089773202,38137.0,450.4504089773202,675.6756134659803,1.181137501579359,1.7717062523690386,False,False,monthly_descriptive_only,2021_pre_omicron
Liechtenstein,primary,7,2021-08-29,2022-03-20,monthly,False,False,2022-01-07,,,,False,11936.0,27.679906535042733,20,5000.0,7,42,14,1.0,0.0,27679.906535042734,13839.953267521367,9226.63551168091,23066.58877920228,34599.88316880341,4613.317755840455,34599.88316880341,23066.58877920228,38137.0,4613.317755840455,34599.88316880341,12.09669810378492,90.7252357783869,False,True,monthly_descriptive_only,omicron_era
Liechtenstein,primary,8,2022-05-16,2022-07-29,monthly,False,False,2022-06-22,,,,False,1331.0,5.668631695303388,20,5000.0,7,42,14,1.0,0.0,5668.6316953033875,2834.3158476516937,1889.5438984344626,4723.8597460861565,7085.789619129234,944.7719492172313,7085.789619129234,4723.8597460861565,38137.0,944.7719492172313,7085.789619129234,2.4773106149336113,18.579829612002083,False,True,monthly_descriptive_only,omicron_era
Liechtenstein,primary,9,2022-07-29,2022-09-28,monthly,False,False,2022-08-27,,,,False,1027.0,1.0190463648651762,20,5000.0,7,42,14,1.0,0.0,1019.0463648651762,509.5231824325881,339.6821216217254,849.2053040543136,1273.8079560814701,169.8410608108627,1273.8079560814701,849.2053040543136,38137.0,169.8410608108627,1273.8079560814701,0.445344575637472,3.3400843172810397,False,True,monthly_descriptive_only,omicron_era
Liechtenstein,primary,10,2022-09-28,2022-11-24,monthly,False,False,2022-11-01,,,,False,1247.0,1.6411226446225198,20,5000.0,7,42,14,1.0,0.0,1641.1226446225198,820.5613223112599,547.0408815408399,1367.6022038521,2051.40330577815,273.52044077041995,2051.40330577815,1367.6022038521,38137.0,273.52044077041995,2051.40330577815,0.7172049211275663,5.379036908456747,False,True,monthly_descriptive_only,omicron_era
Lithuania,primary,1,2020-03-17,2020-04-27,weekly,True,True,2020-04-03,2020-04-03,0.0,0.0,True,1261.0,35.57858244964774,20,5000.0,7,42,14,1.0,0.0,3388.436423775975,3388.436423775975,3388.436423775975,4235.54552971997,2823.6970198133126,5929.763741607957,4235.54552971997,2823.6970198133126,2722291.0,2823.6970198133126,5929.763741607957,0.10372502498128645,0.21782255246070156,False,False,weekly_timing_eligible,2020
Lithuania,primary,2,2020-04-27,2020-06-16,weekly,True,True,2020-05-27,2020-05-12,15.0,15.0,True,461.0,237.66595623162695,20,5000.0,7,42,14,1.0,0.0,22634.85297444066,22634.85297444066,22634.85297444066,28293.56621805083,18862.377478700553,39610.99270527116,28293.56621805083,18862.377478700553,2722291.0,18862.377478700553,39610.99270527116,0.6928861565020255,1.4550609286542533,False,False,weekly_timing_eligible,2020
Lithuania,primary,3,2020-06-16,2020-07-13,weekly,True,True,2020-06-29,2020-06-11,18.0,18.0,False,100.0,95.10594290545684,20,5000.0,7,42,14,1.0,0.0,9057.708848138745,9057.708848138745,9057.708848138745,11322.136060173434,7548.090706782289,15850.990484242806,11322.136060173434,7548.090706782289,2722291.0,7548.090706782289,15850.990484242806,0.2772697961673564,0.5822665719514484,False,False,weekly_timing_eligible,2020
Lithuania,primary,4,2020-07-13,2020-08-12,weekly,True,True,2020-07-29,2020-07-17,12.0,12.0,True,463.0,170.4312552862265,20,5000.0,7,42,14,1.0,0.0,16231.548122497761,16231.548122497761,16231.548122497761,20289.435153122206,13526.290102081468,28405.209214371083,20289.435153122206,13526.290102081468,2722291.0,13526.290102081468,28405.209214371083,0.49687157258652614,1.0434303024317049,False,False,weekly_timing_eligible,2020
Lithuania,primary,5,2020-09-12,2021-02-06,weekly,True,True,2020-11-30,2020-11-11,19.0,19.0,True,184981.0,5063.714087863937,20,5000.0,7,42,14,1.0,0.0,482258.48455847014,482258.48455847014,482258.48455847014,602823.1056980877,401882.0704653918,843952.3479773228,602823.1056980877,401882.0704653918,2722291.0,401882.0704653918,843952.3479773228,14.76264185075702,31.001547886589744,False,False,weekly_timing_eligible,2020
Lithuania,primary,6,2021-02-06,2021-03-06,weekly,True,True,2021-02-21,2021-02-24,-3.0,3.0,True,14260.0,71.03538259255728,20,5000.0,7,42,14,1.0,0.0,11839.23043209288,11839.23043209288,11839.23043209288,11839.23043209288,11839.23043209288,11839.23043209288,14799.038040116102,9866.025360077401,2722291.0,9866.025360077401,14799.038040116102,0.36241626483272366,0.5436243972490855,False,True,weekly_timing_eligible,2021_pre_omicron
Lithuania,primary,7,2021-04-02,2021-05-10,weekly,True,True,2021-04-20,2021-04-30,-10.0,10.0,True,41873.0,496.0586177503939,20,5000.0,7,42,14,1.0,0.0,82676.43629173232,82676.43629173232,82676.43629173232,82676.43629173232,82676.43629173232,82676.43629173232,103345.5453646654,68897.03024311028,2722291.0,68897.03024311028,103345.5453646654,2.530847372419417,3.7962710586291255,False,False,weekly_timing_eligible,2021_pre_omicron
Lithuania,primary,8,2021-06-12,2021-07-10,weekly,True,True,2021-06-23,2021-06-29,-6.0,6.0,True,1773.0,303.52907425265516,20,5000.0,7,42,14,1.0,0.0,50588.179042109194,50588.179042109194,50588.179042109194,50588.179042109194,50588.179042109194,50588.179042109194,63235.2238026365,42156.81586842433,2722291.0,42156.81586842433,63235.2238026365,1.5485786004664577,2.3228679006996864,False,False,weekly_timing_eligible,2021_pre_omicron
Lithuania,primary,9,2021-07-10,2021-08-09,weekly,True,False,2021-08-01,,,,False,7387.0,294.6546465565268,20,5000.0,7,42,14,1.0,0.0,49109.10775942113,49109.10775942113,49109.10775942113,49109.10775942113,49109.10775942113,49109.10775942113,61386.38469927642,40924.256466184284,2722291.0,40924.256466184284,61386.38469927642,1.5033020520651277,2.2549530780976914,False,False,weekly_timing_eligible,2021_pre_omicron
Lithuania,primary,10,2021-09-10,2021-11-15,weekly,True,True,2021-10-02,2021-10-29,-27.0,27.0,True,140668.0,2701.485711544724,20,5000.0,7,42,14,1.0,0.0,450247.6185907873,450247.6185907873,450247.6185907873,450247.6185907873,450247.6185907873,450247.6185907873,562809.5232384842,375206.3488256561,2722291.0,375206.3488256561,562809.5232384842,13.782742139824732,20.6741132097371,False,False,weekly_timing_eligible,2021_pre_omicron
Lithuania,primary,11,2021-11-15,2022-01-09,weekly,True,True,2021-11-30,2021-12-05,-5.0,5.0,True,103194.0,1145.5506905953316,20,5000.0,7,42,14,1.0,0.0,190925.11509922193,190925.11509922193,190925.11509922193,190925.11509922193,190925.11509922193,190925.11509922193,238656.39387402745,159104.26258268495,2722291.0,159104.26258268495,238656.39387402745,5.844498717539196,8.766748076308794,False,False,weekly_timing_eligible,2021_pre_omicron
Lithuania,primary,12,2022-01-09,2022-02-11,weekly,True,True,2022-01-26,2022-02-02,-7.0,7.0,True,296728.0,298.3958977811131,20,5000.0,7,42,14,1.0,0.0,298395.8977811131,149197.94889055655,99465.29926037103,248663.2481509276,372994.87222639134,49732.649630185515,372994.87222639134,248663.2481509276,2722291.0,49732.649630185515,372994.87222639134,1.8268675035176443,13.701506276382332,False,True,weekly_timing_eligible,omicron_era
Lithuania,primary,13,2022-02-11,2022-03-20,weekly,True,True,2022-03-01,2022-03-08,-7.0,7.0,True,240879.0,286.61660546723766,20,5000.0,7,42,14,1.0,0.0,286616.60546723765,143308.30273361882,95538.86848907922,238847.17122269806,358270.75683404703,47769.43424453961,358270.75683404703,238847.17122269806,2722291.0,47769.43424453961,358270.75683404703,1.7547512093504922,13.160634070128692,False,True,weekly_timing_eligible,omicron_era
Lithuania,primary,14,2022-03-20,2022-05-05,weekly,True,True,2022-04-03,2022-04-23,-20.0,20.0,True,82475.0,162.39567280686242,20,5000.0,7,42,14,1.0,0.0,162395.67280686242,81197.83640343121,54131.89093562081,135329.72733905204,202994.59100857802,27065.945467810405,202994.59100857802,135329.72733905204,2722291.0,27065.945467810405,202994.59100857802,0.9942341016375693,7.4567557622817695,False,True,weekly_timing_eligible,omicron_era
Lithuania,primary,15,2022-05-05,2022-06-28,weekly,True,True,2022-06-08,2022-05-26,13.0,13.0,True,9648.0,216.07843576681998,20,5000.0,7,42,14,1.0,0.0,216078.43576681998,108039.21788340999,72026.14525560667,180065.36313901667,270098.04470852495,36013.07262780333,270098.04470852495,180065.36313901667,2722291.0,36013.07262780333,270098.04470852495,1.3228957752056387,9.921718314042288,False,False,weekly_timing_eligible,omicron_era
Lithuania,primary,16,2022-06-28,2022-08-15,weekly,True,True,2022-07-31,2022-08-20,-20.0,20.0,False,41043.0,301.6927210294958,20,5000.0,7,42,14,1.0,0.0,301692.72102949576,150846.36051474788,100564.24034316525,251410.60085791317,377115.9012868697,50282.120171582625,377115.9012868697,251410.60085791317,2722291.0,50282.120171582625,377115.9012868697,1.8470516256925738,13.852887192694304,False,False,weekly_timing_eligible,omicron_era
Lithuania,primary,17,2022-08-15,2022-10-15,weekly,True,True,2022-09-14,2022-09-22,-8.0,8.0,True,60958.0,448.87815374222043,20,5000.0,7,42,14,1.0,0.0,448878.1537422204,224439.0768711102,149626.0512474068,374065.12811851705,561097.6921777755,74813.0256237034,561097.6921777755,374065.12811851705,2722291.0,74813.0256237034,561097.6921777755,2.7481641611313194,20.611231208484895,False,False,weekly_timing_eligible,omicron_era
Lithuania,primary,18,2022-10-15,2022-12-31,weekly,True,True,2022-12-05,2022-12-03,2.0,2.0,True,27565.0,940.7896514941793,20,5000.0,7,42,14,1.0,0.0,940789.6514941793,470394.82574708964,313596.5504980598,783991.3762451495,1175987.0643677241,156798.2752490299,1175987.0643677241,783991.3762451495,2722291.0,156798.2752490299,1175987.0643677241,5.759791118915277,43.198433391864576,False,False,weekly_timing_eligible,omicron_era
Luxembourg,primary,1,2020-02-01,2020-04-07,weekly,True,True,2020-03-19,2020-03-25,-6.0,6.0,True,2970.0,99.38981425211111,20,5000.0,7,42,14,1.0,0.0,9465.696595439153,9465.696595439153,9465.696595439153,11832.120744298942,7888.080496199294,16564.969042018518,11832.120744298942,7888.080496199294,625976.0,7888.080496199294,16564.969042018518,1.2601250680855647,2.6462626429796856,False,False,weekly_timing_eligible,2020
Luxembourg,primary,2,2020-04-07,2020-05-18,weekly,True,True,2020-04-20,2020-04-27,-7.0,7.0,True,1104.0,31.150081921881657,20,5000.0,7,42,14,1.0,0.0,2966.674468750634,2966.674468750634,2966.674468750634,3708.343085938293,2472.228723958862,5191.68032031361,3708.343085938293,2472.228723958862,625976.0,2472.228723958862,5191.68032031361,0.39493985775155305,0.8293737012782614,False,False,weekly_timing_eligible,2020
Luxembourg,primary,3,2020-05-18,2020-06-19,weekly,True,True,2020-05-30,2020-06-18,-19.0,19.0,True,154.0,6.630659194180085,20,5000.0,7,42,14,1.0,0.0,631.4913518266748,631.4913518266748,631.4913518266748,789.3641897833435,526.2427931888956,1105.1098656966808,789.3641897833435,526.2427931888956,625976.0,526.2427931888956,1105.1098656966808,0.08406756699759985,0.17654189069495968,False,False,weekly_timing_eligible,2020
Luxembourg,primary,4,2020-06-19,2020-08-08,weekly,True,True,2020-07-20,2020-07-19,1.0,1.0,True,3078.0,60.40877801151785,20,5000.0,7,42,14,1.0,0.0,5753.2169534778905,5753.2169534778905,5753.2169534778905,7191.521191847364,4794.347461231576,10068.129668586309,7191.521191847364,4794.347461231576,625976.0,4794.347461231576,10068.129668586309,0.7658995650362914,1.608389086576212,False,False,weekly_timing_eligible,2020
Luxembourg,primary,5,2020-08-08,2020-09-14,weekly,True,True,2020-08-26,2020-08-23,3.0,3.0,True,1479.0,22.10241121720362,20,5000.0,7,42,14,1.0,0.0,2104.9915444955827,2104.9915444955827,2104.9915444955827,2631.2394306194788,1754.1596204129858,3683.73520286727,2631.2394306194788,1754.1596204129858,625976.0,1754.1596204129858,3683.73520286727,0.28022793532227847,0.5884786641767847,False,False,weekly_timing_eligible,2020
Luxembourg,primary,6,2020-09-14,2020-12-27,weekly,True,True,2020-11-04,2020-11-15,-11.0,11.0,True,38050.0,364.8960798690723,20,5000.0,7,42,14,1.0,0.0,34752.007606578314,34752.007606578314,34752.007606578314,43440.009508222895,28960.006338815263,60816.01331151205,43440.009508222895,28960.006338815263,625976.0,28960.006338815263,60816.01331151205,4.62637646472313,9.715390575918574,False,True,weekly_timing_eligible,2020
Luxembourg,primary,7,2020-12-27,2021-01-28,weekly,True,True,2021-01-07,2021-01-06,1.0,1.0,True,5019.0,18.450815452729618,20,5000.0,7,42,14,1.0,0.0,3075.1359087882697,3075.1359087882697,3075.1359087882697,3075.1359087882697,3075.1359087882697,3075.1359087882697,3843.9198859853373,2562.613257323558,625976.0,2562.613257323558,3843.9198859853373,0.4093788351827479,0.6140682527741219,False,True,weekly_timing_eligible,2021_pre_omicron
Luxembourg,primary,8,2021-01-28,2021-03-13,weekly,True,True,2021-02-24,2021-02-21,3.0,3.0,True,7414.0,41.77105114972223,20,5000.0,7,42,14,1.0,0.0,6961.841858287039,6961.841858287039,6961.841858287039,6961.841858287039,6961.841858287039,6961.841858287039,8702.302322858799,5801.534881905865,625976.0,5801.534881905865,8702.302322858799,0.9267982928907603,1.3901974393361405,False,True,weekly_timing_eligible,2021_pre_omicron
Luxembourg,primary,9,2021-03-13,2021-04-24,weekly,True,True,2021-04-09,2021-04-09,0.0,0.0,True,8504.0,31.849173958793006,20,5000.0,7,42,14,1.0,0.0,5308.195659798835,5308.195659798835,5308.195659798835,5308.195659798835,5308.195659798835,5308.195659798835,6635.2445747485435,4423.496383165695,625976.0,4423.496383165695,6635.2445747485435,0.7066559074414507,1.0599838611621761,False,True,weekly_timing_eligible,2021_pre_omicron
Luxembourg,primary,10,2021-05-10,2021-07-16,weekly,True,True,2021-06-11,2021-07-05,-24.0,24.0,True,4606.0,41.10978277659821,20,5000.0,7,42,14,1.0,0.0,6851.630462766368,6851.630462766368,6851.630462766368,6851.630462766368,6851.630462766368,6851.630462766368,8564.538078457961,5709.692052305307,625976.0,5709.692052305307,8564.538078457961,0.912126351857788,1.368189527786682,False,False,weekly_timing_eligible,2021_pre_omicron
Luxembourg,primary,11,2021-07-16,2021-08-30,weekly,True,True,2021-08-16,2021-09-04,-19.0,19.0,False,3040.0,25.182794233938342,20,5000.0,7,42,14,1.0,0.0,4197.132372323057,4197.132372323057,4197.132372323057,4197.132372323057,4197.132372323057,4197.132372323057,5246.415465403822,3497.610310269214,625976.0,3497.610310269214,5246.415465403822,0.5587451132741853,0.8381176699112781,False,False,weekly_timing_eligible,2021_pre_omicron
Luxembourg,primary,12,2021-09-24,2021-10-28,weekly,True,True,2021-10-11,2021-10-04,7.0,7.0,True,3813.0,77.09894240665116,20,5000.0,7,42,14,1.0,0.0,12849.82373444186,12849.82373444186,12849.82373444186,12849.82373444186,12849.82373444186,12849.82373444186,16062.279668052326,10708.186445368217,625976.0,10708.186445368217,16062.279668052326,1.7106384981801566,2.565957747270235,False,False,weekly_timing_eligible,2021_pre_omicron
Luxembourg,primary,13,2021-11-24,2022-01-07,weekly,True,True,2021-12-08,2021-12-22,-14.0,14.0,True,25407.0,79.67265191819592,20,5000.0,7,42,14,1.0,0.0,79672.65191819593,39836.325959097965,26557.55063939864,66393.87659849662,99590.8148977449,13278.77531969932,99590.8148977449,66393.87659849662,625976.0,13278.77531969932,99590.8148977449,2.121291442435384,15.90968581826538,False,True,weekly_timing_eligible,omicron_era
Luxembourg,primary,14,2022-01-07,2022-02-22,weekly,True,True,2022-02-04,2022-01-23,12.0,12.0,True,69007.0,20.718699828879902,20,5000.0,7,42,14,1.0,0.0,20718.6998288799,10359.34991443995,6906.233276293301,17265.583190733254,25898.374786099877,3453.1166381466505,25898.374786099877,17265.583190733254,625976.0,3453.1166381466505,25898.374786099877,0.5516372254122603,4.1372791905919515,False,True,weekly_timing_eligible,omicron_era
Luxembourg,primary,15,2022-02-22,2022-05-02,weekly,True,True,2022-04-02,2022-03-27,6.0,6.0,True,60410.0,75.89101044756408,20,5000.0,7,42,14,1.0,0.0,75891.01044756408,37945.50522378204,25297.003482521362,63242.50870630341,94863.7630594551,12648.501741260681,94863.7630594551,63242.50870630341,625976.0,12648.501741260681,94863.7630594551,2.0206049019867667,15.154536764900747,False,True,weekly_timing_eligible,omicron_era
Luxembourg,primary,16,2022-05-02,2022-06-10,weekly,True,True,2022-05-17,2022-05-05,12.0,12.0,True,14017.0,31.278187874568836,20,5000.0,7,42,14,1.0,0.0,31278.187874568834,15639.093937284417,10426.062624856278,26065.1565621407,39097.734843211045,5213.031312428139,39097.734843211045,26065.1565621407,625976.0,5213.031312428139,39097.734843211045,0.8327845336607377,6.245884002455532,False,True,weekly_timing_eligible,omicron_era
Luxembourg,primary,17,2022-06-10,2022-08-12,weekly,True,True,2022-07-10,2022-07-01,9.0,9.0,True,33058.0,73.53442111604105,20,5000.0,7,42,14,1.0,0.0,73534.42111604105,36767.210558020524,24511.473705347016,61278.68426336754,91918.0263950513,12255.736852673508,91918.0263950513,61278.68426336754,625976.0,12255.736852673508,91918.0263950513,1.9578605014686679,14.683953761015008,False,True,weekly_timing_eligible,omicron_era
Luxembourg,primary,18,2022-09-09,2022-10-19,weekly,True,True,2022-09-27,2022-10-03,-6.0,6.0,True,10364.0,35.21330110456849,20,5000.0,7,42,14,1.0,0.0,35213.30110456848,17606.65055228424,11737.767034856162,29344.417587140408,44016.62638071061,5868.883517428081,44016.62638071061,29344.417587140408,625976.0,5868.883517428081,44016.62638071061,0.9375572733504289,7.031679550128217,False,True,weekly_timing_eligible,omicron_era
Luxembourg,primary,19,2022-10-19,2022-11-25,weekly,True,True,2022-11-10,2022-11-16,-6.0,6.0,True,7492.0,35.232423110501166,20,5000.0,7,42,14,1.0,0.0,35232.423110501164,17616.211555250582,11744.141036833722,29360.35259208431,44040.52888812646,5872.070518416861,44040.52888812646,29360.35259208431,625976.0,5872.070518416861,44040.52888812646,0.9380663984588644,7.035497988441482,False,True,weekly_timing_eligible,omicron_era
Luxembourg,primary,20,2022-11-25,2022-12-31,weekly,True,True,2022-12-14,2022-12-21,-7.0,7.0,True,5817.0,102.71723205847536,20,5000.0,7,42,14,1.0,0.0,102717.23205847536,51358.61602923768,34239.07735282512,85597.6933820628,128396.54007309419,17119.53867641256,128396.54007309419,85597.6933820628,625976.0,17119.53867641256,128396.54007309419,2.7348554379740695,20.511415784805518,False,False,weekly_timing_eligible,omicron_era
Malaysia,primary,1,2020-11-02,2021-03-10,monthly,False,False,2021-01-02,,,,False,285212.0,3924.612149482319,20,5000.0,7,42,14,1.0,0.0,654102.0249137199,654102.0249137199,654102.0249137199,654102.0249137199,654102.0249137199,654102.0249137199,817627.5311421499,545085.0207614333,32365998.0,545085.0207614333,817627.5311421499,1.6841285745659174,2.526192861848876,False,False,monthly_descriptive_only,2021_pre_omicron
Malaysia,primary,2,2021-03-10,2021-05-17,monthly,False,False,2021-04-30,,,,False,158287.0,5950.861205977551,20,5000.0,7,42,14,1.0,0.0,991810.2009962585,991810.2009962585,991810.2009962585,991810.2009962585,991810.2009962585,991810.2009962585,1239762.7512453233,826508.5008302155,32365998.0,826508.5008302155,1239762.7512453233,2.5536320580326786,3.8304480870490174,False,False,monthly_descriptive_only,2021_pre_omicron
Malaysia,primary,3,2021-05-17,2022-01-10,monthly,False,False,2021-07-23,,,,False,2318750.0,50801.325462233624,20,5000.0,7,42,14,1.0,0.0,8466887.577038936,8466887.577038936,8466887.577038936,8466887.577038936,8466887.577038936,8466887.577038936,10583609.471298672,7055739.647532448,32365998.0,7055739.647532448,10583609.471298672,21.799851954302316,32.69977793145347,False,False,monthly_descriptive_only,2021_pre_omicron
Malaysia,primary,4,2022-01-10,2022-04-07,monthly,False,False,2022-02-24,,,,False,1506366.0,12714.881682706313,20,5000.0,7,42,14,1.0,0.0,12714881.682706313,6357440.841353157,4238293.894235438,10595734.735588595,15893602.103382891,2119146.947117719,15893602.103382891,10595734.735588595,32365998.0,2119146.947117719,15893602.103382891,6.547448180395113,49.105861352963345,False,False,monthly_descriptive_only,omicron_era
Malaysia,primary,5,2022-04-07,2022-05-19,monthly,False,False,2022-04-28,,,,False,204828.0,3797.577807329471,20,5000.0,7,42,14,1.0,0.0,3797577.8073294708,1898788.9036647354,1265859.2691098235,3164648.1727745594,4746972.259161838,632929.6345549118,4746972.259161838,3164648.1727745594,32365998.0,632929.6345549118,4746972.259161838,1.9555387556871002,14.666540667653253,False,False,monthly_descriptive_only,omicron_era
Malaysia,primary,6,2022-05-19,2022-08-01,monthly,False,False,2022-06-25,,,,False,199971.0,8717.340284991542,20,5000.0,7,42,14,1.0,0.0,8717340.284991542,4358670.142495771,2905780.0949971806,7264450.2374929525,10896675.356239427,1452890.0474985903,10896675.356239427,7264450.2374929525,32365998.0,1452890.0474985903,10896675.356239427,4.488939434212998,33.66704575659748,False,False,monthly_descriptive_only,omicron_era
Malaysia,primary,7,2022-08-01,2022-09-29,monthly,False,False,2022-08-30,,,,False,158819.0,5729.456110155944,20,5000.0,7,42,14,1.0,0.0,5729456.110155944,2864728.055077972,1909818.7033853147,4774546.758463287,7161820.13769493,954909.3516926573,7161820.13769493,4774546.758463287,32365998.0,954909.3516926573,7161820.13769493,2.9503473110659444,22.12760483299458,False,False,monthly_descriptive_only,omicron_era
Malaysia,primary,8,2022-09-29,2022-12-31,monthly,False,False,2022-10-30,,,,False,189780.0,8661.541948827813,20,5000.0,7,42,14,1.0,0.0,8661541.948827812,4330770.974413906,2887180.649609271,7217951.624023179,10826927.436034765,1443590.3248046355,10826927.436034765,7217951.624023179,32365998.0,1443590.3248046355,10826927.436034765,4.460206432703343,33.45154824527507,False,False,monthly_descriptive_only,omicron_era
Maldives,primary,1,2020-05-26,2020-09-24,monthly,False,False,2020-07-25,,,,False,8544.0,85.19575077247781,20,5000.0,7,42,14,1.0,0.0,8113.881025950267,8113.881025950267,8113.881025950267,10142.351282437836,6761.567521625223,14199.291795412968,10142.351282437836,6761.567521625223,540542.0,6761.567521625223,14199.291795412968,1.2508866141068082,2.6268618896242972,False,True,monthly_descriptive_only,2020
Maldives,primary,2,2020-09-24,2020-12-18,monthly,False,False,2020-10-26,,,,False,3559.0,25.46771753639745,20,5000.0,7,42,14,1.0,0.0,2425.4969082283287,2425.4969082283287,2425.4969082283287,3031.871135285411,2021.2474235236073,4244.6195893995755,3031.871135285411,2021.2474235236073,540542.0,2021.2474235236073,4244.6195893995755,0.3739297637415052,0.785252503857161,False,True,monthly_descriptive_only,2020
Maldives,primary,3,2021-02-21,2021-07-15,monthly,False,False,2021-05-12,,,,False,57010.0,225.6178441614409,20,5000.0,7,42,14,1.0,0.0,37602.97402690681,37602.97402690681,37602.97402690681,37602.97402690681,37602.97402690681,37602.97402690681,47003.71753363353,31335.811689089016,540542.0,31335.811689089016,47003.71753363353,5.79710951028579,8.695664265428686,False,True,monthly_descriptive_only,2021_pre_omicron
Maldives,primary,4,2021-07-15,2021-11-16,monthly,False,False,2021-09-26,,,,False,14712.0,118.57220530613247,20,5000.0,7,42,14,1.0,0.0,19762.034217688746,19762.034217688746,19762.034217688746,19762.034217688746,19762.034217688746,19762.034217688746,24702.542772110934,16468.361848073957,540542.0,16468.361848073957,24702.542772110934,3.046638715969149,4.569958073953723,False,False,monthly_descriptive_only,2021_pre_omicron
Maldives,primary,5,2021-11-16,2022-03-02,monthly,False,False,2022-01-17,,,,False,81115.0,90.21293721198649,20,5000.0,7,42,14,1.0,0.0,90212.93721198649,45106.46860599324,30070.97907066216,75177.44767665541,112766.1715149831,15035.48953533108,112766.1715149831,75177.44767665541,540542.0,15035.48953533108,112766.1715149831,2.781558053829505,20.861685403721285,False,True,monthly_descriptive_only,omicron_era
Maldives,primary,6,2022-04-23,2022-09-19,monthly,False,False,2022-07-24,,,,False,6121.0,152.1229045962265,20,5000.0,7,42,14,1.0,0.0,152122.9045962265,76061.45229811325,50707.634865408836,126769.0871635221,190153.63074528312,25353.817432704418,190153.63074528312,126769.0871635221,540542.0,25353.817432704418,190153.63074528312,4.690443560852703,35.178326706395275,False,False,monthly_descriptive_only,omicron_era
Maldives,primary,7,2022-09-19,2022-12-31,monthly,False,False,2022-11-11,,,,False,712.0,102.84488570057971,20,5000.0,7,42,14,1.0,0.0,102844.8857005797,51422.44285028985,34281.6285668599,85704.07141714977,128556.10712572464,17140.81428342995,128556.10712572464,85704.07141714977,540542.0,17140.81428342995,128556.10712572464,3.171042080620923,23.782815604656925,False,False,monthly_descriptive_only,omicron_era
Malta,primary,1,2020-02-01,2020-03-13,weekly,True,False,2020-02-27,,,,False,12.0,58.97927794365353,20,5000.0,7,42,14,1.0,0.0,5617.074089871764,5617.074089871764,5617.074089871764,7021.342612339707,4680.8950748931375,9829.879657275587,7021.342612339707,4680.8950748931375,441539.0,4680.8950748931375,9829.879657275587,1.0601317380555595,2.226276649916675,False,False,weekly_timing_eligible,2020
Malta,primary,2,2020-04-08,2020-05-03,weekly,True,True,2020-04-18,2020-04-08,10.0,10.0,True,184.0,17.632835213755726,20,5000.0,7,42,14,1.0,0.0,1679.317639405307,1679.317639405307,1679.317639405307,2099.147049256634,1399.4313661710894,2938.8058689592876,2099.147049256634,1399.4313661710894,441539.0,1399.4313661710894,2938.8058689592876,0.31694399954955044,0.6655823990540559,False,False,weekly_timing_eligible,2020
Malta,primary,3,2020-05-30,2020-07-06,weekly,True,True,2020-06-20,2020-06-23,-3.0,3.0,True,56.0,26.31457067078131,20,5000.0,7,42,14,1.0,0.0,2506.149587693458,2506.149587693458,2506.149587693458,3132.686984616823,2088.4579897445483,4385.761778463552,3132.686984616823,2088.4579897445483,441539.0,2088.4579897445483,4385.761778463552,0.4729951351397155,0.9932897837934027,False,False,weekly_timing_eligible,2020
Malta,primary,4,2020-07-06,2020-08-20,weekly,True,True,2020-07-29,2020-08-15,-17.0,17.0,True,880.0,85.44164210373137,20,5000.0,7,42,14,1.0,0.0,8137.299247974415,8137.299247974415,8137.299247974415,10171.62405996802,6781.082706645347,14240.273683955227,10171.62405996802,6781.082706645347,441539.0,6781.082706645347,14240.273683955227,1.535783409086252,3.225145159081129,False,False,weekly_timing_eligible,2020
Malta,primary,5,2020-08-20,2020-09-26,weekly,True,True,2020-09-08,2020-09-16,-8.0,8.0,True,1488.0,75.17877818268965,20,5000.0,7,42,14,1.0,0.0,7159.883636446633,7159.883636446633,7159.883636446633,8949.854545558293,5966.569697038862,12529.796363781608,8949.854545558293,5966.569697038862,441539.0,5966.569697038862,12529.796363781608,1.35131204650979,2.837755297670559,False,False,weekly_timing_eligible,2020
Malta,primary,6,2020-09-26,2020-10-31,weekly,True,True,2020-10-17,2020-11-04,-18.0,18.0,False,3113.0,110.95855529059446,20,5000.0,7,42,14,1.0,0.0,10567.481456247091,10567.481456247091,10567.481456247091,13209.351820308866,8806.234546872576,18493.09254843241,13209.351820308866,8806.234546872576,441539.0,8806.234546872576,18493.09254843241,1.9944409320292378,4.1883259572614,False,False,weekly_timing_eligible,2020
Malta,primary,7,2020-10-31,2020-12-18,weekly,True,True,2020-11-23,2020-12-04,-11.0,11.0,True,5627.0,179.69817756221107,20,5000.0,7,42,14,1.0,0.0,17114.112148782006,17114.112148782006,17114.112148782006,21392.64018597751,14261.760123985006,29949.69626036851,21392.64018597751,14261.760123985006,441539.0,14261.760123985006,29949.69626036851,3.2300114200523637,6.783023982109962,False,False,weekly_timing_eligible,2020
Malta,primary,8,2020-12-18,2021-01-15,weekly,True,True,2021-01-02,2021-01-09,-7.0,7.0,True,3797.0,27.243732726579566,20,5000.0,7,42,14,1.0,0.0,4540.622121096594,4540.622121096594,4540.622121096594,4540.622121096594,4540.622121096594,4540.622121096594,5675.777651370743,3783.8517675804956,441539.0,3783.8517675804956,5675.777651370743,0.856968867434246,1.285453301151369,False,True,weekly_timing_eligible,2021_pre_omicron
Malta,primary,9,2021-01-15,2021-03-30,weekly,True,True,2021-02-14,2021-03-13,-27.0,27.0,True,13914.0,148.05961854170113,20,5000.0,7,42,14,1.0,0.0,24676.60309028352,24676.60309028352,24676.60309028352,24676.60309028352,24676.60309028352,24676.60309028352,30845.753862854403,20563.835908569603,441539.0,20563.835908569603,30845.753862854403,4.6573090731667195,6.985963609750079,False,False,weekly_timing_eligible,2021_pre_omicron
Malta,primary,10,2021-03-30,2021-05-19,weekly,True,True,2021-04-30,2021-04-14,16.0,16.0,True,1551.0,40.93271784314226,20,5000.0,7,42,14,1.0,0.0,6822.11964052371,6822.11964052371,6822.11964052371,6822.11964052371,6822.11964052371,6822.11964052371,8527.649550654638,5685.099700436424,441539.0,5685.099700436424,8527.649550654638,1.2875645640444955,1.9313468460667433,False,False,weekly_timing_eligible,2021_pre_omicron
Malta,primary,11,2021-05-19,2021-07-04,weekly,True,True,2021-06-13,2021-06-02,11.0,11.0,True,166.0,74.0882144613077,20,5000.0,7,42,14,1.0,0.0,12348.035743551283,12348.035743551283,12348.035743551283,12348.035743551283,12348.035743551283,12348.035743551283,15435.044679439106,10290.029786292736,441539.0,10290.029786292736,15435.044679439106,2.3304917088394763,3.4957375632592154,False,False,weekly_timing_eligible,2021_pre_omicron
Malta,primary,12,2021-07-04,2021-08-29,weekly,True,True,2021-07-21,2021-07-17,4.0,4.0,True,5449.0,137.1216888272981,20,5000.0,7,42,14,1.0,0.0,22853.614804549685,22853.614804549685,22853.614804549685,22853.614804549685,22853.614804549685,22853.614804549685,28567.018505687105,19044.679003791403,441539.0,19044.679003791403,28567.018505687105,4.313249566582205,6.469874349873308,False,False,weekly_timing_eligible,2021_pre_omicron
Malta,primary,13,2021-08-29,2021-09-24,weekly,True,True,2021-09-11,2021-08-16,26.0,26.0,False,1022.0,41.26864918521998,20,5000.0,7,42,14,1.0,0.0,6878.108197536663,6878.108197536663,6878.108197536663,6878.108197536663,6878.108197536663,6878.108197536663,8597.635246920829,5731.756831280552,441539.0,5731.756831280552,8597.635246920829,1.2981314971679856,1.9471972457519786,False,False,weekly_timing_eligible,2021_pre_omicron
Malta,primary,14,2021-11-16,2021-12-19,weekly,True,True,2021-12-02,2021-11-30,2.0,2.0,True,3598.0,83.49616505369241,20,5000.0,7,42,14,1.0,0.0,83496.16505369241,41748.08252684621,27832.05501789747,69580.13754474367,104370.2063171155,13916.027508948735,104370.2063171155,69580.13754474367,441539.0,13916.027508948735,104370.2063171155,3.151709703774465,23.637822778308486,False,False,weekly_timing_eligible,omicron_era
Malta,primary,15,2021-12-19,2022-02-04,weekly,True,True,2022-01-09,2021-12-30,10.0,10.0,True,27076.0,139.0056808320296,20,5000.0,7,42,14,1.0,0.0,139005.6808320296,69502.8404160148,46335.22694400987,115838.06736002468,173757.101040037,23167.613472004934,173757.101040037,115838.06736002468,441539.0,23167.613472004934,173757.101040037,5.2470140739560795,39.352605554670596,False,True,weekly_timing_eligible,omicron_era
Malta,primary,16,2022-03-03,2022-03-29,weekly,True,True,2022-03-18,2022-04-02,-15.0,15.0,False,5647.0,66.4934373717474,20,5000.0,7,42,14,1.0,0.0,66493.43737174741,33246.718685873704,22164.4791239158,55411.19780978951,83116.79671468426,11082.2395619579,83116.79671468426,55411.19780978951,441539.0,11082.2395619579,83116.79671468426,2.50991182250218,18.82433866876635,False,False,weekly_timing_eligible,omicron_era
Malta,primary,17,2022-05-07,2022-06-07,weekly,True,True,2022-05-25,2022-05-14,11.0,11.0,True,2768.0,45.96339784509235,20,5000.0,7,42,14,1.0,0.0,45963.39784509235,22981.698922546177,15321.132615030783,38302.83153757697,57454.24730636544,7660.566307515392,57454.24730636544,38302.83153757697,441539.0,7660.566307515392,57454.24730636544,1.7349693475582886,13.012270106687163,False,False,weekly_timing_eligible,omicron_era
Malta,primary,18,2022-06-07,2022-07-13,weekly,True,True,2022-06-25,2022-07-04,-9.0,9.0,True,14639.0,84.96063551715733,20,5000.0,7,42,14,1.0,0.0,84960.63551715732,42480.31775857866,28320.21183905244,70800.52959763112,106200.79439644665,14160.10591952622,106200.79439644665,70800.52959763112,441539.0,14160.10591952622,106200.79439644665,3.2069887188960022,24.052415391720018,False,True,weekly_timing_eligible,omicron_era
Malta,primary,19,2022-08-05,2022-09-04,weekly,True,True,2022-08-22,2022-08-11,11.0,11.0,True,1015.0,39.45838646636064,20,5000.0,7,42,14,1.0,0.0,39458.386466360644,19729.193233180322,13152.79548878688,32881.98872196721,49322.9830829508,6576.39774439344,49322.9830829508,32881.98872196721,441539.0,6576.39774439344,49322.9830829508,1.489426244203443,11.170696831525822,False,False,weekly_timing_eligible,omicron_era
Malta,primary,20,2022-09-23,2022-11-12,weekly,True,True,2022-10-16,2022-10-18,-2.0,2.0,True,1084.0,100.95727067772008,20,5000.0,7,42,14,1.0,0.0,100957.27067772008,50478.63533886004,33652.42355924002,84131.05889810008,126196.58834715009,16826.21177962001,126196.58834715009,84131.05889810008,441539.0,16826.21177962001,126196.58834715009,3.81080986721898,28.581074004142348,False,False,weekly_timing_eligible,omicron_era
Malta,primary,21,2022-11-12,2022-12-25,weekly,True,True,2022-11-30,2022-11-17,13.0,13.0,True,684.0,57.384060540951616,20,5000.0,7,42,14,1.0,0.0,57384.060540951614,28692.030270475807,19128.020180317206,47820.050450793016,71730.07567618952,9564.010090158603,71730.07567618952,47820.050450793016,441539.0,9564.010090158603,71730.07567618952,2.1660623614581276,16.24546771093596,False,False,weekly_timing_eligible,omicron_era
Mauritius,primary,1,2020-02-27,2020-04-15,monthly,False,False,2020-03-23,,,,False,324.0,70.42360178125492,20,5000.0,7,42,14,1.0,0.0,6707.009693452849,6707.009693452849,6707.009693452849,8383.762116816062,5589.174744544041,11737.266963542486,8383.762116816062,5589.174744544041,1271767.0,5589.174744544041,11737.266963542486,0.43948103265331157,0.9229101685719543,False,False,monthly_descriptive_only,2020
Mauritius,primary,2,2020-04-15,2020-06-27,monthly,False,False,2020-05-23,,,,False,17.0,154.78703584315815,20,5000.0,7,42,14,1.0,0.0,14741.622461253157,14741.622461253157,14741.622461253157,18427.028076566447,12284.685384377632,25797.839307193026,18427.028076566447,12284.685384377632,1271767.0,12284.685384377632,25797.839307193026,0.9659540925639392,2.028503594384272,False,False,monthly_descriptive_only,2020
Mauritius,primary,3,2020-06-27,2020-08-29,monthly,False,False,2020-07-26,,,,False,5.0,77.8294932894986,20,5000.0,7,42,14,1.0,0.0,7412.332694237962,7412.332694237962,7412.332694237962,9265.415867797454,6176.943911864968,12971.582214916432,9265.415867797454,6176.943911864968,1271767.0,6176.943911864968,12971.582214916432,0.48569776632551154,1.019965309283574,False,False,monthly_descriptive_only,2020
Mauritius,primary,4,2020-08-29,2020-12-13,monthly,False,False,2020-10-16,,,,False,177.0,213.41891871864024,20,5000.0,7,42,14,1.0,0.0,20325.611306537165,20325.611306537165,20325.611306537165,25407.01413317146,16938.009422114304,35569.81978644004,25407.01413317146,16938.009422114304,1271767.0,16938.009422114304,35569.81978644004,1.3318484771278312,2.7968818019684454,False,False,monthly_descriptive_only,2020
Mauritius,primary,5,2020-12-13,2021-02-25,monthly,False,False,2021-01-28,,,,False,91.0,153.95051502648187,20,5000.0,7,42,14,1.0,0.0,25658.41917108031,25658.41917108031,25658.41917108031,25658.41917108031,25658.41917108031,25658.41917108031,32073.02396385039,21382.01597590026,1271767.0,21382.01597590026,32073.02396385039,1.6812840697942517,2.5219261046913775,False,False,monthly_descriptive_only,2021_pre_omicron
Mauritius,primary,6,2021-02-25,2021-04-17,monthly,False,False,2021-03-15,,,,False,588.0,96.66926861259988,20,5000.0,7,42,14,1.0,0.0,16111.544768766646,16111.544768766646,16111.544768766646,16111.544768766646,16111.544768766646,16111.544768766646,20139.43096095831,13426.28730730554,1271767.0,13426.28730730554,20139.43096095831,1.055719114217112,1.5835786713256683,False,False,monthly_descriptive_only,2021_pre_omicron
Mauritius,primary,7,2021-04-17,2021-06-25,monthly,False,False,2021-05-24,,,,False,654.0,191.2376189566404,20,5000.0,7,42,14,1.0,0.0,31872.9364927734,31872.9364927734,31872.9364927734,31872.9364927734,31872.9364927734,31872.9364927734,39841.17061596675,26560.7804106445,1271767.0,26560.7804106445,39841.17061596675,2.088494229732687,3.1327413445990304,False,False,monthly_descriptive_only,2021_pre_omicron
Mauritius,primary,8,2021-06-25,2021-09-12,monthly,False,False,2021-08-17,,,,False,11444.0,569.0492808281094,20,5000.0,7,42,14,1.0,0.0,94841.5468046849,94841.5468046849,94841.5468046849,94841.5468046849,94841.5468046849,94841.5468046849,118551.93350585614,79034.62233723742,1271767.0,79034.62233723742,118551.93350585614,6.214552063171746,9.321828094757619,False,False,monthly_descriptive_only,2021_pre_omicron
Mauritius,primary,9,2021-09-12,2022-01-02,monthly,False,False,2021-10-30,,,,False,55465.0,2048.5042681788464,20,5000.0,7,42,14,1.0,0.0,341417.3780298077,341417.3780298077,341417.3780298077,341417.3780298077,341417.3780298077,341417.3780298077,426771.7225372597,284514.48169150646,1271767.0,284514.48169150646,426771.7225372597,22.371588639389643,33.557382959084464,False,False,monthly_descriptive_only,2021_pre_omicron
Mauritius,primary,10,2022-01-02,2022-04-10,monthly,False,False,2022-02-19,,,,False,146308.0,947.7544158577209,20,5000.0,7,42,14,1.0,0.0,947754.4158577209,473877.20792886044,315918.1386192403,789795.3465481008,1184693.0198221512,157959.06930962016,1184693.0198221512,789795.3465481008,1271767.0,157959.06930962016,1184693.0198221512,12.420440954170076,93.15330715627557,False,False,monthly_descriptive_only,omicron_era
Mauritius,primary,11,2022-04-10,2022-09-03,monthly,False,False,2022-07-15,,,,False,41592.0,985.3149291710204,20,5000.0,7,42,14,1.0,0.0,985314.9291710204,492657.4645855102,328438.30972367345,821095.7743091837,1231643.6614637754,164219.15486183672,1231643.6614637754,821095.7743091837,1271767.0,164219.15486183672,1231643.6614637754,12.912676210487986,96.84507157865988,False,False,monthly_descriptive_only,omicron_era
Mauritius,primary,12,2022-09-03,2022-12-19,monthly,False,False,2022-10-19,,,,False,31547.0,464.81037518405526,20,5000.0,7,42,14,1.0,0.0,464810.37518405524,232405.18759202762,154936.7917280184,387341.9793200461,581012.968980069,77468.3958640092,581012.968980069,387341.9793200461,1271767.0,77468.3958640092,581012.968980069,6.091398492334618,45.68548869250964,False,False,monthly_descriptive_only,omicron_era
Mexico,primary,1,2020-02-28,2020-09-15,weekly,True,True,2020-06-23,2020-06-23,0.0,0.0,True,676487.0,248977.32984079354,20,5000.0,7,42,14,1.0,0.0,23712126.651504144,23712126.651504144,23712126.651504144,29640158.314380184,19760105.54292012,41496221.640132256,29640158.314380184,19760105.54292012,127792286.0,19760105.54292012,41496221.640132256,15.4626747524652,32.471616980176925,False,False,weekly_timing_eligible,2020
Mexico,primary,2,2020-09-15,2021-03-13,weekly,True,True,2020-12-29,2020-12-10,19.0,19.0,True,1492159.0,308789.6538437315,20,5000.0,7,42,14,1.0,0.0,29408538.46130776,29408538.46130776,29408538.46130776,36760673.076634705,24507115.384423137,51464942.30728858,36760673.076634705,24507115.384423137,127792286.0,24507115.384423137,51464942.30728858,19.177304164058178,40.272338744522166,False,False,weekly_timing_eligible,2020
Mexico,primary,3,2021-03-13,2021-05-09,weekly,True,True,2021-03-21,2021-04-09,-19.0,19.0,True,208021.0,26075.016554072878,20,5000.0,7,42,14,1.0,0.0,4345836.09234548,4345836.09234548,4345836.09234548,4345836.09234548,4345836.09234548,4345836.09234548,5432295.11543185,3621530.0769545664,127792286.0,3621530.0769545664,5432295.11543185,2.83391915921636,4.25087873882454,False,False,weekly_timing_eligible,2021_pre_omicron
Mexico,primary,4,2021-05-09,2021-11-24,weekly,True,True,2021-08-02,2021-07-19,14.0,14.0,True,1503359.0,189928.72198751644,20,5000.0,7,42,14,1.0,0.0,31654786.997919407,31654786.997919407,31654786.997919407,31654786.997919407,31654786.997919407,31654786.997919407,39568483.74739926,26378989.16493284,127792286.0,26378989.16493284,39568483.74739926,20.642082547089608,30.96312382063442,False,False,weekly_timing_eligible,2021_pre_omicron
Mexico,primary,5,2021-11-24,2021-12-12,weekly,True,True,2021-12-03,2021-11-23,10.0,10.0,False,53083.0,6656.7589493636315,20,5000.0,7,42,14,1.0,0.0,6656758.949363631,3328379.4746818156,2218919.649787877,5547299.124469694,8320948.686704539,1109459.8248939386,8320948.686704539,5547299.124469694,127792286.0,1109459.8248939386,8320948.686704539,0.8681743316603152,6.511307487452364,False,False,weekly_timing_eligible,omicron_era
Mexico,primary,6,2021-12-12,2022-03-06,weekly,True,True,2022-01-09,2022-01-22,-13.0,13.0,True,1650279.0,74861.39688465245,20,5000.0,7,42,14,1.0,0.0,74861396.88465245,37430698.442326225,24953798.961550817,62384497.40387705,93576746.10581556,12476899.480775408,93576746.10581556,62384497.40387705,127792286.0,12476899.480775408,93576746.10581556,9.7634214640901,73.22566098067576,False,False,weekly_timing_eligible,omicron_era
Mexico,primary,7,2022-03-18,2022-04-06,weekly,True,True,2022-03-22,2022-04-05,-14.0,14.0,True,58334.0,2489.8721419229532,20,5000.0,7,42,14,1.0,0.0,2489872.141922953,1244936.0709614765,829957.3806409844,2074893.4516024613,3112340.177403691,414978.6903204922,3112340.177403691,2074893.4516024613,127792286.0,414978.6903204922,3112340.177403691,0.3247290609704659,2.4354679572784943,False,False,weekly_timing_eligible,omicron_era
Mexico,primary,8,2022-04-06,2022-05-08,weekly,True,False,2022-04-23,,,,False,68936.0,5169.283944781794,20,5000.0,7,42,14,1.0,0.0,5169283.944781794,2584641.972390897,1723094.648260598,4307736.620651496,6461604.930977242,861547.324130299,6461604.930977242,4307736.620651496,127792286.0,861547.324130299,6461604.930977242,0.674177879665052,5.056334097487889,False,False,weekly_timing_eligible,omicron_era
Mexico,primary,9,2022-05-08,2022-05-30,weekly,True,True,2022-05-25,2022-06-09,-15.0,15.0,False,33316.0,3987.593660318341,20,5000.0,7,42,14,1.0,0.0,3987593.6603183406,1993796.8301591703,1329197.8867727802,3322994.716931951,4984492.075397925,664598.9433863901,4984492.075397925,3322994.716931951,127792286.0,664598.9433863901,4984492.075397925,0.5200618630348237,3.900463972761177,False,False,weekly_timing_eligible,omicron_era
Mexico,primary,10,2022-05-30,2022-08-29,weekly,True,True,2022-07-01,2022-07-12,-11.0,11.0,True,1254737.0,28963.88541151569,20,5000.0,7,42,14,1.0,0.0,28963885.41151569,14481942.705757845,9654628.47050523,24136571.176263075,36204856.76439461,4827314.235252615,36204856.76439461,24136571.176263075,127792286.0,4827314.235252615,36204856.76439461,3.777469193447729,28.331018950857967,False,False,weekly_timing_eligible,omicron_era
Mexico,primary,11,2022-08-29,2022-10-03,weekly,True,True,2022-09-12,2022-09-20,-8.0,8.0,True,76596.0,6946.246371079759,20,5000.0,7,42,14,1.0,0.0,6946246.371079759,3473123.1855398794,2315415.4570265864,5788538.642566467,8682807.9638497,1157707.7285132932,8682807.9638497,5788538.642566467,127792286.0,1157707.7285132932,8682807.9638497,0.9059292737851902,6.794469553388926,False,False,weekly_timing_eligible,omicron_era
Mexico,primary,12,2022-11-20,2022-12-31,weekly,True,True,2022-12-08,2022-11-22,16.0,16.0,True,115801.0,14170.557427444981,20,5000.0,7,42,14,1.0,0.0,14170557.427444981,7085278.713722491,4723519.1424816605,11808797.856204152,17713196.784306224,2361759.5712408302,17713196.784306224,11808797.856204152,127792286.0,2361759.5712408302,17713196.784306224,1.848123736702566,13.860928025269244,False,False,weekly_timing_eligible,omicron_era
Moldova,primary,1,2020-02-01,2020-05-30,monthly,False,False,2020-05-03,,,,False,8098.0,828.2164344540273,20,5000.0,7,42,14,1.0,0.0,78877.75566228831,78877.75566228831,78877.75566228831,98597.1945778604,65731.46305190693,138036.07240900456,98597.1945778604,65731.46305190693,4027690.0,65731.46305190693,138036.07240900456,1.6319891315346249,3.427177176222712,False,False,monthly_descriptive_only,2020
Moldova,primary,2,2020-05-30,2020-07-28,monthly,False,False,2020-06-23,,,,False,15625.0,760.6964257736821,20,5000.0,7,42,14,1.0,0.0,72447.27864511257,72447.27864511257,72447.27864511257,90559.09830639073,60372.73220426049,126782.73762894701,90559.09830639073,60372.73220426049,4027690.0,60372.73220426049,126782.73762894701,1.4989418799426095,3.1477779478794794,False,False,monthly_descriptive_only,2020
Moldova,primary,3,2020-07-28,2020-10-17,monthly,False,False,2020-09-11,,,,False,43498.0,1396.3390494684409,20,5000.0,7,42,14,1.0,0.0,132984.67137794674,132984.67137794674,132984.67137794674,166230.83922243345,110820.55948162229,232723.1749114068,166230.83922243345,110820.55948162229,4027690.0,110820.55948162229,232723.1749114068,2.7514669570305132,5.778080609764078,False,False,monthly_descriptive_only,2020
Moldova,primary,4,2020-10-17,2021-01-06,monthly,False,False,2020-11-25,,,,False,82011.0,2228.1739387778707,20,5000.0,7,42,14,1.0,0.0,212207.04178836863,212207.04178836863,212207.04178836863,265258.80223546084,176839.2014903072,371362.3231296451,265258.80223546084,176839.2014903072,4027690.0,176839.2014903072,371362.3231296451,4.390586204258699,9.220231028943267,False,False,monthly_descriptive_only,2020
Moldova,primary,5,2021-01-06,2021-05-13,monthly,False,False,2021-03-07,,,,False,106465.0,3293.4338633862517,20,5000.0,7,42,14,1.0,0.0,548905.6438977086,548905.6438977086,548905.6438977086,548905.6438977086,548905.6438977086,548905.6438977086,686132.0548721359,457421.3699147572,4027690.0,457421.3699147572,686132.0548721359,11.356915996880526,17.035373995320786,False,False,monthly_descriptive_only,2021_pre_omicron
Moldova,primary,6,2021-05-13,2021-07-22,monthly,False,False,2021-06-18,,,,False,5192.0,223.83237854493103,20,5000.0,7,42,14,1.0,0.0,37305.39642415517,37305.39642415517,37305.39642415517,37305.39642415517,37305.39642415517,37305.39642415517,46631.74553019397,31087.830353462643,4027690.0,31087.830353462643,46631.74553019397,0.7718526091497271,1.1577789137245909,False,False,monthly_descriptive_only,2021_pre_omicron
Moldova,primary,7,2021-07-22,2021-12-16,monthly,False,False,2021-10-10,,,,False,113173.0,3996.426767110981,20,5000.0,7,42,14,1.0,0.0,666071.1278518302,666071.1278518302,666071.1278518302,666071.1278518302,666071.1278518302,666071.1278518302,832588.9098147878,555059.2732098585,4027690.0,555059.2732098585,832588.9098147878,13.78108228810704,20.671623432160562,False,False,monthly_descriptive_only,2021_pre_omicron
Moldova,primary,8,2021-12-16,2022-04-28,monthly,False,False,2022-01-25,,,,False,146035.0,515.3986832081666,20,5000.0,7,42,14,1.0,0.0,515398.6832081666,257699.3416040833,171799.56106938887,429498.90267347224,644248.3540102083,85899.78053469444,644248.3540102083,429498.90267347224,4027690.0,85899.78053469444,644248.3540102083,2.1327306851990704,15.995480138993027,False,True,monthly_descriptive_only,omicron_era
Monaco,primary,1,2020-02-01,2020-04-23,monthly,False,False,2020-03-03,,,,False,94.0,11.346885653227943,20,5000.0,7,42,14,1.0,0.0,1080.6557764978993,1080.6557764978993,1080.6557764978993,1350.8197206223742,900.5464804149161,1891.1476088713239,1350.8197206223742,900.5464804149161,39244.0,900.5464804149161,1891.1476088713239,2.2947367251424833,4.818947122799215,False,False,monthly_descriptive_only,2020
Monaco,primary,2,2020-04-23,2020-06-22,monthly,False,False,2020-05-22,,,,False,7.0,0.8234961580523581,20,5000.0,7,42,14,1.0,0.0,78.428205528796,78.428205528796,78.428205528796,98.03525691099502,65.35683794066334,137.249359675393,98.03525691099502,65.35683794066334,39244.0,65.35683794066334,137.249359675393,0.16653969508883737,0.3497333596865585,False,False,monthly_descriptive_only,2020
Monaco,primary,3,2020-06-22,2020-08-24,monthly,False,False,2020-08-03,,,,False,54.0,6.070882591240607,20,5000.0,7,42,14,1.0,0.0,578.1792944038673,578.1792944038673,578.1792944038673,722.7241180048342,481.8160786698894,1011.8137652067678,722.7241180048342,481.8160786698894,39244.0,481.8160786698894,1011.8137652067678,1.2277445690293787,2.5782635949616957,False,False,monthly_descriptive_only,2020
Monaco,primary,4,2020-08-24,2020-10-24,monthly,False,False,2020-09-16,,,,False,154.0,6.723068029249742,20,5000.0,7,42,14,1.0,0.0,640.2921932618801,640.2921932618801,640.2921932618801,800.3652415773503,533.5768277182335,1120.5113382082902,800.3652415773503,533.5768277182335,39244.0,533.5768277182335,1120.5113382082902,1.3596392511421709,2.8552424273985584,False,False,monthly_descriptive_only,2020
Monaco,primary,5,2020-10-24,2020-12-17,monthly,False,False,2020-12-11,,,,False,405.0,11.533277063349631,20,5000.0,7,42,14,1.0,0.0,1098.4073393666315,1098.4073393666315,1098.4073393666315,1373.0091742082896,915.339449472193,1922.2128438916052,1373.0091742082896,915.339449472193,39244.0,915.339449472193,1922.2128438916052,2.332431580552933,4.898106319161159,False,False,monthly_descriptive_only,2020
Monaco,primary,6,2020-12-17,2021-03-25,monthly,False,False,2021-02-05,,,,False,1542.0,57.58236996152302,20,5000.0,7,42,14,1.0,0.0,9597.061660253838,9597.061660253838,9597.061660253838,9597.061660253838,9597.061660253838,9597.061660253838,11996.327075317296,7997.551383544865,39244.0,7997.551383544865,11996.327075317296,20.379042359455877,30.568563539183817,False,False,monthly_descriptive_only,2021_pre_omicron
Monaco,primary,7,2021-03-25,2021-06-07,monthly,False,False,2021-04-25,,,,False,298.0,16.20151576413906,20,5000.0,7,42,14,1.0,0.0,2700.25262735651,2700.25262735651,2700.25262735651,2700.25262735651,2700.25262735651,2700.25262735651,3375.3157841956377,2250.210522797092,39244.0,2250.210522797092,3375.3157841956377,5.733896959527805,8.600845439291707,False,False,monthly_descriptive_only,2021_pre_omicron
Monaco,primary,8,2021-06-07,2021-08-21,monthly,False,False,2021-07-26,,,,False,621.0,9.433668564679255,20,5000.0,7,42,14,1.0,0.0,1572.2780941132091,1572.2780941132091,1572.2780941132091,1572.2780941132091,1572.2780941132091,1572.2780941132091,1965.3476176415118,1310.231745094341,39244.0,1310.231745094341,1965.3476176415118,3.338680422725362,5.0080206340880435,False,False,monthly_descriptive_only,2021_pre_omicron
Monaco,primary,9,2021-08-21,2021-10-23,monthly,False,False,2021-09-15,,,,False,268.0,8.326227248537391,20,5000.0,7,42,14,1.0,0.0,1387.7045414228985,1387.7045414228985,1387.7045414228985,1387.7045414228985,1387.7045414228985,1387.7045414228985,1734.6306767786232,1156.4204511857488,39244.0,1156.4204511857488,1734.6306767786232,2.946744600921794,4.420116901382691,False,False,monthly_descriptive_only,2021_pre_omicron
Monaco,primary,10,2021-10-23,2022-01-21,monthly,False,False,2021-12-02,,,,False,3916.0,14.769847120057904,20,5000.0,7,42,14,1.0,0.0,14769.847120057902,7384.923560028951,4923.282373352635,12308.205933381587,18462.308900072378,2461.6411866763174,18462.308900072378,12308.205933381587,39244.0,2461.6411866763174,18462.308900072378,6.2726561682711175,47.04492126203337,False,True,monthly_descriptive_only,omicron_era
Monaco,primary,11,2022-01-21,2022-05-11,monthly,False,False,2022-03-11,,,,False,4825.0,13.201450607618304,20,5000.0,7,42,14,1.0,0.0,13201.450607618302,6600.725303809151,4400.483535872768,11001.20883968192,16501.813259522878,2200.241767936384,16501.813259522878,11001.20883968192,39244.0,2200.241767936384,16501.813259522878,5.606568565733319,42.04926424299989,False,True,monthly_descriptive_only,omicron_era
Monaco,primary,12,2022-05-11,2022-07-01,monthly,False,False,2022-05-15,,,,False,1161.0,1.2957694276275742,20,5000.0,7,42,14,1.0,0.0,1295.7694276275743,647.8847138137871,431.9231425425247,1079.807856356312,1619.7117845344676,215.96157127126236,1619.7117845344676,1079.807856356312,39244.0,215.96157127126236,1619.7117845344676,0.5503046867578798,4.127285150684099,False,True,monthly_descriptive_only,omicron_era
Monaco,primary,13,2022-07-01,2022-10-27,monthly,False,False,2022-09-04,,,,False,1930.0,9.50718983194811,20,5000.0,7,42,14,1.0,0.0,9507.18983194811,4753.594915974055,3169.063277316037,7922.658193290093,11883.987289935138,1584.5316386580184,11883.987289935138,7922.658193290093,39244.0,1584.5316386580184,11883.987289935138,4.037640502135406,30.28230376601554,False,True,monthly_descriptive_only,omicron_era
Mongolia,primary,1,2020-12-26,2021-04-22,monthly,False,False,2021-03-25,,,,False,25623.0,120.43431307149928,20,5000.0,7,42,14,1.0,0.0,20072.385511916546,20072.385511916546,20072.385511916546,20072.385511916546,20072.385511916546,20072.385511916546,25090.481889895684,16726.98792659712,3278292.0,16726.98792659712,25090.481889895684,0.5102348395627089,0.7653522593440635,False,True,monthly_descriptive_only,2021_pre_omicron
Mongolia,primary,2,2021-04-22,2021-07-22,monthly,False,False,2021-06-12,,,,False,127175.0,935.2444220664468,20,5000.0,7,42,14,1.0,0.0,155874.07034440778,155874.07034440778,155874.07034440778,155874.07034440778,155874.07034440778,155874.07034440778,194842.58793050976,129895.05862033983,3278292.0,129895.05862033983,194842.58793050976,3.962278485880447,5.943417728820671,False,False,monthly_descriptive_only,2021_pre_omicron
Mongolia,primary,3,2021-07-22,2021-12-25,monthly,False,False,2021-09-25,,,,False,537433.0,2671.1561583671805,20,5000.0,7,42,14,1.0,0.0,445192.69306119677,445192.69306119677,445192.69306119677,445192.69306119677,445192.69306119677,445192.69306119677,556490.866326496,370993.91088433063,3278292.0,370993.91088433063,556490.866326496,11.316682921604624,16.975024382406936,False,True,monthly_descriptive_only,2021_pre_omicron
Mongolia,primary,4,2021-12-25,2022-02-25,monthly,False,False,2022-01-28,,,,False,216306.0,213.1698853746853,20,5000.0,7,42,14,1.0,0.0,213169.88537468528,106584.94268734264,71056.62845822843,177641.5711455711,266462.3567183566,35528.314229114214,266462.3567183566,177641.5711455711,3278292.0,35528.314229114214,266462.3567183566,1.0837446520662044,8.128084890496533,False,True,monthly_descriptive_only,omicron_era
Mongolia,primary,5,2022-02-25,2022-05-04,monthly,False,False,2022-03-29,,,,False,17194.0,312.8723019160556,20,5000.0,7,42,14,1.0,0.0,312872.3019160556,156436.1509580278,104290.76730535187,260726.91826337972,391090.3773950695,52145.38365267593,391090.3773950695,260726.91826337972,3278292.0,52145.38365267593,391090.3773950695,1.5906265717842076,11.929699288381558,False,False,monthly_descriptive_only,omicron_era
Mongolia,primary,6,2022-06-19,2022-09-11,monthly,False,False,2022-07-29,,,,False,52429.0,398.33456217768367,20,5000.0,7,42,14,1.0,0.0,398334.56217768363,199167.28108884182,132778.18739256123,331945.4684814031,497918.20272210456,66389.09369628062,497918.20272210456,331945.4684814031,3278292.0,66389.09369628062,497918.20272210456,2.0251122748150747,15.18834206111306,False,False,monthly_descriptive_only,omicron_era
Mongolia,primary,7,2022-09-11,2022-12-31,monthly,False,False,2022-11-15,,,,False,26824.0,443.60165053853984,20,5000.0,7,42,14,1.0,0.0,443601.6505385398,221800.8252692699,147867.21684617994,369668.0421154499,554502.0631731747,73933.60842308997,554502.0631731747,369668.0421154499,3278292.0,73933.60842308997,554502.0631731747,2.2552478065739714,16.914358549304783,False,False,monthly_descriptive_only,omicron_era
Montenegro,primary,1,2020-02-01,2020-04-03,weekly,True,True,2020-03-05,2020-04-03,-29.0,29.0,True,174.0,18.392251709492626,20,5000.0,7,42,14,1.0,0.0,1751.6430199516785,1751.6430199516785,1751.6430199516785,2189.5537749395985,1459.7025166263988,3065.3752849154375,2189.5537749395985,1459.7025166263988,628062.0,1459.7025166263988,3065.3752849154375,0.23241376116154117,0.48806889843923656,False,False,weekly_timing_eligible,2020
Montenegro,primary,2,2020-04-03,2020-05-22,weekly,True,False,2020-05-02,,,,False,180.0,7.903443278657403,20,5000.0,7,42,14,1.0,0.0,752.7088836816574,752.7088836816574,752.7088836816574,940.8861046020719,627.2574030680479,1317.2405464429005,940.8861046020719,627.2574030680479,628062.0,627.2574030680479,1317.2405464429005,0.09987189211702792,0.2097309734457586,False,False,weekly_timing_eligible,2020
Montenegro,primary,3,2020-05-22,2020-06-29,weekly,True,False,2020-06-18,,,,False,177.0,96.15005342641362,20,5000.0,7,42,14,1.0,0.0,9157.147945372726,9157.147945372726,9157.147945372726,11446.434931715909,7630.956621143938,16025.00890440227,11446.434931715909,7630.956621143938,628062.0,7630.956621143938,16025.00890440227,1.2150005287923704,2.551501110463978,False,False,weekly_timing_eligible,2020
Montenegro,primary,4,2020-07-21,2020-08-23,weekly,True,True,2020-08-08,2020-08-19,-11.0,11.0,True,2155.0,104.66915655416616,20,5000.0,7,42,14,1.0,0.0,9968.491100396777,9968.491100396777,9968.491100396777,12460.613875495972,8307.075916997315,17444.85942569436,12460.613875495972,8307.075916997315,628062.0,8307.075916997315,17444.85942569436,1.3226522090171535,2.7775696389360225,False,False,weekly_timing_eligible,2020
Montenegro,primary,5,2020-09-14,2020-10-19,weekly,True,True,2020-10-05,2020-09-23,12.0,12.0,True,9048.0,246.4301806751084,20,5000.0,7,42,14,1.0,0.0,23469.54101667699,23469.54101667699,23469.54101667699,29336.92627084624,19557.950847230826,41071.696779184735,29336.92627084624,19557.950847230826,628062.0,19557.950847230826,41071.696779184735,3.114015948621446,6.5394334921050365,False,False,weekly_timing_eligible,2020
Montenegro,primary,6,2020-11-19,2021-01-02,weekly,True,True,2020-12-05,2020-12-11,-6.0,6.0,True,19825.0,264.4716296733887,20,5000.0,7,42,14,1.0,0.0,25187.774254608445,25187.774254608445,25187.774254608445,31484.71781826056,20989.811878840374,44078.60494556478,31484.71781826056,20989.811878840374,628062.0,20989.811878840374,44078.60494556478,3.34199678994118,7.018193258876478,False,False,weekly_timing_eligible,2020
Montenegro,primary,7,2021-02-09,2021-03-25,weekly,True,True,2021-02-24,2021-03-09,-13.0,13.0,True,23334.0,513.9670225725791,20,5000.0,7,42,14,1.0,0.0,85661.17042876319,85661.17042876319,85661.17042876319,85661.17042876319,85661.17042876319,85661.17042876319,107076.463035954,71384.308690636,628062.0,71384.308690636,107076.463035954,11.365806033582034,17.048709050373052,False,False,weekly_timing_eligible,2021_pre_omicron
Montenegro,primary,8,2021-03-25,2021-04-19,weekly,True,True,2021-03-31,2021-04-26,-26.0,26.0,False,7145.0,228.89991424100893,20,5000.0,7,42,14,1.0,0.0,38149.98570683482,38149.98570683482,38149.98570683482,38149.98570683482,38149.98570683482,38149.98570683482,47687.48213354353,31791.654755695687,628062.0,31791.654755695687,47687.48213354353,5.061865668627569,7.592798502941355,False,False,weekly_timing_eligible,2021_pre_omicron
Montenegro,primary,9,2021-05-22,2021-06-28,weekly,True,True,2021-06-14,2021-06-04,10.0,10.0,True,1051.0,62.75248078511884,20,5000.0,7,42,14,1.0,0.0,10458.746797519807,10458.746797519807,10458.746797519807,10458.746797519807,10458.746797519807,10458.746797519807,13073.43349689976,8715.622331266506,628062.0,8715.622331266506,13073.43349689976,1.3877009485156728,2.0815514227735092,False,False,weekly_timing_eligible,2021_pre_omicron
Montenegro,primary,10,2021-08-15,2021-09-17,weekly,True,True,2021-08-31,2021-08-25,6.0,6.0,True,19378.0,338.3724729945393,20,5000.0,7,42,14,1.0,0.0,56395.41216575655,56395.41216575655,56395.41216575655,56395.41216575655,56395.41216575655,56395.41216575655,70494.2652071957,46996.17680479713,628062.0,46996.17680479713,70494.2652071957,7.482728903324373,11.224093354986563,False,False,weekly_timing_eligible,2021_pre_omicron
Montenegro,primary,11,2021-09-17,2021-10-26,weekly,True,True,2021-10-12,2021-09-28,14.0,14.0,True,17349.0,388.2414324582022,20,5000.0,7,42,14,1.0,0.0,64706.90540970037,64706.90540970037,64706.90540970037,64706.90540970037,64706.90540970037,64706.90540970037,80883.63176212547,53922.42117475031,628062.0,53922.42117475031,80883.63176212547,8.585525182983577,12.878287774475366,False,False,weekly_timing_eligible,2021_pre_omicron
Montenegro,primary,12,2021-12-04,2022-02-16,weekly,True,True,2022-01-06,2022-01-07,-1.0,1.0,True,69397.0,522.1243457242349,20,5000.0,7,42,14,1.0,0.0,522124.3457242349,261062.17286211744,174041.44857474495,435103.62143686245,652655.4321552936,87020.72428737248,652655.4321552936,435103.62143686245,628062.0,87020.72428737248,652655.4321552936,13.855435337175704,103.9157650288178,True,False,weekly_timing_eligible,omicron_era
Montenegro,primary,13,2022-02-16,2022-03-22,weekly,True,True,2022-03-05,2022-03-19,-14.0,14.0,True,5331.0,10.988804357303078,20,5000.0,7,42,14,1.0,0.0,10988.804357303077,5494.402178651539,3662.9347857676926,9157.336964419232,13736.005446628847,1831.4673928838463,13736.005446628847,9157.336964419232,628062.0,1831.4673928838463,13736.005446628847,0.2916061460307814,2.1870460952308606,False,True,weekly_timing_eligible,omicron_era
Montenegro,primary,14,2022-04-09,2022-05-30,weekly,True,True,2022-05-04,2022-04-27,7.0,7.0,True,3508.0,83.65665282072936,20,5000.0,7,42,14,1.0,0.0,83656.65282072936,41828.32641036468,27885.55094024312,69713.87735060781,104570.8160259117,13942.77547012156,104570.8160259117,69713.87735060781,628062.0,13942.77547012156,104570.8160259117,2.219968007954877,16.649760059661578,False,False,weekly_timing_eligible,omicron_era
Montenegro,primary,15,2022-05-30,2022-07-03,weekly,True,True,2022-06-21,2022-06-24,-3.0,3.0,True,3904.0,48.99103571244752,20,5000.0,7,42,14,1.0,0.0,48991.03571244752,24495.51785622376,16330.345237482506,40825.86309370627,61238.7946405594,8165.172618741253,61238.7946405594,40825.86309370627,628062.0,8165.172618741253,61238.7946405594,1.300058373017513,9.750437797631347,False,False,weekly_timing_eligible,omicron_era
Montenegro,primary,16,2022-07-26,2022-08-26,weekly,True,True,2022-08-09,2022-07-28,12.0,12.0,True,21126.0,38.31384746718506,20,5000.0,7,42,14,1.0,0.0,38313.84746718506,19156.92373359253,12771.282489061687,31928.206222654222,47892.30933398133,6385.641244530843,47892.30933398133,31928.206222654222,628062.0,6385.641244530843,47892.30933398133,1.0167214772635254,7.625411079476442,False,True,weekly_timing_eligible,omicron_era
Namibia,primary,1,2020-02-01,2020-06-15,monthly,False,False,2020-02-12,,,,False,32.0,101.72738745099093,20,5000.0,7,42,14,1.0,0.0,9688.322614380088,9688.322614380088,9688.322614380088,12110.40326797511,8073.602178650074,16954.564575165154,12110.40326797511,8073.602178650074,2540916.0,8073.602178650074,16954.564575165154,0.31774376558099815,0.667261907720096,False,False,monthly_descriptive_only,2020
Namibia,primary,2,2020-10-28,2021-04-08,monthly,False,False,2021-01-29,,,,False,32325.0,1101.769041390545,20,5000.0,7,42,14,1.0,0.0,183628.17356509084,183628.17356509084,183628.17356509084,183628.17356509084,183628.17356509084,183628.17356509084,229535.21695636355,153023.47797090904,2540916.0,153023.47797090904,229535.21695636355,6.022374528355484,9.033561792533225,False,False,monthly_descriptive_only,2021_pre_omicron
Namibia,primary,3,2021-04-08,2021-08-21,monthly,False,False,2021-05-30,,,,False,78444.0,3647.8083337464914,20,5000.0,7,42,14,1.0,0.0,607968.0556244152,607968.0556244152,607968.0556244152,607968.0556244152,607968.0556244152,607968.0556244152,759960.0695305191,506640.0463536794,2540916.0,506640.0463536794,759960.0695305191,19.939267821277028,29.90890173191554,False,False,monthly_descriptive_only,2021_pre_omicron
Namibia,primary,4,2021-08-21,2021-10-23,monthly,False,False,2021-08-29,,,,False,5559.0,287.7083426936073,20,5000.0,7,42,14,1.0,0.0,47951.390448934544,47951.390448934544,47951.390448934544,47951.390448934544,47951.390448934544,47951.390448934544,59939.23806116819,39959.49204077879,2540916.0,39959.49204077879,59939.23806116819,1.5726412065876552,2.358961809881483,False,False,monthly_descriptive_only,2021_pre_omicron
Netherlands,primary,1,2020-02-01,2020-05-02,weekly,True,True,2020-03-16,2020-04-10,-25.0,25.0,True,40769.0,9872.412112700864,20,5000.0,7,42,14,1.0,0.0,940229.7250191298,940229.7250191298,940229.7250191298,1175287.1562739124,783524.7708492749,1645402.0187834774,1175287.1562739124,783524.7708492749,17134873.0,783524.7708492749,1645402.0187834774,4.572690855947838,9.602650797490458,False,False,weekly_timing_eligible,2020
Netherlands,primary,2,2020-06-21,2020-08-18,weekly,True,True,2020-07-26,2020-08-14,-19.0,19.0,True,16311.0,1250.7192083815344,20,5000.0,7,42,14,1.0,0.0,119116.11508395565,119116.11508395565,119116.11508395565,148895.1438549446,99263.42923662972,208453.20139692238,148895.1438549446,99263.42923662972,17134873.0,99263.42923662972,208453.20139692238,0.5793064777114468,1.2165436031940382,False,False,weekly_timing_eligible,2020
Netherlands,primary,3,2020-08-18,2020-11-04,weekly,True,True,2020-10-11,2020-10-27,-16.0,16.0,True,331616.0,4972.865375698793,20,5000.0,7,42,14,1.0,0.0,473606.2262570279,473606.2262570279,473606.2262570279,592007.782821285,394671.8552141899,828810.8959497989,592007.782821285,394671.8552141899,17134873.0,394671.8552141899,828810.8959497989,2.303325243287125,4.836983010902963,False,False,weekly_timing_eligible,2020
Netherlands,primary,4,2020-11-04,2021-02-17,weekly,True,True,2020-12-10,2020-12-18,-8.0,8.0,True,666989.0,7460.604407607553,20,5000.0,7,42,14,1.0,0.0,710533.7531054812,710533.7531054812,710533.7531054812,888167.1913818517,592111.4609212343,1243434.0679345923,888167.1913818517,592111.4609212343,17134873.0,592111.4609212343,1243434.0679345923,3.4555929356537067,7.256745164872784,False,True,weekly_timing_eligible,2020
Netherlands,primary,5,2021-02-17,2021-05-06,weekly,True,True,2021-04-04,2021-04-19,-15.0,15.0,True,520352.0,2123.882438470615,20,5000.0,7,42,14,1.0,0.0,353980.40641176916,353980.40641176916,353980.40641176916,353980.40641176916,353980.40641176916,353980.40641176916,442475.5080147115,294983.67200980766,17134873.0,294983.67200980766,442475.5080147115,1.7215398795766252,2.582309819364938,False,True,weekly_timing_eligible,2021_pre_omicron
Netherlands,primary,6,2021-05-06,2021-06-09,weekly,True,True,2021-05-20,2021-05-25,-5.0,5.0,True,131257.0,967.396328468789,20,5000.0,7,42,14,1.0,0.0,161232.72141146482,161232.72141146482,161232.72141146482,161232.72141146482,161232.72141146482,161232.72141146482,201540.90176433107,134360.6011762207,17134873.0,134360.6011762207,201540.90176433107,0.7841353780458175,1.1762030670687262,False,False,weekly_timing_eligible,2021_pre_omicron
Netherlands,primary,7,2021-06-09,2021-07-25,weekly,True,True,2021-07-18,2021-07-15,3.0,3.0,True,181390.0,1344.2220563423357,20,5000.0,7,42,14,1.0,0.0,224037.00939038928,224037.00939038928,224037.00939038928,224037.00939038928,224037.00939038928,224037.00939038928,280046.26173798664,186697.5078253244,17134873.0,186697.5078253244,280046.26173798664,1.089576256709486,1.6343643850642293,False,False,weekly_timing_eligible,2021_pre_omicron
Netherlands,primary,8,2021-07-25,2021-09-02,weekly,True,True,2021-08-20,2021-08-23,-3.0,3.0,True,112377.0,1892.8069165766833,20,5000.0,7,42,14,1.0,0.0,315467.81942944723,315467.81942944723,315467.81942944723,315467.81942944723,315467.81942944723,315467.81942944723,394334.774286809,262889.8495245394,17134873.0,262889.8495245394,394334.774286809,1.5342386811068829,2.301358021660324,False,False,weekly_timing_eligible,2021_pre_omicron
Netherlands,primary,9,2021-09-20,2022-01-05,weekly,True,True,2021-11-13,2021-11-24,-11.0,11.0,True,1283112.0,10930.341329396151,20,5000.0,7,42,14,1.0,0.0,1821723.5548993584,1821723.5548993584,1821723.5548993584,1821723.5548993584,1821723.5548993584,1821723.5548993584,2277154.4436241984,1518102.9624161322,17134873.0,1518102.9624161322,2277154.4436241984,8.859726958093779,13.289590437140669,False,False,weekly_timing_eligible,2021_pre_omicron
Netherlands,primary,10,2022-02-07,2022-04-10,weekly,True,True,2022-03-20,2022-02-08,40.0,40.0,True,3025732.0,3605.2317613593314,20,5000.0,7,42,14,1.0,0.0,3605231.761359331,1802615.8806796656,1201743.9204531105,3004359.8011327763,4506539.701699164,600871.9602265552,4506539.701699164,3004359.8011327763,17134873.0,600871.9602265552,4506539.701699164,3.50671966011394,26.300397450854547,False,True,weekly_timing_eligible,omicron_era
Netherlands,primary,11,2022-06-17,2022-07-18,weekly,True,True,2022-07-02,2022-07-10,-8.0,8.0,True,172380.0,1933.0709914437857,20,5000.0,7,42,14,1.0,0.0,1933070.9914437856,966535.4957218928,644356.9971479286,1610892.4928698216,2416338.739304732,322178.4985739643,2416338.739304732,1610892.4928698216,17134873.0,322178.4985739643,2416338.739304732,1.880250285916705,14.101877144375287,False,False,weekly_timing_eligible,omicron_era
Netherlands,primary,12,2022-07-18,2022-08-25,weekly,True,True,2022-08-01,2022-08-17,-16.0,16.0,True,107843.0,2168.030464291201,20,5000.0,7,42,14,1.0,0.0,2168030.464291201,1084015.2321456005,722676.8214304004,1806692.053576001,2710038.080364001,361338.4107152002,2710038.080364001,1806692.053576001,17134873.0,361338.4107152002,2710038.080364001,2.108789546996935,15.815921602477012,False,False,weekly_timing_eligible,omicron_era
Netherlands,primary,13,2022-09-22,2022-10-23,weekly,True,True,2022-09-29,2022-10-08,-9.0,9.0,True,85968.0,2226.156401996992,20,5000.0,7,42,14,1.0,0.0,2226156.401996992,1113078.200998496,742052.1339989973,1855130.3349974935,2782695.5024962397,371026.06699949864,2782695.5024962397,1855130.3349974935,17134873.0,371026.06699949864,2782695.5024962397,2.1653272072661327,16.239954054495996,False,False,weekly_timing_eligible,omicron_era
Netherlands,primary,14,2022-10-23,2022-12-31,weekly,True,True,2022-11-30,2022-11-07,23.0,23.0,True,75899.0,6356.323126501263,20,5000.0,7,42,14,1.0,0.0,6356323.126501262,3178161.563250631,2118774.375500421,5296935.938751053,7945403.908126578,1059387.1877502105,7945403.908126578,5296935.938751053,17134873.0,1059387.1877502105,7945403.908126578,6.182638107386092,46.369785805395686,False,False,weekly_timing_eligible,omicron_era
New Zealand,primary,1,2020-02-17,2020-06-29,weekly,True,True,2020-03-22,2020-04-02,-11.0,11.0,True,1530.0,239.31823879990776,20,5000.0,7,42,14,1.0,0.0,22792.213219038833,22792.213219038833,22792.213219038833,28490.266523798546,18993.511015865693,39886.37313331796,28490.266523798546,18993.511015865693,4822233.0,18993.511015865693,39886.37313331796,0.3938737720857888,0.8271349213801564,False,False,weekly_timing_eligible,2020
New Zealand,primary,2,2020-10-18,2020-11-21,weekly,True,True,2020-11-13,2020-10-22,22.0,22.0,True,142.0,169.20791629710322,20,5000.0,7,42,14,1.0,0.0,16115.039647343163,16115.039647343163,16115.039647343163,20143.799559178955,13429.199706119303,28201.319382850535,20143.799559178955,13429.199706119303,4822233.0,13429.199706119303,28201.319382850535,0.2784850857708307,0.5848186801187445,False,False,weekly_timing_eligible,2020
New Zealand,primary,3,2020-11-21,2021-01-07,weekly,True,True,2020-12-15,2020-11-23,22.0,22.0,True,169.0,469.0024736973203,20,5000.0,7,42,14,1.0,0.0,44666.902256887646,44666.902256887646,44666.902256887646,55833.62782110956,37222.41854740637,78167.07894955338,55833.62782110956,37222.41854740637,4822233.0,37222.41854740637,78167.07894955338,0.771891746985398,1.620972668669336,False,False,weekly_timing_eligible,2020
New Zealand,primary,4,2021-01-07,2021-02-04,weekly,True,True,2021-01-20,2021-01-11,9.0,9.0,True,129.0,224.46208766290206,20,5000.0,7,42,14,1.0,0.0,37410.34794381701,37410.34794381701,37410.34794381701,37410.34794381701,37410.34794381701,37410.34794381701,46762.93492977127,31175.289953180843,4822233.0,31175.289953180843,46762.93492977127,0.6464907430474812,0.9697361145712218,False,False,weekly_timing_eligible,2021_pre_omicron
New Zealand,primary,5,2021-02-23,2021-03-27,weekly,True,True,2021-03-11,2021-03-08,3.0,3.0,True,119.0,252.4278459245198,20,5000.0,7,42,14,1.0,0.0,42071.30765408663,42071.30765408663,42071.30765408663,42071.30765408663,42071.30765408663,42071.30765408663,52589.13456760829,35059.423045072195,4822233.0,35059.423045072195,52589.13456760829,0.727037101796454,1.090555652694681,False,False,weekly_timing_eligible,2021_pre_omicron
New Zealand,primary,6,2021-03-27,2021-04-23,weekly,True,True,2021-04-10,2021-04-08,2.0,2.0,True,119.0,181.0472405051417,20,5000.0,7,42,14,1.0,0.0,30174.540084190285,30174.540084190285,30174.540084190285,30174.540084190285,30174.540084190285,30174.540084190285,37718.17510523786,25145.45007015857,4822233.0,25145.45007015857,37718.17510523786,0.5214482599691589,0.7821723899537384,False,False,weekly_timing_eligible,2021_pre_omicron
New Zealand,primary,7,2021-05-14,2021-06-08,weekly,True,True,2021-05-25,2021-06-10,-16.0,16.0,False,52.0,85.4365346504941,20,5000.0,7,42,14,1.0,0.0,14239.422441749015,14239.422441749015,14239.422441749015,14239.422441749015,14239.422441749015,14239.422441749015,17799.278052186273,11866.185368124181,4822233.0,11866.185368124181,17799.278052186273,0.2460724184858795,0.36910862772881925,False,False,weekly_timing_eligible,2021_pre_omicron
New Zealand,primary,8,2021-06-08,2021-07-08,weekly,True,True,2021-06-24,2021-07-19,-25.0,25.0,False,73.0,154.06047914409916,20,5000.0,7,42,14,1.0,0.0,25676.746524016526,25676.746524016526,25676.746524016526,25676.746524016526,25676.746524016526,25676.746524016526,32095.933155020663,21397.288770013773,4822233.0,21397.288770013773,32095.933155020663,0.4437215864520394,0.6655823796780591,False,False,weekly_timing_eligible,2021_pre_omicron
New Zealand,primary,9,2021-08-05,2021-09-05,weekly,True,True,2021-08-14,2021-08-26,-12.0,12.0,True,912.0,97.63994113545895,20,5000.0,7,42,14,1.0,0.0,16273.323522576493,16273.323522576493,16273.323522576493,16273.323522576493,16273.323522576493,16273.323522576493,20341.65440322062,13561.10293548041,4822233.0,13561.10293548041,20341.65440322062,0.2812204000818793,0.421830600122819,False,False,weekly_timing_eligible,2021_pre_omicron
New Zealand,primary,10,2021-10-12,2021-11-07,weekly,True,True,2021-10-27,2021-10-12,15.0,15.0,True,2944.0,186.39702664665282,20,5000.0,7,42,14,1.0,0.0,31066.17110777547,31066.17110777547,31066.17110777547,31066.17110777547,31066.17110777547,31066.17110777547,38832.71388471934,25888.475923146227,4822233.0,25888.475923146227,38832.71388471934,0.5368565957544198,0.8052848936316296,False,False,weekly_timing_eligible,2021_pre_omicron
New Zealand,primary,11,2021-11-23,2021-12-28,weekly,True,True,2021-12-10,2021-12-13,-3.0,3.0,True,3594.0,331.5182140362912,20,5000.0,7,42,14,1.0,0.0,331518.21403629123,165759.10701814562,110506.0713454304,276265.17836357607,414397.76754536404,55253.0356727152,414397.76754536404,276265.17836357607,4822233.0,55253.0356727152,414397.76754536404,1.145797718042973,8.593482885322299,False,False,weekly_timing_eligible,omicron_era
New Zealand,primary,12,2021-12-28,2022-02-03,weekly,True,True,2022-01-20,2022-01-21,-1.0,1.0,True,3345.0,423.52192848321033,20,5000.0,7,42,14,1.0,0.0,423521.92848321033,211760.96424160516,141173.9761610701,352934.9404026753,529402.4106040129,70586.98808053505,529402.4106040129,352934.9404026753,4822233.0,70586.98808053505,529402.4106040129,1.4637821955209351,10.978366466407014,False,False,weekly_timing_eligible,omicron_era
New Zealand,primary,13,2022-02-03,2022-03-17,weekly,True,True,2022-02-27,2022-03-03,-4.0,4.0,True,436268.0,870.3491304989154,20,5000.0,7,42,14,1.0,0.0,870349.1304989154,435174.5652494577,290116.3768329718,725290.9420824295,1087936.4131236442,145058.1884164859,1087936.4131236442,725290.9420824295,4822233.0,145058.1884164859,1087936.4131236442,3.0081123914270815,22.56084293570311,False,True,weekly_timing_eligible,omicron_era
New Zealand,primary,14,2022-04-11,2022-05-16,weekly,True,True,2022-05-01,2022-05-16,-15.0,15.0,True,288056.0,727.7635305695246,20,5000.0,7,42,14,1.0,0.0,727763.5305695246,363881.7652847623,242587.84352317487,606469.6088079372,909704.4132119057,121293.92176158744,909704.4132119057,606469.6088079372,4822233.0,121293.92176158744,909704.4132119057,2.515306119832605,18.86479589874454,False,True,weekly_timing_eligible,omicron_era
New Zealand,primary,15,2022-06-10,2022-07-24,weekly,True,True,2022-07-05,2022-07-09,-4.0,4.0,True,342770.0,942.0695235786545,20,5000.0,7,42,14,1.0,0.0,942069.5235786545,471034.76178932725,314023.17452621815,785057.9363155455,1177586.904473318,157011.58726310908,1177586.904473318,785057.9363155455,4822233.0,157011.58726310908,1177586.904473318,3.255993380309684,24.419950352322626,False,True,weekly_timing_eligible,omicron_era
New Zealand,primary,16,2022-07-24,2022-08-27,weekly,True,False,2022-08-05,,,,False,171096.0,359.84218399465493,20,5000.0,7,42,14,1.0,0.0,359842.1839946549,179921.09199732746,119947.39466488498,299868.48666221247,449802.7299933186,59973.69733244249,449802.7299933186,299868.48666221247,4822233.0,59973.69733244249,449802.7299933186,1.2436914046343777,9.327685534757832,False,True,weekly_timing_eligible,omicron_era
New Zealand,primary,17,2022-09-15,2022-10-21,weekly,True,True,2022-10-04,2022-09-23,11.0,11.0,True,52771.0,454.92642716400013,20,5000.0,7,42,14,1.0,0.0,454926.4271640001,227463.21358200005,151642.14238800004,379105.35597000015,568658.0339550001,75821.07119400002,568658.0339550001,379105.35597000015,4822233.0,75821.07119400002,568658.0339550001,1.5723228469881074,11.792421352410805,False,False,weekly_timing_eligible,omicron_era
New Zealand,primary,18,2022-12-01,2022-12-29,weekly,True,True,2022-12-14,2022-12-30,-16.0,16.0,False,149559.0,550.002735475511,20,5000.0,7,42,14,1.0,0.0,550002.735475511,275001.3677377555,183334.24515850368,458335.61289625923,687503.4193443888,91667.12257925184,687503.4193443888,458335.61289625923,4822233.0,91667.12257925184,687503.4193443888,1.9009268647792805,14.256951485844601,False,True,weekly_timing_eligible,omicron_era
Nicaragua,primary,1,2020-03-10,2020-09-07,monthly,False,False,2020-05-11,,,,False,3773.0,8844.13246486296,20,5000.0,7,42,14,1.0,0.0,842298.3299869485,842298.3299869485,842298.3299869485,1052872.9124836856,701915.2749891238,1474022.07747716,1052872.9124836856,701915.2749891238,6624554.0,701915.2749891238,1474022.07747716,10.595660854891118,22.250887795271346,False,False,monthly_descriptive_only,2020
Nicaragua,primary,2,2020-09-07,2021-01-25,monthly,False,False,2020-12-08,,,,False,1180.0,767.9565417183971,20,5000.0,7,42,14,1.0,0.0,73138.71825889497,73138.71825889497,73138.71825889497,91423.39782361871,60948.93188241247,127992.75695306619,91423.39782361871,60948.93188241247,6624554.0,60948.93188241247,127992.75695306619,0.9200458156490606,1.932096212863027,False,False,monthly_descriptive_only,2020
Nicaragua,primary,3,2021-01-25,2021-07-08,monthly,False,False,2021-06-25,,,,False,1866.0,2881.543182375077,20,5000.0,7,42,14,1.0,0.0,480257.1970625128,480257.1970625128,480257.1970625128,480257.1970625128,480257.1970625128,480257.1970625128,600321.4963281411,400214.33088542736,6624554.0,400214.33088542736,600321.4963281411,6.041377742342011,9.062066613513016,False,False,monthly_descriptive_only,2021_pre_omicron
Nicaragua,primary,4,2021-07-08,2021-12-16,monthly,False,False,2021-08-28,,,,False,6674.0,8263.571610277346,20,5000.0,7,42,14,1.0,0.0,1377261.9350462244,1377261.9350462244,1377261.9350462244,1377261.9350462244,1377261.9350462244,1377261.9350462244,1721577.4188077806,1147718.279205187,6624554.0,1147718.279205187,1721577.4188077806,17.32521584404304,25.987823766064565,False,False,monthly_descriptive_only,2021_pre_omicron
Nicaragua,primary,5,2021-12-16,2022-03-25,monthly,False,False,2022-01-30,,,,False,729.0,1193.2473168009699,20,5000.0,7,42,14,1.0,0.0,1193247.31680097,596623.658400485,397749.1056003233,994372.7640008084,1491559.1460012123,198874.55280016165,1491559.1460012123,994372.7640008084,6624554.0,198874.55280016165,1491559.1460012123,3.0020821447022947,22.515616085267208,False,False,monthly_descriptive_only,omicron_era
Nicaragua,primary,6,2022-03-25,2022-08-04,monthly,False,False,2022-06-08,,,,False,585.0,1212.5286393967099,20,5000.0,7,42,14,1.0,0.0,1212528.6393967099,606264.3196983549,404176.2131322366,1010440.5328305917,1515660.7992458872,202088.1065661183,1515660.7992458872,1010440.5328305917,6624554.0,202088.1065661183,1515660.7992458872,3.050591882353413,22.879439117650595,False,False,monthly_descriptive_only,omicron_era
North Macedonia,primary,1,2020-02-01,2020-04-21,monthly,False,False,2020-03-26,,,,False,1231.0,121.56509076279767,20,5000.0,7,42,14,1.0,0.0,11577.627691695016,11577.627691695016,11577.627691695016,14472.034614618771,9648.023076412514,20260.848460466277,14472.034614618771,9648.023076412514,2083380.0,9648.023076412514,20260.848460466277,0.4630947343457513,0.9724989421260777,False,False,monthly_descriptive_only,2020
North Macedonia,primary,2,2020-04-21,2020-07-16,monthly,False,False,2020-06-02,,,,False,7398.0,802.4049411694652,20,5000.0,7,42,14,1.0,0.0,76419.51820661573,76419.51820661573,76419.51820661573,95524.39775826968,63682.931838846445,133734.15686157753,95524.39775826968,63682.931838846445,2083380.0,63682.931838846445,133734.15686157753,3.0567122579100525,6.41909574161111,False,False,monthly_descriptive_only,2020
North Macedonia,primary,3,2020-07-16,2020-09-07,monthly,False,False,2020-08-16,,,,False,6597.0,480.84663791839216,20,5000.0,7,42,14,1.0,0.0,45794.917896989726,45794.917896989726,45794.917896989726,57243.647371237166,38162.43158082478,80141.10631973202,57243.647371237166,38162.43158082478,2083380.0,38162.43158082478,80141.10631973202,1.8317556845522553,3.8466869375597352,False,False,monthly_descriptive_only,2020
North Macedonia,primary,4,2020-09-07,2021-01-14,monthly,False,False,2020-11-01,,,,False,72896.0,4698.1448273050155,20,5000.0,7,42,14,1.0,0.0,447442.36450523953,447442.36450523953,447442.36450523953,559302.9556315495,372868.63708769967,783024.1378841692,559302.9556315495,372868.63708769967,2083380.0,372868.63708769967,783024.1378841692,17.897293680831133,37.584316729745375,False,False,monthly_descriptive_only,2020
North Macedonia,primary,5,2021-01-14,2021-06-17,monthly,False,False,2021-03-23,,,,False,68003.0,3569.7011932393557,20,5000.0,7,42,14,1.0,0.0,594950.198873226,594950.198873226,594950.198873226,594950.198873226,594950.198873226,594950.198873226,743687.7485915325,495791.832394355,2083380.0,495791.832394355,743687.7485915325,23.79747489149147,35.6962123372372,False,False,monthly_descriptive_only,2021_pre_omicron
North Macedonia,primary,6,2021-06-17,2021-10-08,monthly,False,False,2021-08-13,,,,False,38648.0,3144.2672850775334,20,5000.0,7,42,14,1.0,0.0,524044.5475129222,524044.5475129222,524044.5475129222,524044.5475129222,524044.5475129222,524044.5475129222,655055.6843911528,436703.7895941019,2083380.0,436703.7895941019,655055.6843911528,20.961312367119866,31.4419685506798,False,False,monthly_descriptive_only,2021_pre_omicron
North Macedonia,primary,7,2021-10-08,2021-12-20,monthly,False,False,2021-11-10,,,,False,27565.0,1148.7467117161373,20,5000.0,7,42,14,1.0,0.0,191457.78528602287,191457.78528602287,191457.78528602287,191457.78528602287,191457.78528602287,191457.78528602287,239322.2316075286,159548.15440501907,2083380.0,159548.15440501907,239322.2316075286,7.658139869107848,11.48720980366177,False,False,monthly_descriptive_only,2021_pre_omicron
North Macedonia,primary,8,2021-12-20,2022-05-01,monthly,False,False,2022-01-27,,,,False,88286.0,1852.1804559850405,20,5000.0,7,42,14,1.0,0.0,1852180.4559850404,926090.2279925202,617393.4853283468,1543483.7133208672,2315225.5699813003,308696.7426641734,2315225.5699813003,1543483.7133208672,2083380.0,308696.7426641734,2315225.5699813003,14.817111744577247,111.12833808432933,True,False,monthly_descriptive_only,omicron_era
North Macedonia,primary,9,2022-05-01,2022-10-09,monthly,False,False,2022-07-27,,,,False,33748.0,452.8809755647724,20,5000.0,7,42,14,1.0,0.0,452880.97556477244,226440.48778238622,150960.32518825747,377400.81297064375,566101.2194559656,75480.16259412873,566101.2194559656,377400.81297064375,2083380.0,75480.16259412873,566101.2194559656,3.622966650065218,27.172249875489136,False,False,monthly_descriptive_only,omicron_era
Norway,primary,1,2020-02-01,2020-05-02,weekly,True,True,2020-03-13,2020-03-26,-13.0,13.0,True,7809.0,214.99531626940657,20,5000.0,7,42,14,1.0,0.0,20475.74440661015,20475.74440661015,20475.74440661015,25594.68050826269,17063.120338841793,35832.55271156776,25594.68050826269,17063.120338841793,5421242.0,17063.120338841793,35832.55271156776,0.31474559406943636,0.6609657475458163,False,False,weekly_timing_eligible,2020
Norway,primary,2,2020-08-07,2020-09-23,weekly,True,True,2020-08-25,2020-09-05,-11.0,11.0,True,3809.0,165.95249081940534,20,5000.0,7,42,14,1.0,0.0,15804.99912565765,15804.99912565765,15804.99912565765,19756.248907072066,13170.83260471471,27658.74846990089,19756.248907072066,13170.83260471471,5421242.0,13170.83260471471,27658.74846990089,0.24294861960994749,0.5101921011808898,False,False,weekly_timing_eligible,2020
Norway,primary,3,2021-06-02,2021-08-13,weekly,True,True,2021-07-28,2021-08-01,-4.0,4.0,True,18191.0,384.8334662937736,20,5000.0,7,42,14,1.0,0.0,64138.91104896226,64138.91104896226,64138.91104896226,64138.91104896226,64138.91104896226,64138.91104896226,80173.63881120284,53449.09254080189,5421242.0,53449.09254080189,80173.63881120284,0.9859196940627606,1.478879541094141,False,False,weekly_timing_eligible,2021_pre_omicron
Norway,primary,4,2021-08-13,2021-09-20,weekly,True,True,2021-08-30,2021-09-02,-3.0,3.0,True,40023.0,443.4876354170584,20,5000.0,7,42,14,1.0,0.0,73914.60590284306,73914.60590284306,73914.60590284306,73914.60590284306,73914.60590284306,73914.60590284306,92393.25737855384,61595.50491903589,5421242.0,61595.50491903589,92393.25737855384,1.13618807127658,1.7042821069148701,False,False,weekly_timing_eligible,2021_pre_omicron
Norway,primary,5,2021-09-20,2021-11-01,weekly,True,True,2021-10-19,2021-10-09,10.0,10.0,True,26376.0,801.0769032135556,20,5000.0,7,42,14,1.0,0.0,133512.81720225926,133512.81720225926,133512.81720225926,133512.81720225926,133512.81720225926,133512.81720225926,166891.0215028241,111260.68100188272,5421242.0,111260.68100188272,166891.0215028241,2.052309802843753,3.0784647042656292,False,False,weekly_timing_eligible,2021_pre_omicron
Norway,primary,6,2021-11-01,2022-01-02,weekly,True,True,2021-11-18,2021-11-11,7.0,7.0,True,192038.0,954.0205375202881,20,5000.0,7,42,14,1.0,0.0,159003.42292004803,159003.42292004803,159003.42292004803,159003.42292004803,159003.42292004803,159003.42292004803,198754.27865006003,132502.85243337337,5421242.0,132502.85243337337,198754.27865006003,2.444141996121431,3.6662129941821457,False,True,weekly_timing_eligible,2021_pre_omicron
Norway,primary,7,2022-02-14,2022-04-04,weekly,True,True,2022-03-03,2022-02-27,4.0,4.0,True,374298.0,835.8949007641911,20,5000.0,7,42,14,1.0,0.0,835894.900764191,417947.4503820955,278631.6335880637,696579.0839701593,1044868.6259552388,139315.81679403185,1044868.6259552388,696579.0839701593,5421242.0,139315.81679403185,1044868.6259552388,2.569813647758795,19.27360235819096,False,True,weekly_timing_eligible,omicron_era
Norway,primary,8,2022-04-04,2022-05-10,weekly,True,True,2022-04-23,2022-04-22,1.0,1.0,True,19991.0,431.33036983438177,20,5000.0,7,42,14,1.0,0.0,431330.36983438174,215665.18491719087,143776.7899447939,359441.97486198484,539162.9622929771,71888.39497239696,539162.9622929771,359441.97486198484,5421242.0,71888.39497239696,539162.9622929771,1.3260502846468938,9.945377134851702,False,False,weekly_timing_eligible,omicron_era
Norway,primary,9,2022-06-12,2022-07-15,weekly,True,True,2022-06-26,2022-06-25,1.0,1.0,True,15762.0,585.4459046263845,20,5000.0,7,42,14,1.0,0.0,585445.9046263845,292722.95231319225,195148.6348754615,487871.5871886538,731807.3807829806,97574.31743773074,731807.3807829806,487871.5871886538,5421242.0,97574.31743773074,731807.3807829806,1.7998517210213223,13.498887907659917,False,False,weekly_timing_eligible,omicron_era
Norway,primary,10,2022-08-10,2022-09-17,weekly,True,True,2022-09-01,2022-08-29,3.0,3.0,True,4103.0,525.1552492877743,20,5000.0,7,42,14,1.0,0.0,525155.2492877742,262577.6246438871,175051.7497625914,437629.3744064786,656444.0616097178,87525.8748812957,656444.0616097178,437629.3744064786,5421242.0,87525.8748812957,656444.0616097178,1.6144985758115153,12.108739318586364,False,False,weekly_timing_eligible,omicron_era
Norway,primary,11,2022-10-20,2022-11-13,weekly,True,True,2022-11-06,2022-11-08,-2.0,2.0,True,2817.0,423.93699967471065,20,5000.0,7,42,14,1.0,0.0,423936.9996747106,211968.4998373553,141312.33322490356,353280.8330622589,529921.2495933883,70656.16661245178,529921.2495933883,353280.8330622589,5421242.0,70656.16661245178,529921.2495933883,1.3033206525820427,9.774904894365319,False,False,weekly_timing_eligible,omicron_era
Norway,primary,12,2022-11-13,2022-12-31,weekly,True,True,2022-12-06,2022-12-19,-13.0,13.0,True,8554.0,1212.236818404534,20,5000.0,7,42,14,1.0,0.0,1212236.818404534,606118.409202267,404078.93946817797,1010197.3486704451,1515296.0230056674,202039.46973408898,1515296.0230056674,1010197.3486704451,5421242.0,202039.46973408898,1515296.0230056674,3.7268114895828117,27.951086171871083,False,False,weekly_timing_eligible,omicron_era
Oman,primary,1,2020-03-16,2020-07-23,monthly,False,False,2020-06-30,,,,False,72624.0,658.361444450616,20,5000.0,7,42,14,1.0,0.0,62701.089947677705,62701.089947677705,62701.089947677705,78376.36243459715,52250.90828973143,109726.90740843599,78376.36243459715,52250.90828973143,5106622.0,52250.90828973143,109726.90740843599,1.0231990597645848,2.1487180255056275,False,True,monthly_descriptive_only,2020
Oman,primary,2,2020-07-23,2020-12-25,monthly,False,False,2020-09-13,,,,False,56743.0,1421.3056495883413,20,5000.0,7,42,14,1.0,0.0,135362.44281793726,135362.44281793726,135362.44281793726,169203.0535224216,112802.03568161439,236884.27493139022,169203.0535224216,112802.03568161439,5106622.0,112802.03568161439,236884.27493139022,2.2089364687970714,4.63876658447385,False,False,monthly_descriptive_only,2020
Oman,primary,3,2021-02-07,2021-04-13,monthly,False,False,2021-04-04,,,,False,39323.0,684.6139871220952,20,5000.0,7,42,14,1.0,0.0,114102.33118701586,114102.33118701586,114102.33118701586,114102.33118701586,114102.33118701586,114102.33118701586,142627.91398376983,95085.27598917989,5106622.0,95085.27598917989,142627.91398376983,1.8619994976949517,2.7929992465424274,False,False,monthly_descriptive_only,2021_pre_omicron
Oman,primary,4,2021-04-13,2021-08-30,monthly,False,False,2021-06-11,,,,False,129210.0,3045.6787110458017,20,5000.0,7,42,14,1.0,0.0,507613.1185076336,507613.1185076336,507613.1185076336,507613.1185076336,507613.1185076336,507613.1185076336,634516.398134542,423010.9320896947,5106622.0,423010.9320896947,634516.398134542,8.28357634635371,12.425364519530563,False,False,monthly_descriptive_only,2021_pre_omicron
Oman,primary,5,2021-10-27,2022-03-17,monthly,False,False,2022-01-24,,,,False,82975.0,646.0502746912076,20,5000.0,7,42,14,1.0,0.0,646050.2746912076,323025.1373456038,215350.09156373586,538375.2289093398,807562.8433640095,107675.04578186793,807562.8433640095,538375.2289093398,5106622.0,107675.04578186793,807562.8433640095,2.1085376160966667,15.814032120725003,False,False,monthly_descriptive_only,omicron_era
Palestine,primary,1,2020-07-22,2020-10-03,monthly,False,False,2020-09-01,,,,False,31850.0,466.6899005505225,20,5000.0,7,42,14,1.0,0.0,44446.65719528786,44446.65719528786,44446.65719528786,55558.32149410983,37038.88099607322,77781.65009175375,55558.32149410983,37038.88099607322,5101416.0,37038.88099607322,77781.65009175375,0.726050982630572,1.524707063524201,False,False,monthly_descriptive_only,2020
Palestine,primary,2,2020-10-03,2021-01-14,monthly,False,False,2020-11-26,,,,False,109739.0,1448.0930889821893,20,5000.0,7,42,14,1.0,0.0,137913.62752211327,137913.62752211327,137913.62752211327,172392.03440264158,114928.02293509438,241348.84816369822,172392.03440264158,114928.02293509438,5101416.0,114928.02293509438,241348.84816369822,2.252865144404894,4.731016803250278,False,False,monthly_descriptive_only,2020
Palestine,primary,3,2021-01-14,2021-07-12,monthly,False,False,2021-03-12,,,,False,165455.0,2566.056550390952,20,5000.0,7,42,14,1.0,0.0,427676.0917318253,427676.0917318253,427676.0917318253,427676.0917318253,427676.0917318253,427676.0917318253,534595.1146647817,356396.74310985446,5101416.0,356396.74310985446,534595.1146647817,6.986231726835342,10.479347590253013,False,False,monthly_descriptive_only,2021_pre_omicron
Palestine,primary,4,2021-07-12,2021-11-03,monthly,False,False,2021-09-01,,,,False,139349.0,1183.4692605146743,20,5000.0,7,42,14,1.0,0.0,197244.8767524457,197244.8767524457,197244.8767524457,197244.8767524457,197244.8767524457,197244.8767524457,246556.09594055716,164370.7306270381,5101416.0,164370.7306270381,246556.09594055716,3.2220609067568318,4.833091360135248,False,False,monthly_descriptive_only,2021_pre_omicron
Panama,primary,1,2020-03-16,2020-06-01,monthly,False,False,2020-05-05,,,,False,13794.0,1279.8017340729389,20,5000.0,7,42,14,1.0,0.0,121885.87943551799,121885.87943551799,121885.87943551799,152357.34929439749,101571.56619626499,213300.28901215649,152357.34929439749,101571.56619626499,4314768.0,101571.56619626499,213300.28901215649,2.3540446716084156,4.943493810377673,False,False,monthly_descriptive_only,2020
Panama,primary,2,2020-06-01,2020-09-30,monthly,False,False,2020-07-08,,,,False,99132.0,3340.418008345768,20,5000.0,7,42,14,1.0,0.0,318135.0484138827,318135.0484138827,318135.0484138827,397668.81051735335,265112.54034490226,556736.3347242947,397668.81051735335,265112.54034490226,4314768.0,265112.54034490226,556736.3347242947,6.1443057968563375,12.903042173398308,False,False,monthly_descriptive_only,2020
Panama,primary,3,2020-09-30,2020-11-16,monthly,False,False,2020-10-23,,,,False,35814.0,746.0489106622178,20,5000.0,7,42,14,1.0,0.0,71052.27720592551,71052.27720592551,71052.27720592551,88815.3465074069,59210.23100493792,124341.48511036964,88815.3465074069,59210.23100493792,4314768.0,59210.23100493792,124341.48511036964,1.3722691696271485,2.8817652562170117,False,False,monthly_descriptive_only,2020
Panama,primary,4,2020-11-16,2021-04-18,monthly,False,False,2021-01-17,,,,False,214188.0,4724.677601306965,20,5000.0,7,42,14,1.0,0.0,787446.2668844941,787446.2668844941,787446.2668844941,787446.2668844941,787446.2668844941,787446.2668844941,984307.8336056178,656205.2224037452,4314768.0,656205.2224037452,984307.8336056178,15.208354711162807,22.812532066744208,False,False,monthly_descriptive_only,2021_pre_omicron
Panama,primary,5,2021-04-18,2021-06-13,monthly,False,False,2021-06-07,,,,False,27245.0,572.0370109456771,20,5000.0,7,42,14,1.0,0.0,95339.50182427952,95339.50182427952,95339.50182427952,95339.50182427952,95339.50182427952,95339.50182427952,119174.37728034942,79449.58485356627,4314768.0,79449.58485356627,119174.37728034942,1.8413408288363655,2.7620112432545483,False,False,monthly_descriptive_only,2021_pre_omicron
Panama,primary,6,2021-06-13,2021-09-26,monthly,False,False,2021-07-29,,,,False,79051.0,1304.7948332430747,20,5000.0,7,42,14,1.0,0.0,217465.80554051243,217465.80554051243,217465.80554051243,217465.80554051243,217465.80554051243,217465.80554051243,271832.25692564057,181221.5046170937,4314768.0,181221.5046170937,271832.25692564057,4.200028938220867,6.300043407331299,False,False,monthly_descriptive_only,2021_pre_omicron
Paraguay,primary,1,2020-05-21,2020-10-22,monthly,False,False,2020-09-18,,,,False,56693.0,2547.3857938158417,20,5000.0,7,42,14,1.0,0.0,242608.17083960396,242608.17083960396,242608.17083960396,303260.213549505,202173.47569966997,424564.2989693069,303260.213549505,202173.47569966997,7132530.0,202173.47569966997,424564.2989693069,2.8345268186698127,5.9525063192066066,False,False,monthly_descriptive_only,2020
Paraguay,primary,2,2020-10-22,2020-12-28,monthly,False,False,2020-11-25,,,,False,48555.0,1886.0884300704395,20,5000.0,7,42,14,1.0,0.0,179627.46953051802,179627.46953051802,179627.46953051802,224534.33691314756,149689.55794209836,314348.07167840656,224534.33691314756,149689.55794209836,7132530.0,149689.55794209836,314348.07167840656,2.098688094436313,4.407244998316258,False,False,monthly_descriptive_only,2020
Paraguay,primary,3,2020-12-28,2021-09-06,monthly,False,False,2021-05-03,,,,False,354500.0,20316.35355366783,20,5000.0,7,42,14,1.0,0.0,3386058.9256113046,3386058.9256113046,3386058.9256113046,3386058.9256113046,3386058.9256113046,3386058.9256113046,4232573.657014132,2821715.771342754,7132530.0,2821715.771342754,4232573.657014132,39.56121840837338,59.34182761256008,False,False,monthly_descriptive_only,2021_pre_omicron
Paraguay,primary,4,2021-09-06,2021-11-10,monthly,False,False,2021-10-19,,,,False,2582.0,1059.9981589241029,20,5000.0,7,42,14,1.0,0.0,176666.3598206838,176666.3598206838,176666.3598206838,176666.3598206838,176666.3598206838,176666.3598206838,220832.9497758548,147221.96651723652,7132530.0,147221.96651723652,220832.9497758548,2.0640917951587516,3.096137692738128,False,False,monthly_descriptive_only,2021_pre_omicron
Paraguay,primary,5,2021-11-10,2022-04-17,monthly,False,False,2021-12-29,,,,False,187033.0,7839.185020309775,20,5000.0,7,42,14,1.0,0.0,7839185.020309774,3919592.510154887,2613061.6734365914,6532654.183591479,9798981.275387218,1306530.8367182957,9798981.275387218,6532654.183591479,7132530.0,1306530.8367182957,9798981.275387218,18.317915756657115,137.38436817492837,True,False,monthly_descriptive_only,omicron_era
Paraguay,primary,6,2022-04-17,2022-08-11,monthly,False,False,2022-06-15,,,,False,62444.0,1728.2895345683537,20,5000.0,7,42,14,1.0,0.0,1728289.5345683536,864144.7672841768,576096.5115227846,1440241.2788069616,2160361.918210442,288048.2557613923,2160361.918210442,1440241.2788069616,7132530.0,288048.2557613923,2160361.918210442,4.038514464872805,30.288858486546037,False,False,monthly_descriptive_only,omicron_era
Paraguay,primary,7,2022-08-11,2022-12-20,monthly,False,False,2022-11-26,,,,False,70221.0,1723.1444502879433,20,5000.0,7,42,14,1.0,0.0,1723144.4502879432,861572.2251439716,574381.4834293145,1435953.7085732862,2153930.562859929,287190.7417146572,2153930.562859929,1435953.7085732862,7132530.0,287190.7417146572,2153930.562859929,4.026491885973942,30.19868914480457,False,False,monthly_descriptive_only,omicron_era
Peru,primary,1,2020-02-01,2020-06-08,weekly,True,True,2020-05-16,2020-05-30,-14.0,14.0,True,199696.0,39075.520167393144,20,5000.0,7,42,14,1.0,0.0,3721478.1111802994,3721478.1111802994,3721478.1111802994,4651847.638975374,3101231.759316916,6512586.694565524,4651847.638975374,3101231.759316916,32971846.0,3101231.759316916,6512586.694565524,9.405696482134836,19.751962612483158,False,False,weekly_timing_eligible,2020
Peru,primary,2,2020-06-08,2020-10-09,weekly,True,True,2020-07-15,2020-07-06,9.0,9.0,True,642099.0,46573.941049642846,20,5000.0,7,42,14,1.0,0.0,4435613.433299319,4435613.433299319,4435613.433299319,5544516.791624148,3696344.5277494323,7762323.508273807,5544516.791624148,3696344.5277494323,32971846.0,3696344.5277494323,7762323.508273807,11.210608371000617,23.542277579101295,False,False,weekly_timing_eligible,2020
Peru,primary,3,2020-10-09,2020-11-09,weekly,True,True,2020-10-24,2020-10-22,2.0,2.0,True,86671.0,1311.4409443135387,20,5000.0,7,42,14,1.0,0.0,124899.13755367034,124899.13755367034,124899.13755367034,156123.92194208794,104082.61462805863,218573.4907189231,156123.92194208794,104082.61462805863,32971846.0,104082.61462805863,218573.4907189231,0.3156711778529435,0.6629094734911812,False,False,weekly_timing_eligible,2020
Peru,primary,4,2020-11-09,2021-02-13,weekly,True,True,2021-01-26,2021-01-23,3.0,3.0,True,300738.0,39410.204225153764,20,5000.0,7,42,14,1.0,0.0,6568367.370858961,6568367.370858961,6568367.370858961,6568367.370858961,6568367.370858961,6568367.370858961,8210459.213573702,5473639.475715801,32971846.0,5473639.475715801,8210459.213573702,16.60094941519441,24.901424122791614,False,False,weekly_timing_eligible,2021_pre_omicron
Peru,primary,5,2021-02-13,2021-07-23,weekly,True,True,2021-03-24,2021-04-10,-17.0,17.0,True,888830.0,76410.45046017236,20,5000.0,7,42,14,1.0,0.0,12735075.076695394,12735075.076695394,12735075.076695394,12735075.076695394,12735075.076695394,12735075.076695394,15918843.845869243,10612562.563912828,32971846.0,10612562.563912828,15918843.845869243,32.1867406632702,48.2801109949053,False,False,weekly_timing_eligible,2021_pre_omicron
Peru,primary,6,2021-07-23,2021-09-02,weekly,True,True,2021-08-05,2021-08-03,2.0,2.0,True,52596.0,1054.526333657652,20,5000.0,7,42,14,1.0,0.0,175754.388942942,175754.388942942,175754.388942942,175754.388942942,175754.388942942,175754.388942942,219692.98617867753,146461.990785785,32971846.0,146461.990785785,219692.98617867753,0.4442031871245091,0.6663047806867639,False,False,weekly_timing_eligible,2021_pre_omicron
Peru,primary,7,2021-10-04,2021-11-27,weekly,True,True,2021-11-17,2021-11-22,-5.0,5.0,True,53810.0,1363.6278089978157,20,5000.0,7,42,14,1.0,0.0,227271.30149963594,227271.30149963594,227271.30149963594,227271.30149963594,227271.30149963594,227271.30149963594,284089.12687454495,189392.75124969662,32971846.0,189392.75124969662,284089.12687454495,0.5744074846452231,0.8616112269678348,False,False,weekly_timing_eligible,2021_pre_omicron
Peru,primary,8,2021-11-27,2022-03-08,weekly,True,True,2022-01-08,2022-01-22,-14.0,14.0,True,1297764.0,16448.387911267408,20,5000.0,7,42,14,1.0,0.0,16448387.911267407,8224193.955633704,5482795.970422469,13706989.926056175,20560484.889084257,2741397.9852112345,20560484.889084257,13706989.926056175,32971846.0,2741397.9852112345,20560484.889084257,8.314360030709942,62.357700230324554,False,False,weekly_timing_eligible,omicron_era
Peru,primary,9,2022-04-07,2022-05-06,weekly,True,True,2022-04-21,2022-04-25,-4.0,4.0,True,19515.0,1927.189308344956,20,5000.0,7,42,14,1.0,0.0,1927189.308344956,963594.654172478,642396.4361149854,1605991.0902874635,2408986.635431195,321198.2180574927,2408986.635431195,1605991.0902874635,32971846.0,321198.2180574927,2408986.635431195,0.9741590387674766,7.306192790756075,False,False,weekly_timing_eligible,omicron_era
Peru,primary,10,2022-05-28,2022-09-11,weekly,True,True,2022-07-19,2022-07-21,-2.0,2.0,True,547657.0,7164.429487340126,20,5000.0,7,42,14,1.0,0.0,7164429.487340126,3582214.743670063,2388143.1624467084,5970357.906116772,8955536.859175157,1194071.5812233542,8955536.859175157,5970357.906116772,32971846.0,1194071.5812233542,8955536.859175157,3.621488409303362,27.161163069775213,False,False,weekly_timing_eligible,omicron_era
Philippines,primary,1,2020-03-11,2020-10-05,monthly,False,False,2020-07-18,,,,False,324729.0,22129.78301885822,20,5000.0,7,42,14,1.0,0.0,2107598.3827484017,2107598.3827484017,2107598.3827484017,2634497.9784355024,1756331.9856236682,3688297.1698097032,2634497.9784355024,1756331.9856236682,109581085.0,1756331.9856236682,3688297.1698097032,1.6027692969308236,3.3658155235547293,False,False,monthly_descriptive_only,2020
Philippines,primary,2,2020-11-05,2021-05-07,monthly,False,False,2021-04-04,,,,False,699748.0,78627.21067090007,20,5000.0,7,42,14,1.0,0.0,13104535.111816678,13104535.111816678,13104535.111816678,13104535.111816678,13104535.111816678,13104535.111816678,16380668.889770849,10920445.9265139,109581085.0,10920445.9265139,16380668.889770849,9.965630406482925,14.948445609724388,False,False,monthly_descriptive_only,2021_pre_omicron
Philippines,primary,3,2021-05-07,2021-11-17,monthly,False,False,2021-08-24,,,,False,1740322.0,214191.4544918759,20,5000.0,7,42,14,1.0,0.0,35698575.74864598,35698575.74864598,35698575.74864598,35698575.74864598,35698575.74864598,35698575.74864598,44623219.68580748,29748813.12387165,109581085.0,29748813.12387165,44623219.68580748,27.147762886151064,40.721644329226606,False,False,monthly_descriptive_only,2021_pre_omicron
Philippines,primary,4,2021-11-17,2022-03-25,monthly,False,False,2021-12-28,,,,False,857243.0,36970.94510835314,20,5000.0,7,42,14,1.0,0.0,36970945.10835314,18485472.55417657,12323648.369451046,30809120.92362762,46213681.38544142,6161824.184725523,46213681.38544142,30809120.92362762,109581085.0,6161824.184725523,46213681.38544142,5.623072800132909,42.17304600099681,False,False,monthly_descriptive_only,omicron_era
Philippines,primary,5,2022-03-25,2022-09-26,monthly,False,False,2022-07-28,,,,False,264671.0,42679.54912253024,20,5000.0,7,42,14,1.0,0.0,42679549.12253024,21339774.56126512,14226516.374176746,35566290.93544187,53349436.4031628,7113258.187088373,53349436.4031628,35566290.93544187,109581085.0,7113258.187088373,53349436.4031628,6.491319361446706,48.68489521085031,False,False,monthly_descriptive_only,omicron_era
Philippines,primary,6,2022-09-26,2022-12-31,monthly,False,False,2022-12-19,,,,False,126240.0,24899.810141377817,20,5000.0,7,42,14,1.0,0.0,24899810.141377818,12449905.070688909,8299936.713792605,20749841.784481514,31124762.67672227,4149968.3568963027,31124762.67672227,20749841.784481514,109581085.0,4149968.3568963027,31124762.67672227,3.7871210682904834,28.403408012178623,False,False,monthly_descriptive_only,omicron_era
Poland,primary,1,2020-03-07,2020-04-08,weekly,True,True,2020-03-27,2020-04-08,-12.0,12.0,True,5200.0,1074.332910586533,20,5000.0,7,42,14,1.0,0.0,102317.42005586028,102317.42005586028,102317.42005586028,127896.77506982537,85264.5167132169,179055.4850977555,127896.77506982537,85264.5167132169,37846605.0,85264.5167132169,179055.4850977555,0.22528973659121312,0.47310844684154757,False,False,weekly_timing_eligible,2020
Poland,primary,2,2020-04-29,2020-05-31,weekly,True,True,2020-05-16,2020-05-09,7.0,7.0,True,11568.0,2039.1570977016852,20,5000.0,7,42,14,1.0,0.0,194205.43787635094,194205.43787635094,194205.43787635094,242756.79734543874,161837.86489695913,339859.5162836142,242756.79734543874,161837.86489695913,37846605.0,161837.86489695913,339859.5162836142,0.4276152772407436,0.8979920822055616,False,False,weekly_timing_eligible,2020
Poland,primary,3,2020-06-30,2020-08-11,weekly,True,True,2020-07-25,2020-07-15,10.0,10.0,True,18807.0,4258.110912877031,20,5000.0,7,42,14,1.0,0.0,405534.3726549553,405534.3726549553,405534.3726549553,506917.9658186942,337945.3105457961,709685.1521461719,506917.9658186942,337945.3105457961,37846605.0,337945.3105457961,709685.1521461719,0.8929342818088866,1.8751619917986617,False,False,weekly_timing_eligible,2020
Poland,primary,4,2020-08-11,2020-09-07,weekly,True,True,2020-08-28,2020-08-24,4.0,4.0,True,18716.0,3053.0624641476943,20,5000.0,7,42,14,1.0,0.0,290767.8537283518,290767.8537283518,290767.8537283518,363459.8171604398,242306.54477362652,508843.74402461573,363459.8171604398,242306.54477362652,37846605.0,242306.54477362652,508843.74402461573,0.6402332382881543,1.3444898004051242,False,False,weekly_timing_eligible,2020
Poland,primary,5,2020-09-07,2020-11-29,weekly,True,True,2020-10-18,2020-11-08,-21.0,21.0,True,914251.0,59461.76404023797,20,5000.0,7,42,14,1.0,0.0,5663025.14668933,5663025.14668933,5663025.14668933,7078781.4333616635,4719187.622241109,9910294.006706327,7078781.4333616635,4719187.622241109,37846605.0,4719187.622241109,9910294.006706327,12.469249546270024,26.18542404716705,False,False,weekly_timing_eligible,2020
Poland,primary,6,2020-11-29,2021-01-21,weekly,True,True,2020-12-06,2020-12-11,-5.0,5.0,True,484162.0,20047.87351560168,20,5000.0,7,42,14,1.0,0.0,1909321.28720016,1909321.28720016,1909321.28720016,2386651.6090002004,1591101.0726668,3341312.25260028,2386651.6090002004,1591101.0726668,37846605.0,1591101.0726668,3341312.25260028,4.204078734847683,8.828565343180134,False,False,weekly_timing_eligible,2020
Poland,primary,7,2021-01-21,2021-05-14,weekly,True,True,2021-03-17,2021-03-29,-12.0,12.0,True,1398267.0,46546.67668870819,20,5000.0,7,42,14,1.0,0.0,7757779.448118032,7757779.448118032,7757779.448118032,7757779.448118032,7757779.448118032,7757779.448118032,9697224.31014754,6464816.206765027,37846605.0,6464816.206765027,9697224.31014754,17.08162781513699,25.622441722705485,False,False,weekly_timing_eligible,2021_pre_omicron
Poland,primary,8,2021-05-14,2021-06-16,weekly,True,True,2021-05-29,2021-06-08,-10.0,10.0,True,32299.0,4579.116074287266,20,5000.0,7,42,14,1.0,0.0,763186.012381211,763186.012381211,763186.012381211,763186.012381211,763186.012381211,763186.012381211,953982.5154765139,635988.3436510093,37846605.0,635988.3436510093,953982.5154765139,1.6804369735436224,2.520655460315434,False,False,weekly_timing_eligible,2021_pre_omicron
Poland,primary,9,2021-08-05,2021-09-11,weekly,True,True,2021-08-26,2021-08-19,7.0,7.0,True,9725.0,4064.7892243745036,20,5000.0,7,42,14,1.0,0.0,677464.8707290839,677464.8707290839,677464.8707290839,677464.8707290839,677464.8707290839,677464.8707290839,846831.088411355,564554.0589409033,37846605.0,564554.0589409033,846831.088411355,1.4916900972779545,2.237535145916932,False,False,weekly_timing_eligible,2021_pre_omicron
Poland,primary,10,2021-09-11,2022-01-04,weekly,True,True,2021-11-25,2021-12-04,-9.0,9.0,True,1252876.0,56438.21363135641,20,5000.0,7,42,14,1.0,0.0,9406368.938559402,9406368.938559402,9406368.938559402,9406368.938559402,9406368.938559402,9406368.938559402,11757961.173199253,7838640.782132835,37846605.0,7838640.782132835,11757961.173199253,20.711608827615674,31.067413241423512,False,False,weekly_timing_eligible,2021_pre_omicron
Poland,primary,11,2022-01-04,2022-02-19,weekly,True,True,2022-01-19,2022-01-30,-11.0,11.0,True,1406451.0,8387.89947475575,20,5000.0,7,42,14,1.0,0.0,8387899.47475575,4193949.737377875,2795966.49158525,6989916.2289631255,10484874.343444686,1397983.245792625,10484874.343444686,6989916.2289631255,37846605.0,1397983.245792625,10484874.343444686,3.6938141368099595,27.70360602607469,False,True,weekly_timing_eligible,omicron_era
Poland,primary,12,2022-03-18,2022-05-07,weekly,True,True,2022-04-02,2022-04-23,-21.0,21.0,True,136803.0,4798.550457813124,20,5000.0,7,42,14,1.0,0.0,4798550.457813124,2399275.228906562,1599516.8192710413,3998792.0481776036,5998188.0722664045,799758.4096355207,5998188.0722664045,3998792.0481776036,37846605.0,799758.4096355207,5998188.0722664045,2.113157599302555,15.84868199476916,False,False,weekly_timing_eligible,omicron_era
Poland,primary,13,2022-05-07,2022-06-21,weekly,True,True,2022-06-07,2022-05-27,11.0,11.0,True,12143.0,3184.665279732488,20,5000.0,7,42,14,1.0,0.0,3184665.279732488,1592332.639866244,1061555.0932441626,2653887.733110407,3980831.59966561,530777.5466220813,3980831.59966561,2653887.733110407,37846605.0,530777.5466220813,3980831.59966561,1.4024442790101816,10.518332092576362,False,False,weekly_timing_eligible,omicron_era
Poland,primary,14,2022-07-13,2022-08-13,weekly,True,True,2022-07-30,2022-08-12,-13.0,13.0,True,93994.0,3556.8308013969136,20,5000.0,7,42,14,1.0,0.0,3556830.8013969134,1778415.4006984567,1185610.2671323046,2964025.6678307615,4446038.501746141,592805.1335661523,4446038.501746141,2964025.6678307615,37846605.0,592805.1335661523,4446038.501746141,1.5663363558399817,11.74752266879986,False,False,weekly_timing_eligible,omicron_era
Poland,primary,15,2022-08-13,2022-10-18,weekly,True,True,2022-09-05,2022-09-16,-11.0,11.0,True,215450.0,7437.901561606332,20,5000.0,7,42,14,1.0,0.0,7437901.561606332,3718950.780803166,2479300.520535444,6198251.30133861,9297376.952007914,1239650.260267722,9297376.952007914,6198251.30133861,37846605.0,1239650.260267722,9297376.952007914,3.2754596093037196,24.56594706977789,False,False,weekly_timing_eligible,omicron_era
Poland,primary,16,2022-10-18,2022-12-31,weekly,True,True,2022-12-08,2022-12-15,-7.0,7.0,True,41446.0,11453.91991960054,20,5000.0,7,42,14,1.0,0.0,11453919.919600539,5726959.959800269,3817973.306533513,9544933.266333783,14317399.899500674,1908986.6532667566,14317399.899500674,9544933.266333783,37846605.0,1908986.6532667566,14317399.899500674,5.044010297004861,37.83007722753646,False,False,weekly_timing_eligible,omicron_era
Portugal,primary,1,2020-02-01,2020-04-24,weekly,True,True,2020-03-17,2020-03-31,-14.0,14.0,True,22797.0,2831.2367078297298,20,5000.0,7,42,14,1.0,0.0,269641.591221879,269641.591221879,269641.591221879,337051.9890273488,224701.32601823253,471872.78463828826,337051.9890273488,224701.32601823253,10196707.0,224701.32601823253,471872.78463828826,2.203665614969936,4.627697791436865,False,False,weekly_timing_eligible,2020
Portugal,primary,2,2020-04-24,2020-05-25,weekly,True,True,2020-05-08,2020-05-07,1.0,1.0,True,8596.0,798.3241825900058,20,5000.0,7,42,14,1.0,0.0,76030.8745323815,76030.8745323815,76030.8745323815,95038.59316547688,63359.062110317915,133054.03043166763,95038.59316547688,63359.062110317915,10196707.0,63359.062110317915,133054.03043166763,0.6213678799471036,1.3048725478889178,False,False,weekly_timing_eligible,2020
Portugal,primary,3,2020-05-25,2020-07-24,weekly,True,True,2020-06-28,2020-07-10,-12.0,12.0,True,19069.0,2814.7323986933625,20,5000.0,7,42,14,1.0,0.0,268069.7522565107,268069.7522565107,268069.7522565107,335087.1903206384,223391.46021375892,469122.06644889375,335087.1903206384,223391.46021375892,10196707.0,223391.46021375892,469122.06644889375,2.1908196461245666,4.600721256861591,False,False,weekly_timing_eligible,2020
Portugal,primary,4,2020-07-24,2020-09-06,weekly,True,True,2020-08-21,2020-09-02,-12.0,12.0,True,10879.0,1502.827201251208,20,5000.0,7,42,14,1.0,0.0,143126.40011916266,143126.40011916266,143126.40011916266,178908.00014895335,119272.00009930221,250471.20020853466,178908.00014895335,119272.00009930221,10196707.0,119272.00009930221,250471.20020853466,1.1697109674653023,2.4563930316771354,False,False,weekly_timing_eligible,2020
Portugal,primary,5,2020-09-06,2020-09-26,weekly,True,True,2020-09-22,2020-10-02,-10.0,10.0,False,12996.0,684.7116890923792,20,5000.0,7,42,14,1.0,0.0,65210.63705641706,65210.63705641706,65210.63705641706,81513.29632052133,54342.19754701422,114118.61484872986,81513.29632052133,54342.19754701422,10196707.0,54342.19754701422,114118.61484872986,0.5329386982190841,1.1191712662600766,False,False,weekly_timing_eligible,2020
Portugal,primary,6,2020-11-04,2020-12-03,weekly,True,True,2020-11-18,2020-11-16,2.0,2.0,True,158175.0,2450.9406461847702,20,5000.0,7,42,14,1.0,0.0,233422.91868426383,233422.91868426383,233422.91868426383,291778.6483553298,194519.09890355318,408490.1076974617,291778.6483553298,194519.09890355318,10196707.0,194519.09890355318,408490.1076974617,1.907665866083562,4.00609831877548,False,False,weekly_timing_eligible,2020
Portugal,primary,7,2020-12-03,2021-03-11,weekly,True,True,2021-01-02,2020-12-21,12.0,12.0,True,508729.0,10351.609447447838,20,5000.0,7,42,14,1.0,0.0,1725268.2412413063,1725268.2412413063,1725268.2412413063,1725268.2412413063,1725268.2412413063,1725268.2412413063,2156585.301551633,1437723.5343677553,10196707.0,1437723.5343677553,2156585.301551633,14.099880818069552,21.14982122710433,False,False,weekly_timing_eligible,2021_pre_omicron
Portugal,primary,8,2021-06-04,2021-07-09,weekly,True,True,2021-06-24,2021-05-31,24.0,24.0,False,51458.0,612.1503543411683,20,5000.0,7,42,14,1.0,0.0,102025.05905686138,102025.05905686138,102025.05905686138,102025.05905686138,102025.05905686138,102025.05905686138,127531.32382107673,85020.88254738449,10196707.0,85020.88254738449,127531.32382107673,0.8338072531395135,1.25071087970927,False,False,weekly_timing_eligible,2021_pre_omicron
Portugal,primary,9,2021-07-09,2021-08-26,weekly,True,True,2021-08-04,2021-07-20,15.0,15.0,True,129126.0,1384.1027794620888,20,5000.0,7,42,14,1.0,0.0,230683.79657701481,230683.79657701481,230683.79657701481,230683.79657701481,230683.79657701481,230683.79657701481,288354.7457212685,192236.49714751233,10196707.0,192236.49714751233,288354.7457212685,1.8852801904331695,2.8279202856497547,False,False,weekly_timing_eligible,2021_pre_omicron
Portugal,primary,10,2021-08-26,2021-10-06,weekly,True,True,2021-09-20,2021-08-22,29.0,29.0,False,46668.0,1134.282816179678,20,5000.0,7,42,14,1.0,0.0,189047.13602994636,189047.13602994636,189047.13602994636,189047.13602994636,189047.13602994636,189047.13602994636,236308.92003743295,157539.28002495528,10196707.0,157539.28002495528,236308.92003743295,1.5450015384864473,2.3175023077296713,False,False,weekly_timing_eligible,2021_pre_omicron
Portugal,primary,11,2021-10-06,2021-12-22,weekly,True,True,2021-11-10,2021-10-29,12.0,12.0,True,170508.0,2906.679464504014,20,5000.0,7,42,14,1.0,0.0,484446.57741733565,484446.57741733565,484446.57741733565,484446.57741733565,484446.57741733565,484446.57741733565,605558.2217716697,403705.48118111305,10196707.0,403705.48118111305,605558.2217716697,3.9591750668241525,5.93876260023623,False,False,weekly_timing_eligible,2021_pre_omicron
Portugal,primary,12,2021-12-22,2022-02-07,weekly,True,True,2022-01-16,2022-01-28,-12.0,12.0,True,1776109.0,290.17937241994,20,5000.0,7,42,14,1.0,0.0,290179.37241994,145089.68620997,96726.45747331333,241816.1436832834,362724.21552492504,48363.22873665667,362724.21552492504,241816.1436832834,10196707.0,48363.22873665667,362724.21552492504,0.47430242662318994,3.5572681996739246,False,True,weekly_timing_eligible,omicron_era
Portugal,primary,13,2022-03-15,2022-04-08,weekly,True,True,2022-03-28,2022-03-08,20.0,20.0,False,264367.0,1041.7324885531593,20,5000.0,7,42,14,1.0,0.0,1041732.4885531593,520866.24427657964,347244.1628510531,868110.4071276329,1302165.6106914491,173622.08142552656,1302165.6106914491,868110.4071276329,10196707.0,173622.08142552656,1302165.6106914491,1.702726982598662,12.770452369489966,False,True,weekly_timing_eligible,omicron_era
Portugal,primary,14,2022-05-05,2022-06-07,weekly,True,True,2022-05-23,2022-05-30,-7.0,7.0,True,777624.0,2467.631794180544,20,5000.0,7,42,14,1.0,0.0,2467631.794180544,1233815.897090272,822543.9313935147,2056359.828483787,3084539.74272568,411271.96569675737,3084539.74272568,2056359.828483787,10196707.0,411271.96569675737,3084539.74272568,4.033380244198027,30.250351831485204,False,True,weekly_timing_eligible,omicron_era
Portugal,primary,15,2022-06-07,2022-08-02,weekly,True,True,2022-06-24,2022-07-08,-14.0,14.0,True,573689.0,3412.7871134735174,20,5000.0,7,42,14,1.0,0.0,3412787.1134735174,1706393.5567367587,1137595.7044911725,2843989.2612279314,4265983.891841897,568797.8522455862,4265983.891841897,2843989.2612279314,10196707.0,568797.8522455862,4265983.891841897,5.5782504316892325,41.83687823766925,False,True,weekly_timing_eligible,omicron_era
Portugal,primary,16,2022-08-02,2022-09-10,weekly,True,True,2022-08-26,2022-08-26,0.0,0.0,True,95810.0,1305.3359409480354,20,5000.0,7,42,14,1.0,0.0,1305335.9409480353,652667.9704740177,435111.98031601176,1087779.9507900295,1631669.9261850442,217555.99015800588,1631669.9261850442,1087779.9507900295,10196707.0,217555.99015800588,1631669.9261850442,2.1335906794027313,16.00193009552049,False,False,weekly_timing_eligible,omicron_era
Portugal,primary,17,2022-10-04,2022-12-31,weekly,True,True,2022-11-21,2022-11-09,12.0,12.0,True,55932.0,3650.3812965212455,20,5000.0,7,42,14,1.0,0.0,3650381.2965212455,1825190.6482606228,1216793.7655070818,3041984.4137677047,4562976.620651557,608396.8827535409,4562976.620651557,3041984.4137677047,10196707.0,608396.8827535409,4562976.620651557,5.96660159749163,44.749511981187226,False,False,weekly_timing_eligible,omicron_era
Qatar,primary,1,2020-03-28,2020-08-07,monthly,False,False,2020-06-02,,,,False,111821.0,264.01872626557974,20,5000.0,7,42,14,1.0,0.0,25144.640596721878,25144.640596721878,25144.640596721878,31430.800745902354,20953.8671639349,44003.12104426329,31430.800745902354,20953.8671639349,2881060.0,20953.8671639349,44003.12104426329,0.727297146325828,1.527324007284239,False,True,monthly_descriptive_only,2020
Qatar,primary,2,2021-01-24,2021-05-14,monthly,False,False,2021-03-26,,,,False,63895.0,338.1240669577669,20,5000.0,7,42,14,1.0,0.0,56354.011159627815,56354.011159627815,56354.011159627815,56354.011159627815,56354.011159627815,56354.011159627815,70442.51394953478,46961.67596635652,2881060.0,46961.67596635652,70442.51394953478,1.630013813192246,2.445020719788369,False,True,monthly_descriptive_only,2021_pre_omicron
Qatar,primary,3,2021-11-08,2022-02-13,monthly,False,False,2021-12-29,,,,False,110703.0,150.5757167349217,20,5000.0,7,42,14,1.0,0.0,150575.7167349217,75287.85836746085,50191.90557830724,125479.7639457681,188219.64591865212,25095.95278915362,188219.64591865212,125479.7639457681,2881060.0,25095.95278915362,188219.64591865212,0.8710666487040749,6.53299986528056,False,True,monthly_descriptive_only,omicron_era
Romania,primary,1,2020-05-29,2020-06-27,weekly,True,True,2020-06-14,2020-05-27,18.0,18.0,False,7231.0,1597.6663059269522,20,5000.0,7,42,14,1.0,0.0,152158.69580256686,152158.69580256686,152158.69580256686,190198.3697532086,126798.91316880572,266277.717654492,190198.3697532086,126798.91316880572,19237682.0,126798.91316880572,266277.717654492,0.6591174194937088,1.3841465809367886,False,False,weekly_timing_eligible,2020
Romania,primary,2,2020-06-27,2020-09-05,weekly,True,True,2020-07-18,2020-07-02,16.0,16.0,True,68167.0,6831.307835416135,20,5000.0,7,42,14,1.0,0.0,650600.7462301081,650600.7462301081,650600.7462301081,813250.9327876352,542167.2885250901,1138551.3059026892,813250.9327876352,542167.2885250901,19237682.0,542167.2885250901,1138551.3059026892,2.8182568384542903,5.91833936075401,False,False,weekly_timing_eligible,2020
Romania,primary,3,2020-09-05,2020-12-25,weekly,True,True,2020-11-07,2020-11-15,-8.0,8.0,True,519778.0,32163.853355641862,20,5000.0,7,42,14,1.0,0.0,3063224.1291087484,3063224.1291087484,3063224.1291087484,3829030.161385936,2552686.7742572906,5360642.22594031,3829030.161385936,2552686.7742572906,19237682.0,2552686.7742572906,5360642.22594031,13.269201425916545,27.865322994424744,False,False,weekly_timing_eligible,2020
Romania,primary,4,2020-12-25,2021-01-30,weekly,True,True,2020-12-31,2021-01-07,-7.0,7.0,True,118357.0,2996.4122526882434,20,5000.0,7,42,14,1.0,0.0,285372.5954941184,285372.5954941184,285372.5954941184,356715.74436764803,237810.49624509868,499402.04211470723,356715.74436764803,237810.49624509868,19237682.0,237810.49624509868,499402.04211470723,1.2361702217819104,2.595957465742012,False,False,weekly_timing_eligible,2020
Romania,primary,5,2021-01-30,2021-05-21,weekly,True,True,2021-03-21,2021-03-28,-7.0,7.0,True,350531.0,17469.027542966323,20,5000.0,7,42,14,1.0,0.0,2911504.5904943873,2911504.5904943873,2911504.5904943873,2911504.5904943873,2911504.5904943873,2911504.5904943873,3639380.7381179845,2426253.8254119894,19237682.0,2426253.8254119894,3639380.7381179845,12.611986337085671,18.91797950562851,False,False,weekly_timing_eligible,2021_pre_omicron
Romania,primary,6,2021-05-21,2021-06-18,weekly,True,True,2021-06-06,2021-06-26,-20.0,20.0,False,5843.0,1180.6756024821925,20,5000.0,7,42,14,1.0,0.0,196779.26708036542,196779.26708036542,196779.26708036542,196779.26708036542,196779.26708036542,196779.26708036542,245974.0838504568,163982.72256697118,19237682.0,163982.72256697118,245974.0838504568,0.8524037488870602,1.2786056233305905,False,False,weekly_timing_eligible,2021_pre_omicron
Romania,primary,7,2021-07-24,2021-12-21,weekly,True,True,2021-10-03,2021-10-17,-14.0,14.0,True,717398.0,49429.07979113638,20,5000.0,7,42,14,1.0,0.0,8238179.965189396,8238179.965189396,8238179.965189396,8238179.965189396,8238179.965189396,8238179.965189396,10297724.956486747,6865149.9709911635,19237682.0,6865149.9709911635,10297724.956486747,35.68595203409207,53.52892805113811,False,False,weekly_timing_eligible,2021_pre_omicron
Romania,primary,8,2021-12-21,2022-02-27,weekly,True,True,2022-01-23,2022-02-01,-9.0,9.0,True,930098.0,9587.374848521351,20,5000.0,7,42,14,1.0,0.0,9587374.84852135,4793687.424260675,3195791.616173784,7989479.04043446,11984218.560651688,1597895.808086892,11984218.560651688,7989479.04043446,19237682.0,1597895.808086892,11984218.560651688,8.306072468018193,62.295543510136454,False,False,weekly_timing_eligible,omicron_era
Romania,primary,9,2022-02-27,2022-04-12,weekly,True,True,2022-03-10,2022-03-21,-11.0,11.0,True,151462.0,1218.7959865492676,20,5000.0,7,42,14,1.0,0.0,1218795.9865492675,609397.9932746338,406265.32884975587,1015663.3221243897,1523494.9831865844,203132.66442487793,1523494.9831865844,1015663.3221243897,19237682.0,203132.66442487793,1523494.9831865844,1.0559102932717048,7.9193271995377845,False,False,weekly_timing_eligible,omicron_era
Romania,primary,10,2022-07-18,2022-08-23,weekly,True,True,2022-08-01,2022-07-29,3.0,3.0,True,231319.0,2138.633708222635,20,5000.0,7,42,14,1.0,0.0,2138633.708222635,1069316.8541113175,712877.9027408783,1782194.756852196,2673292.135278294,356438.95137043914,2673292.135278294,1782194.756852196,19237682.0,356438.95137043914,2673292.135278294,1.8528165262864786,13.89612394714859,False,False,weekly_timing_eligible,omicron_era
Romania,primary,11,2022-08-23,2022-12-31,weekly,True,True,2022-09-05,2022-09-11,-6.0,6.0,True,118886.0,509.90400146268627,20,5000.0,7,42,14,1.0,0.0,509904.0014626863,254952.00073134314,169968.0004875621,424920.00121890526,637380.0018283578,84984.00024378105,637380.0018283578,424920.00121890526,19237682.0,84984.00024378105,637380.0018283578,0.44175800516809166,3.3131850387606874,False,True,weekly_timing_eligible,omicron_era
Russia,primary,1,2020-02-01,2020-05-16,monthly,False,False,2020-05-09,,,,False,272041.0,18813.751661226255,20,5000.0,7,42,14,1.0,0.0,1791785.8724977386,1791785.8724977386,1791785.8724977386,2239732.340622173,1493154.8937481155,3135625.2768710423,2239732.340622173,1493154.8937481155,145934460.0,1493154.8937481155,3135625.2768710423,1.023168135715249,2.1486530850020222,False,False,monthly_descriptive_only,2020
Russia,primary,2,2020-05-16,2020-08-07,monthly,False,False,2020-06-24,,,,False,612535.0,53691.03867484417,20,5000.0,7,42,14,1.0,0.0,5113432.254747063,5113432.254747063,5113432.254747063,6391790.31843383,4261193.545622553,8948506.44580736,6391790.31843383,4261193.545622553,145934460.0,4261193.545622553,8948506.44580736,2.9199364876688843,6.131866624104656,False,False,monthly_descriptive_only,2020
Russia,primary,3,2020-08-07,2021-04-02,monthly,False,False,2020-11-02,,,,False,3641786.0,331932.43282963923,20,5000.0,7,42,14,1.0,0.0,31612612.65044183,31612612.65044183,31612612.65044183,39515765.81305229,26343843.875368193,55322072.1382732,39515765.81305229,26343843.875368193,145934460.0,26343843.875368193,55322072.1382732,18.05183222342975,37.908847669202466,False,False,monthly_descriptive_only,2020
Russia,primary,4,2021-04-02,2021-08-14,monthly,False,False,2021-07-04,,,,False,1987130.0,187233.77192131567,20,5000.0,7,42,14,1.0,0.0,31205628.65355261,31205628.65355261,31205628.65355261,31205628.65355261,31205628.65355261,31205628.65355261,39007035.81694077,26004690.54462718,145934460.0,26004690.54462718,39007035.81694077,17.819431095731044,26.729146643596565,False,False,monthly_descriptive_only,2021_pre_omicron
Russia,primary,5,2021-08-14,2021-12-23,monthly,False,False,2021-10-05,,,,False,3671539.0,323070.1373709913,20,5000.0,7,42,14,1.0,0.0,53845022.89516521,53845022.89516521,53845022.89516521,53845022.89516521,53845022.89516521,53845022.89516521,67306278.61895652,44870852.41263768,145934460.0,44870852.41263768,67306278.61895652,30.747263129378545,46.120894694067815,False,False,monthly_descriptive_only,2021_pre_omicron
Russia,primary,6,2021-12-23,2022-05-24,monthly,False,False,2022-01-27,,,,False,7919440.0,81008.69066444713,20,5000.0,7,42,14,1.0,0.0,81008690.66444713,40504345.332223564,27002896.88814904,67507242.22037262,101260863.33055891,13501448.44407452,101260863.33055891,67507242.22037262,145934460.0,13501448.44407452,101260863.33055891,9.251720562829727,69.38790422122294,False,False,monthly_descriptive_only,omicron_era
Russia,primary,7,2022-05-24,2022-10-11,monthly,False,False,2022-08-28,,,,False,2899210.0,5205.411018185841,20,5000.0,7,42,14,1.0,0.0,5205411.018185841,2602705.5090929205,1735137.0060619472,4337842.515154868,6506763.772732302,867568.5030309736,6506763.772732302,4337842.515154868,145934460.0,867568.5030309736,6506763.772732302,0.5944918719204317,4.458689039403238,False,True,monthly_descriptive_only,omicron_era
Russia,primary,8,2022-10-11,2022-12-31,monthly,False,False,2022-11-26,,,,False,574403.0,13611.518647457375,20,5000.0,7,42,14,1.0,0.0,13611518.647457374,6805759.323728687,4537172.882485791,11342932.20621448,17014398.309321716,2268586.4412428956,17014398.309321716,11342932.20621448,145934460.0,2268586.4412428956,17014398.309321716,1.5545241619031553,11.658931214273665,False,False,monthly_descriptive_only,omicron_era
Saint Kitts and Nevis,primary,1,2020-02-01,2020-08-22,monthly,False,False,2020-05-09,,,,False,17.0,18.38575374050248,20,5000.0,7,42,14,1.0,0.0,1751.024165762141,1751.024165762141,1751.024165762141,2188.780207202676,1459.186804801784,3064.2922900837466,2188.780207202676,1459.186804801784,53192.0,1459.186804801784,3064.2922900837466,2.743244857876719,5.760814201541109,False,False,monthly_descriptive_only,2020
Saint Kitts and Nevis,primary,2,2020-11-08,2021-03-03,monthly,False,False,2020-12-25,,,,False,22.0,13.236250855835015,20,5000.0,7,42,14,1.0,0.0,1260.5953196033347,1260.5953196033347,1260.5953196033347,1575.7441495041685,1050.4960996694456,2206.041809305836,1575.7441495041685,1050.4960996694456,53192.0,1050.4960996694456,2206.041809305836,1.9749137082069588,4.147318787234615,False,False,monthly_descriptive_only,2020
Saint Kitts and Nevis,primary,3,2021-03-03,2021-06-22,monthly,False,False,2021-05-16,,,,False,336.0,3.5915567076547403,20,5000.0,7,42,14,1.0,0.0,598.5927846091233,598.5927846091233,598.5927846091233,598.5927846091233,598.5927846091233,598.5927846091233,748.2409807614043,498.82732050760285,53192.0,498.82732050760285,748.2409807614043,0.9377863598052393,1.406679539707859,False,False,monthly_descriptive_only,2021_pre_omicron
Saint Kitts and Nevis,primary,4,2021-06-22,2021-11-18,monthly,False,False,2021-08-30,,,,False,2414.0,64.75257511995471,20,5000.0,7,42,14,1.0,0.0,10792.095853325785,10792.095853325785,10792.095853325785,10792.095853325785,10792.095853325785,10792.095853325785,13490.119816657234,8993.413211104822,53192.0,8993.413211104822,13490.119816657234,16.90745452531362,25.361181787970438,False,False,monthly_descriptive_only,2021_pre_omicron
Saint Kitts and Nevis,primary,5,2021-11-18,2022-02-10,monthly,False,False,2021-12-27,,,,False,2739.0,45.08726853407574,20,5000.0,7,42,14,1.0,0.0,45087.26853407574,22543.63426703787,15029.08951135858,37572.72377839645,56359.08566759467,7514.54475567929,56359.08566759467,37572.72377839645,53192.0,7514.54475567929,56359.08566759467,14.127208519475278,105.95406389606458,True,False,monthly_descriptive_only,omicron_era
Saint Kitts and Nevis,primary,6,2022-02-10,2022-04-19,monthly,False,False,2022-03-11,,,,False,69.0,6.808594064993236,20,5000.0,7,42,14,1.0,0.0,6808.594064993235,3404.2970324966177,2269.5313549977454,5673.828387494364,8510.742581241544,1134.7656774988727,8510.742581241544,5673.828387494364,53192.0,1134.7656774988727,8510.742581241544,2.133338993643542,16.00004245232656,False,False,monthly_descriptive_only,omicron_era
Saint Kitts and Nevis,primary,7,2022-04-19,2022-06-30,monthly,False,False,2022-05-28,,,,False,506.0,13.010826192030509,20,5000.0,7,42,14,1.0,0.0,13010.826192030509,6505.413096015254,4336.94206401017,10842.355160025425,16263.532740038136,2168.471032005085,16263.532740038136,10842.355160025425,53192.0,2168.471032005085,16263.532740038136,4.076686403980081,30.575148029850606,False,False,monthly_descriptive_only,omicron_era
Saint Kitts and Nevis,primary,8,2022-06-30,2022-09-01,monthly,False,False,2022-07-23,,,,False,493.0,6.304241266184956,20,5000.0,7,42,14,1.0,0.0,6304.241266184956,3152.120633092478,2101.4137553949854,5253.534388487464,7880.301582731195,1050.7068776974927,7880.301582731195,5253.534388487464,53192.0,1050.7068776974927,7880.301582731195,1.9753099670956022,14.814824753217016,False,False,monthly_descriptive_only,omicron_era
Saint Kitts and Nevis,primary,9,2022-09-01,2022-11-28,monthly,False,False,2022-10-21,,,,False,44.0,12.395159410186636,20,5000.0,7,42,14,1.0,0.0,12395.159410186636,6197.579705093318,4131.719803395546,10329.299508488864,15493.949262733295,2065.859901697773,15493.949262733295,10329.299508488864,53192.0,2065.859901697773,15493.949262733295,3.883779330910236,29.128344981826768,False,False,monthly_descriptive_only,omicron_era
Saint Vincent and the Grenadines,primary,1,2020-02-01,2020-03-18,monthly,False,False,2020-02-27,,,,False,1.0,17.270071153862933,20,5000.0,7,42,14,1.0,0.0,1644.7686813202793,1644.7686813202793,1644.7686813202793,2055.9608516503495,1370.6405677668995,2878.3451923104885,2055.9608516503495,1370.6405677668995,110947.0,1370.6405677668995,2878.3451923104885,1.2354011985604834,2.594342516977015,False,False,monthly_descriptive_only,2020
Saint Vincent and the Grenadines,primary,2,2020-03-18,2020-06-27,monthly,False,False,2020-04-27,,,,False,28.0,43.90934234188054,20,5000.0,7,42,14,1.0,0.0,4181.842127798146,4181.842127798146,4181.842127798146,5227.302659747684,3484.8684398317887,7318.223723646756,5227.302659747684,3484.8684398317887,110947.0,3484.8684398317887,7318.223723646756,3.1410208836938254,6.596143855757034,False,False,monthly_descriptive_only,2020
Saint Vincent and the Grenadines,primary,3,2020-06-27,2020-09-12,monthly,False,False,2020-08-13,,,,False,35.0,11.017084317071467,20,5000.0,7,42,14,1.0,0.0,1049.2461254353777,1049.2461254353777,1049.2461254353777,1311.5576567942223,874.3717711961481,1836.180719511911,1311.5576567942223,874.3717711961481,110947.0,874.3717711961481,1836.180719511911,0.7880986157319694,1.655007093037136,False,False,monthly_descriptive_only,2020
Saint Vincent and the Grenadines,primary,4,2020-09-12,2020-12-02,monthly,False,False,2020-10-21,,,,False,21.0,20.237912276447787,20,5000.0,7,42,14,1.0,0.0,1927.420216804551,1927.420216804551,1927.420216804551,2409.275271005689,1606.1835140037927,3372.9853794079645,2409.275271005689,1606.1835140037927,110947.0,1606.1835140037927,3372.9853794079645,1.4477034205555739,3.0401771831667053,False,False,monthly_descriptive_only,2020
Saint Vincent and the Grenadines,primary,5,2020-12-02,2021-03-01,monthly,False,False,2021-01-21,,,,False,1543.0,30.3135040345298,20,5000.0,7,42,14,1.0,0.0,5052.250672421633,5052.250672421633,5052.250672421633,5052.250672421633,5052.250672421633,5052.250672421633,6315.313340527042,4210.208893684695,110947.0,4210.208893684695,6315.313340527042,3.79479291344939,5.692189370174084,False,False,monthly_descriptive_only,2021_pre_omicron
Saint Vincent and the Grenadines,primary,6,2021-03-01,2021-06-13,monthly,False,False,2021-04-14,,,,False,600.0,27.381966333202065,20,5000.0,7,42,14,1.0,0.0,4563.661055533677,4563.661055533677,4563.661055533677,4563.661055533677,4563.661055533677,4563.661055533677,5704.576319417098,3803.050879611398,110947.0,3803.050879611398,5704.576319417098,3.4278086650485347,5.141712997572803,False,False,monthly_descriptive_only,2021_pre_omicron
Saint Vincent and the Grenadines,primary,7,2021-06-13,2021-08-08,monthly,False,False,2021-07-27,,,,False,152.0,11.448268120138309,20,5000.0,7,42,14,1.0,0.0,1908.044686689718,1908.044686689718,1908.044686689718,1908.044686689718,1908.044686689718,1908.044686689718,2385.055858362148,1590.0372389080985,110947.0,1590.0372389080985,2385.055858362148,1.4331502779778622,2.1497254169667928,False,False,monthly_descriptive_only,2021_pre_omicron
Saint Vincent and the Grenadines,primary,8,2021-08-08,2021-11-10,monthly,False,False,2021-09-27,,,,False,2869.0,130.41596590282094,20,5000.0,7,42,14,1.0,0.0,21735.994317136825,21735.994317136825,21735.994317136825,21735.994317136825,21735.994317136825,21735.994317136825,27169.992896421034,18113.32859761402,110947.0,18113.32859761402,27169.992896421034,16.326109401438544,24.48916410215782,False,False,monthly_descriptive_only,2021_pre_omicron
San Marino,primary,1,2020-02-01,2020-04-14,monthly,False,False,2020-02-25,,,,False,371.0,40.408045613728774,20,5000.0,7,42,14,1.0,0.0,3848.385296545597,3848.385296545597,3848.385296545597,4810.481620681997,3206.9877471213313,6734.6742689547955,4810.481620681997,3206.9877471213313,33938.0,3206.9877471213313,6734.6742689547955,9.449548432793126,19.844051708865564,False,False,monthly_descriptive_only,2020
San Marino,primary,2,2020-04-14,2020-08-16,monthly,False,False,2020-05-27,,,,False,363.0,17.822263375855876,20,5000.0,7,42,14,1.0,0.0,1697.3584167481786,1697.3584167481786,1697.3584167481786,2121.698020935223,1414.4653472901489,2970.3772293093125,2121.698020935223,1414.4653472901489,33938.0,1414.4653472901489,2970.3772293093125,4.16779228973466,8.752363808442785,False,False,monthly_descriptive_only,2020
San Marino,primary,3,2020-08-16,2020-10-17,monthly,False,False,2020-09-26,,,,False,65.0,5.678160072211945,20,5000.0,7,42,14,1.0,0.0,540.7771497344709,540.7771497344709,540.7771497344709,675.9714371680888,450.6476247787258,946.3600120353242,675.9714371680888,450.6476247787258,33938.0,450.6476247787258,946.3600120353242,1.3278555742198297,2.7884967058616423,False,False,monthly_descriptive_only,2020
San Marino,primary,4,2020-10-17,2020-12-31,monthly,False,False,2020-11-24,,,,False,1552.0,28.510974727364417,20,5000.0,7,42,14,1.0,0.0,2715.3309264156587,2715.3309264156587,2715.3309264156587,3394.1636580195736,2262.775772013049,4751.8291212274025,3394.1636580195736,2262.775772013049,33938.0,2262.775772013049,4751.8291212274025,6.667381024259087,14.001500150944082,False,False,monthly_descriptive_only,2020
San Marino,primary,5,2020-12-31,2021-05-18,monthly,False,False,2021-02-14,,,,False,2756.0,29.95214300047013,20,5000.0,7,42,14,1.0,0.0,4992.023833411688,4992.023833411688,4992.023833411688,4992.023833411688,4992.023833411688,4992.023833411688,6240.029791764611,4160.019861176407,33938.0,4160.019861176407,6240.029791764611,12.257704818128374,18.38655722719256,False,False,monthly_descriptive_only,2021_pre_omicron
San Marino,primary,6,2021-05-18,2021-08-05,monthly,False,False,2021-06-30,,,,False,92.0,6.2147522328498255,20,5000.0,7,42,14,1.0,0.0,1035.7920388083041,1035.7920388083041,1035.7920388083041,1035.7920388083041,1035.7920388083041,1035.7920388083041,1294.7400485103803,863.1600323402536,33938.0,863.1600323402536,1294.7400485103803,2.54334383976738,3.8150157596510703,False,False,monthly_descriptive_only,2021_pre_omicron
San Marino,primary,7,2021-08-05,2021-10-22,monthly,False,False,2021-09-21,,,,False,319.0,10.53903094862036,20,5000.0,7,42,14,1.0,0.0,1756.5051581033931,1756.5051581033931,1756.5051581033931,1756.5051581033931,1756.5051581033931,1756.5051581033931,2195.631447629242,1463.7542984194945,33938.0,1463.7542984194945,2195.631447629242,4.313024628497538,6.469536942746307,False,False,monthly_descriptive_only,2021_pre_omicron
San Marino,primary,8,2021-10-22,2022-03-04,monthly,False,False,2021-12-04,,,,False,8997.0,24.565900268674074,20,5000.0,7,42,14,1.0,0.0,24565.900268674075,12282.950134337038,8188.633422891357,20471.583557228398,30707.375335842593,4094.3167114456787,30707.375335842593,20471.583557228398,33938.0,4094.3167114456787,30707.375335842593,12.06410722919936,90.4808042189952,False,True,monthly_descriptive_only,omicron_era
San Marino,primary,9,2022-03-04,2022-06-01,monthly,False,False,2022-05-01,,,,False,2658.0,2.8709781075951346,20,5000.0,7,42,14,1.0,0.0,2870.9781075951346,1435.4890537975673,956.9927025317115,2392.481756329279,3588.722634493918,478.49635126585576,3588.722634493918,2392.481756329279,33938.0,478.49635126585576,3588.722634493918,1.4099132278444686,10.574349208833514,False,True,monthly_descriptive_only,omicron_era
San Marino,primary,10,2022-06-01,2022-08-24,monthly,False,False,2022-07-15,,,,False,3168.0,6.162847518666946,20,5000.0,7,42,14,1.0,0.0,6162.847518666946,3081.423759333473,2054.282506222315,5135.706265555788,7703.559398333682,1027.1412531111575,7703.559398333682,5135.706265555788,33938.0,1027.1412531111575,7703.559398333682,3.0265226386680344,22.698919790010258,False,True,monthly_descriptive_only,omicron_era
San Marino,primary,11,2022-08-24,2022-11-11,monthly,False,False,2022-09-29,,,,False,1459.0,4.705330964653696,20,5000.0,7,42,14,1.0,0.0,4705.330964653695,2352.6654823268477,1568.4436548845651,3921.1091372114133,5881.663705817119,784.2218274422826,5881.663705817119,3921.1091372114133,33938.0,784.2218274422826,5881.663705817119,2.3107485044560154,17.330613783420116,False,True,monthly_descriptive_only,omicron_era
Serbia,primary,1,2020-04-29,2020-09-15,monthly,False,False,2020-06-27,,,,False,24014.0,3389.133352240921,20,5000.0,7,42,14,1.0,0.0,322774.60497532575,322774.60497532575,322774.60497532575,403468.25621915725,268978.83747943817,564855.5587068201,403468.25621915725,268978.83747943817,8737370.0,268978.83747943817,564855.5587068201,3.078487433626345,6.4648236106153245,False,False,monthly_descriptive_only,2020
Serbia,primary,2,2020-09-15,2021-01-06,monthly,False,False,2020-11-22,,,,False,319683.0,12404.553663702953,20,5000.0,7,42,14,1.0,0.0,1181386.063209805,1181386.063209805,1181386.063209805,1476732.5790122563,984488.3860081709,2067425.6106171587,1476732.5790122563,984488.3860081709,8737370.0,984488.3860081709,2067425.6106171587,11.267559757778036,23.661875491333877,False,False,monthly_descriptive_only,2020
Serbia,primary,3,2021-01-06,2021-07-11,monthly,False,False,2021-03-18,,,,False,368311.0,12861.552386394635,20,5000.0,7,42,14,1.0,0.0,2143592.0643991055,2143592.0643991055,2143592.0643991055,2143592.0643991055,2143592.0643991055,2143592.0643991055,2679490.0804988826,1786326.7203325883,8737370.0,1786326.7203325883,2679490.0804988826,20.444672943146372,30.667009414719562,False,False,monthly_descriptive_only,2021_pre_omicron
Serbia,primary,4,2021-07-11,2021-12-22,monthly,False,False,2021-10-19,,,,False,568545.0,20977.47712321691,20,5000.0,7,42,14,1.0,0.0,3496246.1872028187,3496246.1872028187,3496246.1872028187,3496246.1872028187,3496246.1872028187,3496246.1872028187,4370307.734003523,2913538.4893356822,8737370.0,2913538.4893356822,4370307.734003523,33.34571489287603,50.01857233931405,False,False,monthly_descriptive_only,2021_pre_omicron
Serbia,primary,5,2021-12-22,2022-04-03,monthly,False,False,2022-01-29,,,,False,695965.0,6778.711512582261,20,5000.0,7,42,14,1.0,0.0,6778711.512582261,3389355.7562911306,2259570.504194087,5648926.260485218,8473389.390727825,1129785.2520970434,8473389.390727825,5648926.260485218,8737370.0,1129785.2520970434,8473389.390727825,12.930495699472992,96.97871774604744,False,False,monthly_descriptive_only,omicron_era
Serbia,primary,6,2022-06-11,2022-12-31,monthly,False,False,2022-08-05,,,,False,434914.0,2349.3974037093544,20,5000.0,7,42,14,1.0,0.0,2349397.4037093543,1174698.7018546772,783132.4679031181,1957831.1697577955,2936746.754636693,391566.23395155906,2936746.754636693,1957831.1697577955,8737370.0,391566.23395155906,2936746.754636693,4.481511415352206,33.61133561514155,False,True,monthly_descriptive_only,omicron_era
Seychelles,primary,1,2020-12-01,2021-03-22,monthly,False,False,2021-01-30,,,,False,3599.0,36.23360351886328,20,5000.0,7,42,14,1.0,0.0,6038.933919810547,6038.933919810547,6038.933919810547,6038.933919810547,6038.933919810547,6038.933919810547,7548.667399763185,5032.444933175456,98340.0,5032.444933175456,7548.667399763185,5.117393668065341,7.676090502098012,False,False,monthly_descriptive_only,2021_pre_omicron
Seychelles,primary,2,2021-03-22,2021-07-31,monthly,False,False,2021-05-30,,,,False,14712.0,108.60472967106566,20,5000.0,7,42,14,1.0,0.0,18100.788278510943,18100.788278510943,18100.788278510943,18100.788278510943,18100.788278510943,18100.788278510943,22625.98534813868,15083.990232092452,98340.0,15083.990232092452,22625.98534813868,15.338611177641297,23.007916766461953,False,False,monthly_descriptive_only,2021_pre_omicron
Seychelles,primary,3,2021-07-31,2021-10-23,monthly,False,False,2021-08-30,,,,False,3827.0,17.11475567558717,20,5000.0,7,42,14,1.0,0.0,2852.459279264528,2852.459279264528,2852.459279264528,2852.459279264528,2852.459279264528,2852.459279264528,3565.5740990806607,2377.049399387107,98340.0,2377.049399387107,3565.5740990806607,2.4171744960210564,3.6257617440315855,False,True,monthly_descriptive_only,2021_pre_omicron
Seychelles,primary,4,2021-10-23,2022-02-15,monthly,False,False,2021-12-27,,,,False,16664.0,78.84176536038981,20,5000.0,7,42,14,1.0,0.0,78841.7653603898,39420.8826801949,26280.58845346327,65701.47113365818,98552.20670048727,13140.294226731636,98552.20670048727,65701.47113365818,98340.0,13140.294226731636,98552.20670048727,13.36210517259674,100.21578879447556,True,True,monthly_descriptive_only,omicron_era
Seychelles,primary,5,2022-02-15,2022-03-21,monthly,False,False,2022-02-25,,,,False,1224.0,12.081399114280524,20,5000.0,7,42,14,1.0,0.0,12081.399114280524,6040.699557140262,4027.133038093508,10067.832595233771,15101.748892850654,2013.566519046754,15101.748892850654,10067.832595233771,98340.0,2013.566519046754,15101.748892850654,2.0475559477799004,15.356669608349252,False,False,monthly_descriptive_only,omicron_era
Seychelles,primary,6,2022-03-21,2022-06-23,monthly,False,False,2022-05-12,,,,False,4872.0,45.30862981745896,20,5000.0,7,42,14,1.0,0.0,45308.629817458954,22654.314908729477,15102.876605819652,37757.19151454914,56635.78727182369,7551.438302909826,56635.78727182369,37757.19151454914,98340.0,7551.438302909826,56635.78727182369,7.6789081786758455,57.59181134006883,False,False,monthly_descriptive_only,omicron_era
Seychelles,primary,7,2022-06-23,2022-08-28,monthly,False,False,2022-07-18,,,,False,1183.0,25.787623408943052,20,5000.0,7,42,14,1.0,0.0,25787.62340894305,12893.811704471525,8595.874469647684,21489.68617411921,32234.529261178814,4297.937234823842,32234.529261178814,21489.68617411921,98340.0,4297.937234823842,32234.529261178814,4.370487324409032,32.778654933067735,False,False,monthly_descriptive_only,omicron_era
Seychelles,primary,8,2022-08-28,2022-10-27,monthly,False,False,2022-09-27,,,,False,3183.0,15.583433148367034,20,5000.0,7,42,14,1.0,0.0,15583.433148367034,7791.716574183517,5194.477716122345,12986.194290305863,19479.291435458792,2597.2388580611723,19479.291435458792,12986.194290305863,98340.0,2597.2388580611723,19479.291435458792,2.641080799330051,19.808105994975385,False,True,monthly_descriptive_only,omicron_era
Seychelles,primary,9,2022-10-27,2022-12-31,monthly,False,False,2022-11-25,,,,False,1320.0,14.981501680827575,20,5000.0,7,42,14,1.0,0.0,14981.501680827576,7490.750840413788,4993.833893609191,12484.584734022981,18726.877101034468,2496.9169468045957,18726.877101034468,12484.584734022981,98340.0,2496.9169468045957,18726.877101034468,2.5390654329922673,19.042990747442005,False,False,monthly_descriptive_only,omicron_era
Singapore,primary,1,2020-02-18,2020-06-17,monthly,False,False,2020-03-26,,,,False,41139.0,424.67041311123717,20,5000.0,7,42,14,1.0,0.0,40444.801248689255,40444.801248689255,40444.801248689255,50556.00156086157,33704.00104057438,70778.4021852062,50556.00156086157,33704.00104057438,5850343.0,33704.00104057438,70778.4021852062,0.5761029915780046,1.2098162823138097,False,True,monthly_descriptive_only,2020
Singapore,primary,2,2020-12-13,2021-02-21,monthly,False,False,2021-01-27,,,,False,1556.0,337.59505321548863,20,5000.0,7,42,14,1.0,0.0,56265.842202581436,56265.842202581436,56265.842202581436,56265.842202581436,56265.842202581436,56265.842202581436,70332.3027532268,46888.201835484535,5850343.0,46888.201835484535,70332.3027532268,0.8014607320542494,1.2021910980813741,False,False,monthly_descriptive_only,2021_pre_omicron
Singapore,primary,3,2021-02-21,2021-05-09,monthly,False,False,2021-03-29,,,,False,1501.0,538.3493519686623,20,5000.0,7,42,14,1.0,0.0,89724.89199477705,89724.89199477705,89724.89199477705,89724.89199477705,89724.89199477705,89724.89199477705,112156.11499347132,74770.74332898087,5850343.0,74770.74332898087,112156.11499347132,1.278057428923071,1.917086143384607,False,False,monthly_descriptive_only,2021_pre_omicron
Singapore,primary,4,2021-05-09,2021-06-23,monthly,False,False,2021-06-12,,,,False,1139.0,264.70178435219935,20,5000.0,7,42,14,1.0,0.0,44116.964058699894,44116.964058699894,44116.964058699894,44116.964058699894,44116.964058699894,44116.964058699894,55146.20507337487,36764.13671558324,5850343.0,36764.13671558324,55146.20507337487,0.6284099362308029,0.9426149043462045,False,False,monthly_descriptive_only,2021_pre_omicron
Singapore,primary,5,2021-06-23,2021-12-20,monthly,False,False,2021-10-09,,,,False,213657.0,2516.114316262171,20,5000.0,7,42,14,1.0,0.0,419352.38604369515,419352.38604369515,419352.38604369515,419352.38604369515,419352.38604369515,419352.38604369515,524190.482554619,349460.32170307933,5850343.0,349460.32170307933,524190.482554619,5.973330481701318,8.959995722551977,False,False,monthly_descriptive_only,2021_pre_omicron
Singapore,primary,6,2021-12-20,2022-04-07,monthly,False,False,2022-02-20,,,,False,852245.0,2014.5568321773098,20,5000.0,7,42,14,1.0,0.0,2014556.8321773098,1007278.4160886549,671518.9440591033,1678797.3601477584,2518196.040221637,335759.47202955163,2518196.040221637,1678797.3601477584,5850343.0,335759.47202955163,2518196.040221637,5.739141654250899,43.04356240688173,False,True,monthly_descriptive_only,omicron_era
Singapore,primary,7,2022-04-07,2022-05-24,monthly,False,False,2022-04-23,,,,False,154227.0,654.0658728868588,20,5000.0,7,42,14,1.0,0.0,654065.8728868588,327032.9364434294,218021.95762895292,545054.8940723824,817582.3411085734,109010.97881447646,817582.3411085734,545054.8940723824,5850343.0,109010.97881447646,817582.3411085734,1.8633262838516726,13.974947128887543,False,True,monthly_descriptive_only,omicron_era
Singapore,primary,8,2022-05-24,2022-08-21,monthly,False,False,2022-07-10,,,,False,544480.0,1533.8074906467496,20,5000.0,7,42,14,1.0,0.0,1533807.4906467495,766903.7453233748,511269.1635489165,1278172.9088722914,1917259.363308437,255634.58177445826,1917259.363308437,1278172.9088722914,5850343.0,255634.58177445826,1917259.363308437,4.369565712206246,32.771742841546846,False,True,monthly_descriptive_only,omicron_era
Singapore,primary,9,2022-08-21,2022-12-03,monthly,False,False,2022-09-28,,,,False,356635.0,1858.8669490744478,20,5000.0,7,42,14,1.0,0.0,1858866.9490744479,929433.4745372239,619622.3163581493,1549055.7908953733,2323583.6863430594,309811.15817907464,2323583.6863430594,1549055.7908953733,5850343.0,309811.15817907464,2323583.6863430594,5.295606739281348,39.71705054461011,False,True,monthly_descriptive_only,omicron_era
Slovakia,primary,1,2020-02-01,2020-03-28,weekly,True,False,2020-02-29,,,,False,292.0,177.77697534689864,20,5000.0,7,42,14,1.0,0.0,16931.14050922844,16931.14050922844,16931.14050922844,21163.925636535554,14109.283757690368,29629.49589114977,21163.925636535554,14109.283757690368,5434712.0,14109.283757690368,29629.49589114977,0.25961419404911185,0.5451898075031348,False,False,weekly_timing_eligible,2020
Slovakia,primary,2,2020-03-28,2020-05-05,weekly,True,True,2020-04-19,2020-04-16,3.0,3.0,True,1152.0,76.50383781279427,20,5000.0,7,42,14,1.0,0.0,7286.079791694692,7286.079791694692,7286.079791694692,9107.599739618367,6071.733159745577,12750.639635465712,9107.599739618367,6071.733159745577,5434712.0,6071.733159745577,12750.639635465712,0.11172134162298897,0.23461481740827686,False,False,weekly_timing_eligible,2020
Slovakia,primary,3,2020-05-29,2020-07-01,weekly,True,True,2020-06-15,2020-05-24,22.0,22.0,False,167.0,76.5883698957089,20,5000.0,7,42,14,1.0,0.0,7294.13046625799,7294.13046625799,7294.13046625799,9117.663082822488,6078.442055214991,12764.728315951483,9117.663082822488,6078.442055214991,5434712.0,6078.442055214991,12764.728315951483,0.11184478690342729,0.2348740524971973,False,False,weekly_timing_eligible,2020
Slovakia,primary,4,2020-07-01,2020-07-29,weekly,True,True,2020-07-18,2020-07-06,12.0,12.0,True,578.0,115.20884789404168,20,5000.0,7,42,14,1.0,0.0,10972.271228003969,10972.271228003969,10972.271228003969,13715.339035004963,9143.559356669975,19201.47464900695,13715.339035004963,9143.559356669975,5434712.0,9143.559356669975,19201.47464900695,0.16824367798459192,0.353311723767643,False,False,weekly_timing_eligible,2020
Slovakia,primary,5,2020-08-28,2020-10-29,weekly,True,True,2020-10-17,2020-11-01,-15.0,15.0,False,49530.0,2123.673816119821,20,5000.0,7,42,14,1.0,0.0,202254.64915426864,202254.64915426864,202254.64915426864,252818.31144283584,168545.54096189054,353945.6360199701,252818.31144283584,168545.54096189054,5434712.0,168545.54096189054,353945.6360199701,3.101278245505752,6.512684315562078,False,False,weekly_timing_eligible,2020
Slovakia,primary,6,2020-10-29,2021-01-09,weekly,True,True,2020-12-17,2021-01-03,-17.0,17.0,True,280798.0,7212.418822737128,20,5000.0,7,42,14,1.0,0.0,686897.0307368693,686897.0307368693,686897.0307368693,858621.2884210867,572414.1922807244,1202069.8037895213,858621.2884210867,572414.1922807244,5434712.0,572414.1922807244,1202069.8037895213,10.532557976958566,22.11837175161299,False,False,weekly_timing_eligible,2020
Slovakia,primary,7,2021-01-09,2021-05-08,weekly,True,True,2021-01-24,2021-02-23,-30.0,30.0,True,438253.0,7780.667401434506,20,5000.0,7,42,14,1.0,0.0,1296777.9002390844,1296777.9002390844,1296777.9002390844,1296777.9002390844,1296777.9002390844,1296777.9002390844,1620972.3752988556,1080648.250199237,5434712.0,1080648.250199237,1620972.3752988556,19.884186139012275,29.82627920851842,False,False,weekly_timing_eligible,2021_pre_omicron
Slovakia,primary,8,2021-05-08,2021-07-09,weekly,True,True,2021-06-01,2021-05-13,19.0,19.0,True,14985.0,456.8182181748904,20,5000.0,7,42,14,1.0,0.0,76136.36969581505,76136.36969581505,76136.36969581505,76136.36969581505,76136.36969581505,76136.36969581505,95170.46211976884,63446.974746512555,5434712.0,63446.974746512555,95170.46211976884,1.1674395027098503,1.7511592540647754,False,False,weekly_timing_eligible,2021_pre_omicron
Slovakia,primary,9,2021-08-06,2021-09-09,weekly,True,True,2021-08-30,2021-08-21,9.0,9.0,True,6616.0,540.6682892572328,20,5000.0,7,42,14,1.0,0.0,90111.38154287213,90111.38154287213,90111.38154287213,90111.38154287213,90111.38154287213,90111.38154287213,112639.22692859017,75092.81795239345,5434712.0,75092.81795239345,112639.22692859017,1.3817258017056553,2.0725887025584826,False,False,weekly_timing_eligible,2021_pre_omicron
Slovakia,primary,10,2021-09-09,2022-01-07,weekly,True,True,2021-11-11,2021-11-23,-12.0,12.0,True,608321.0,8118.760931932402,20,5000.0,7,42,14,1.0,0.0,1353126.8219887337,1353126.8219887337,1353126.8219887337,1353126.8219887337,1353126.8219887337,1353126.8219887337,1691408.5274859173,1127605.6849906114,5434712.0,1127605.6849906114,1691408.5274859173,20.748214164625676,31.122321246938515,False,False,weekly_timing_eligible,2021_pre_omicron
Slovakia,primary,11,2022-01-07,2022-03-29,weekly,True,True,2022-02-26,2022-03-10,-12.0,12.0,True,1037116.0,1742.8765881201962,20,5000.0,7,42,14,1.0,0.0,1742876.5881201962,871438.2940600981,580958.862706732,1452397.1567668302,2178595.735150245,290479.431353366,2178595.735150245,1452397.1567668302,5434712.0,290479.431353366,2178595.735150245,5.344890977725517,40.08668233294138,False,True,weekly_timing_eligible,omicron_era
Slovakia,primary,12,2022-03-29,2022-05-01,weekly,True,True,2022-04-10,2022-04-12,-2.0,2.0,True,110615.0,363.4732191710987,20,5000.0,7,42,14,1.0,0.0,363473.2191710987,181736.60958554936,121157.73972369957,302894.34930924897,454341.5239638734,60578.86986184979,454341.5239638734,302894.34930924897,5434712.0,60578.86986184979,454341.5239638734,1.114665687194644,8.35999265395983,False,True,weekly_timing_eligible,omicron_era
Slovakia,primary,13,2022-05-26,2022-06-20,weekly,True,True,2022-06-09,2022-06-23,-14.0,14.0,False,4837.0,307.0247543175911,20,5000.0,7,42,14,1.0,0.0,307024.7543175911,153512.37715879554,102341.58477253036,255853.96193132593,383780.9428969888,51170.79238626518,383780.9428969888,255853.96193132593,5434712.0,51170.79238626518,383780.9428969888,0.9415548125874045,7.061661094405533,False,False,weekly_timing_eligible,omicron_era
Slovakia,primary,14,2022-07-15,2022-08-23,weekly,True,True,2022-07-30,2022-07-24,6.0,6.0,True,22938.0,548.5661231319431,20,5000.0,7,42,14,1.0,0.0,548566.123131943,274283.0615659715,182855.37437731435,457138.43594328593,685707.6539149288,91427.68718865718,685707.6539149288,457138.43594328593,5434712.0,91427.68718865718,685707.6539149288,1.6822913005998692,12.61718475449902,False,False,weekly_timing_eligible,omicron_era
Slovakia,primary,15,2022-08-23,2022-09-26,weekly,True,True,2022-09-13,2022-09-17,-4.0,4.0,True,40399.0,504.98347119352206,20,5000.0,7,42,14,1.0,0.0,504983.47119352204,252491.73559676102,168327.82373117402,420819.5593279351,631229.3389919025,84163.91186558701,631229.3389919025,420819.5593279351,5434712.0,84163.91186558701,631229.3389919025,1.5486360982069889,11.614770736552416,False,False,weekly_timing_eligible,omicron_era
Slovakia,primary,16,2022-11-08,2022-12-31,weekly,True,True,2022-12-02,2022-12-11,-9.0,9.0,True,12100.0,1185.7507453008243,20,5000.0,7,42,14,1.0,0.0,1185750.7453008243,592875.3726504121,395250.2484336081,988125.6210840204,1482188.4316260302,197625.12421680405,1482188.4316260302,988125.6210840204,5434712.0,197625.12421680405,1482188.4316260302,3.636349529042276,27.272621467817064,False,False,weekly_timing_eligible,omicron_era
Slovenia,primary,1,2020-03-07,2020-04-10,weekly,True,True,2020-03-24,2020-03-30,-6.0,6.0,True,1153.0,87.644809612607,20,5000.0,7,42,14,1.0,0.0,8347.12472501019,8347.12472501019,8347.12472501019,10433.90590626274,6955.937270841826,14607.468268767834,10433.90590626274,6955.937270841826,2078932.0,6955.937270841826,14607.468268767834,0.33459186114994743,0.7026429084148897,False,False,weekly_timing_eligible,2020
Slovenia,primary,2,2020-04-10,2020-05-12,weekly,True,True,2020-04-28,2020-05-08,-10.0,10.0,True,337.0,51.442402598892784,20,5000.0,7,42,14,1.0,0.0,4899.276437989789,4899.276437989789,4899.276437989789,6124.095547487236,4082.7303649914907,8573.73376648213,6124.095547487236,4082.7303649914907,2078932.0,4082.7303649914907,8573.73376648213,0.19638595033370454,0.41241049570077953,False,False,weekly_timing_eligible,2020
Slovenia,primary,3,2020-05-12,2020-06-23,weekly,True,False,2020-06-03,,,,False,74.0,158.90439616810121,20,5000.0,7,42,14,1.0,0.0,15133.75201600964,15133.75201600964,15133.75201600964,18917.19002001205,12611.460013341366,26484.06602801687,18917.19002001205,12611.460013341366,2078932.0,12611.460013341366,26484.06602801687,0.60663167498222,1.2739265174626622,False,False,weekly_timing_eligible,2020
Slovenia,primary,4,2020-06-23,2020-08-04,weekly,True,True,2020-07-16,2020-07-05,11.0,11.0,True,669.0,98.74032691234524,20,5000.0,7,42,14,1.0,0.0,9403.840658318593,9403.840658318593,9403.840658318593,11754.800822898243,7836.533881932161,16456.72115205754,11754.800822898243,7836.533881932161,2078932.0,7836.533881932161,16456.72115205754,0.37694998595106344,0.7915949704972333,False,False,weekly_timing_eligible,2020
Slovenia,primary,5,2020-08-04,2020-09-08,weekly,True,True,2020-08-24,2020-08-21,3.0,3.0,True,1051.0,136.198539858849,20,5000.0,7,42,14,1.0,0.0,12971.289510366569,12971.289510366569,12971.289510366569,16214.111887958214,10809.407925305475,22699.756643141496,16214.111887958214,10809.407925305475,2078932.0,10809.407925305475,22699.756643141496,0.5199500476834007,1.0918951001351411,False,False,weekly_timing_eligible,2020
Slovenia,primary,6,2020-09-08,2021-01-29,weekly,True,True,2020-11-09,2020-10-27,13.0,13.0,True,161339.0,4025.483222874537,20,5000.0,7,42,14,1.0,0.0,383379.3545594797,383379.3545594797,383379.3545594797,479224.1931993497,319482.7954662331,670913.8704790896,479224.1931993497,319482.7954662331,2078932.0,319482.7954662331,670913.8704790896,15.367640474350923,32.272044996136934,False,False,weekly_timing_eligible,2020
Slovenia,primary,7,2021-01-29,2021-03-08,weekly,True,True,2021-02-21,2021-02-13,8.0,8.0,True,32443.0,42.35695524328056,20,5000.0,7,42,14,1.0,0.0,7059.492540546759,7059.492540546759,7059.492540546759,7059.492540546759,7059.492540546759,7059.492540546759,8824.36567568345,5882.9104504556335,2078932.0,5882.9104504556335,8824.36567568345,0.28297753127354014,0.4244662969103102,False,True,weekly_timing_eligible,2021_pre_omicron
Slovenia,primary,8,2021-03-08,2021-04-13,weekly,True,True,2021-03-29,2021-04-01,-3.0,3.0,True,32368.0,143.18732096525486,20,5000.0,7,42,14,1.0,0.0,23864.553494209144,23864.553494209144,23864.553494209144,23864.553494209144,23864.553494209144,23864.553494209144,29830.69186776143,19887.12791184095,2078932.0,19887.12791184095,29830.69186776143,0.9566030977367683,1.4349046466051525,False,True,weekly_timing_eligible,2021_pre_omicron
Slovenia,primary,9,2021-04-13,2021-07-14,weekly,True,True,2021-05-16,2021-05-02,14.0,14.0,True,31203.0,400.3695240845228,20,5000.0,7,42,14,1.0,0.0,66728.25401408714,66728.25401408714,66728.25401408714,66728.25401408714,66728.25401408714,66728.25401408714,83410.31751760893,55606.87834507262,2078932.0,55606.87834507262,83410.31751760893,2.6747810099162757,4.012171514874413,False,False,weekly_timing_eligible,2021_pre_omicron
Slovenia,primary,10,2021-07-14,2021-08-31,weekly,True,True,2021-08-22,2021-08-03,19.0,19.0,True,9239.0,174.5215454807557,20,5000.0,7,42,14,1.0,0.0,29086.924246792616,29086.924246792616,29086.924246792616,29086.924246792616,29086.924246792616,29086.924246792616,36358.65530849077,24239.103538993848,2078932.0,24239.103538993848,36358.65530849077,1.1659401817372501,1.7489102726058752,False,False,weekly_timing_eligible,2021_pre_omicron
Slovenia,primary,11,2021-09-17,2021-12-31,weekly,True,True,2021-10-25,2021-11-07,-13.0,13.0,True,183504.0,1687.311034095613,20,5000.0,7,42,14,1.0,0.0,281218.5056826022,281218.5056826022,281218.5056826022,281218.5056826022,281218.5056826022,281218.5056826022,351523.13210325275,234348.7547355018,2078932.0,234348.7547355018,351523.13210325275,11.272555078064208,16.908832617096316,False,False,weekly_timing_eligible,2021_pre_omicron
Slovenia,primary,12,2021-12-31,2022-02-08,weekly,True,True,2022-01-21,2022-01-31,-10.0,10.0,True,349022.0,324.7905347016497,20,5000.0,7,42,14,1.0,0.0,324790.5347016497,162395.26735082484,108263.51156721656,270658.77891804144,405988.1683770621,54131.75578360828,405988.1683770621,270658.77891804144,2078932.0,54131.75578360828,405988.1683770621,2.603825222932173,19.528689171991296,False,True,weekly_timing_eligible,omicron_era
Slovenia,primary,13,2022-03-08,2022-04-14,weekly,True,True,2022-03-27,2022-03-21,6.0,6.0,True,89705.0,183.25913672000226,20,5000.0,7,42,14,1.0,0.0,183259.13672000225,91629.56836000113,61086.37890666742,152715.94726666858,229073.92090000282,30543.18945333371,229073.92090000282,152715.94726666858,2078932.0,30543.18945333371,229073.92090000282,1.4691769357215008,11.018827017911256,False,True,weekly_timing_eligible,omicron_era
Slovenia,primary,14,2022-04-14,2022-05-19,weekly,True,True,2022-04-26,2022-04-23,3.0,3.0,True,29053.0,139.22827682776602,20,5000.0,7,42,14,1.0,0.0,139228.276827766,69614.138413883,46409.42560925534,116023.56402313836,174035.34603470753,23204.71280462767,174035.34603470753,116023.56402313836,2078932.0,23204.71280462767,174035.34603470753,1.1161843102433207,8.371382326824905,False,True,weekly_timing_eligible,omicron_era
Slovenia,primary,15,2022-05-19,2022-06-19,weekly,True,True,2022-06-10,2022-06-12,-2.0,2.0,True,9218.0,187.24008310925598,20,5000.0,7,42,14,1.0,0.0,187240.08310925597,93620.04155462798,62413.36103641866,156033.40259104667,234050.10388656997,31206.68051820933,234050.10388656997,156033.40259104667,2078932.0,31206.68051820933,234050.10388656997,1.5010919317327036,11.258189487995276,False,False,weekly_timing_eligible,omicron_era
Slovenia,primary,16,2022-07-10,2022-08-12,weekly,True,True,2022-07-22,2022-07-25,-3.0,3.0,True,52153.0,216.2786887365611,20,5000.0,7,42,14,1.0,0.0,216278.6887365611,108139.34436828055,72092.89624552036,180232.24061380094,270348.36092070135,36046.44812276018,270348.36092070135,180232.24061380094,2078932.0,36046.44812276018,270348.36092070135,1.733892600756551,13.004194505674132,False,True,weekly_timing_eligible,omicron_era
Slovenia,primary,17,2022-08-12,2022-10-04,weekly,True,True,2022-09-14,2022-10-02,-18.0,18.0,True,91621.0,186.11574636203085,20,5000.0,7,42,14,1.0,0.0,186115.74636203086,93057.87318101543,62038.58212067695,155096.4553016924,232644.68295253854,31019.291060338473,232644.68295253854,155096.4553016924,2078932.0,31019.291060338473,232644.68295253854,1.4920781949740767,11.190586462305575,False,True,weekly_timing_eligible,omicron_era
Slovenia,primary,18,2022-11-14,2022-12-31,weekly,True,True,2022-12-05,2022-12-13,-8.0,8.0,True,65128.0,651.3264318993013,20,5000.0,7,42,14,1.0,0.0,651326.4318993012,325663.2159496506,217108.81063310042,542772.0265827511,814158.0398741266,108554.40531655021,814158.0398741266,542772.0265827511,2078932.0,108554.40531655021,814158.0398741266,5.22164290686517,39.16232180148877,False,False,weekly_timing_eligible,omicron_era
South Africa,primary,1,2020-04-11,2020-09-03,weekly,True,True,2020-06-30,2020-07-16,-16.0,16.0,True,631012.0,32415.524704448322,20,5000.0,7,42,14,1.0,0.0,3087192.8289950783,3087192.8289950783,3087192.8289950783,3858991.036243848,2572660.690829232,5402587.450741387,3858991.036243848,2572660.690829232,59308690.0,2572660.690829232,5402587.450741387,4.337746611549221,9.109267884253365,False,False,weekly_timing_eligible,2020
South Africa,primary,2,2020-10-09,2020-11-04,weekly,True,True,2020-10-26,2020-10-19,7.0,7.0,True,43657.0,3334.8557152554918,20,5000.0,7,42,14,1.0,0.0,317605.3062148087,317605.3062148087,317605.3062148087,397006.63276851096,264671.0885123406,555809.2858759153,397006.63276851096,264671.0885123406,59308690.0,264671.0885123406,555809.2858759153,0.44626021669394594,0.9371464550572863,False,False,weekly_timing_eligible,2020
South Africa,primary,3,2020-11-04,2021-03-04,weekly,True,True,2020-12-24,2021-01-08,-15.0,15.0,True,788830.0,89386.03684875353,20,5000.0,7,42,14,1.0,0.0,8512955.89035748,8512955.89035748,8512955.89035748,10641194.86294685,7094129.908631233,14897672.808125589,10641194.86294685,7094129.908631233,59308690.0,7094129.908631233,14897672.808125589,11.961366721522989,25.118870115198277,False,False,weekly_timing_eligible,2020
South Africa,primary,4,2021-03-04,2021-04-07,weekly,True,True,2021-03-28,2021-03-16,12.0,12.0,True,37347.0,5395.826552252477,20,5000.0,7,42,14,1.0,0.0,899304.4253754128,899304.4253754128,899304.4253754128,899304.4253754128,899304.4253754128,899304.4253754128,1124130.5317192662,749420.3544795107,59308690.0,749420.3544795107,1124130.5317192662,1.2635928301223829,1.8953892451835745,False,False,weekly_timing_eligible,2021_pre_omicron
South Africa,primary,5,2021-04-07,2021-05-22,weekly,True,True,2021-05-18,2021-05-04,14.0,14.0,True,79718.0,11183.041320532997,20,5000.0,7,42,14,1.0,0.0,1863840.2200888328,1863840.2200888328,1863840.2200888328,1863840.2200888328,1863840.2200888328,1863840.2200888328,2329800.275111041,1553200.1834073607,59308690.0,1553200.1834073607,2329800.275111041,2.6188408197978417,3.928261229696763,False,False,weekly_timing_eligible,2021_pre_omicron
South Africa,primary,6,2021-05-22,2021-09-19,weekly,True,True,2021-06-29,2021-07-05,-6.0,6.0,True,1254295.0,80999.63996346098,20,5000.0,7,42,14,1.0,0.0,13499939.993910164,13499939.993910164,13499939.993910164,13499939.993910164,13499939.993910164,13499939.993910164,16874924.99238771,11249949.994925138,59308690.0,11249949.994925138,16874924.99238771,18.9684681872507,28.452702280876053,False,False,weekly_timing_eligible,2021_pre_omicron
South Africa,primary,7,2021-10-07,2021-11-02,weekly,True,True,2021-10-22,2021-11-09,-18.0,18.0,False,13623.0,3349.848254431792,20,5000.0,7,42,14,1.0,0.0,558308.0424052987,558308.0424052987,558308.0424052987,558308.0424052987,558308.0424052987,558308.0424052987,697885.0530066234,465256.70200441557,59308690.0,465256.70200441557,697885.0530066234,0.7844663269487415,1.1766994904231123,False,False,weekly_timing_eligible,2021_pre_omicron
South Africa,primary,8,2021-11-02,2022-01-26,weekly,True,True,2021-12-07,2021-12-14,-7.0,7.0,True,668177.0,19442.25452578547,20,5000.0,7,42,14,1.0,0.0,19442254.52578547,9721127.262892734,6480751.5085951565,16201878.771487892,24302818.157231834,3240375.7542975782,24302818.157231834,16201878.771487892,59308690.0,3240375.7542975782,24302818.157231834,5.463576677039366,40.976825077795226,False,False,weekly_timing_eligible,omicron_era
South Africa,primary,9,2022-01-26,2022-02-23,weekly,True,True,2022-02-09,2022-02-18,-9.0,9.0,True,79261.0,2414.1259521173033,20,5000.0,7,42,14,1.0,0.0,2414125.9521173034,1207062.9760586517,804708.6507057678,2011771.6267644195,3017657.440146629,402354.3253528839,3017657.440146629,2011771.6267644195,59308690.0,402354.3253528839,3017657.440146629,0.6784070350447531,5.0880527628356464,False,False,weekly_timing_eligible,omicron_era
South Africa,primary,10,2022-03-12,2022-04-05,weekly,True,True,2022-03-30,2022-04-06,-7.0,7.0,False,33215.0,3112.1723788789886,20,5000.0,7,42,14,1.0,0.0,3112172.378878989,1556086.1894394944,1037390.7929596629,2593476.9823991572,3890215.4735987354,518695.3964798314,3890215.4735987354,2593476.9823991572,59308690.0,518695.3964798314,3890215.4735987354,0.874568965323347,6.559267239925102,False,False,weekly_timing_eligible,omicron_era
South Africa,primary,11,2022-04-28,2022-06-28,weekly,True,True,2022-05-08,2022-05-08,0.0,0.0,True,216706.0,6181.097846646148,20,5000.0,7,42,14,1.0,0.0,6181097.846646148,3090548.923323074,2060365.9488820494,5150914.872205124,7726372.308307685,1030182.9744410247,7726372.308307685,5150914.872205124,59308690.0,1030182.9744410247,7726372.308307685,1.7369848742924936,13.0273865571937,False,False,weekly_timing_eligible,omicron_era
South Africa,primary,12,2022-08-31,2022-10-09,weekly,True,True,2022-09-17,2022-09-10,7.0,7.0,True,9595.0,1136.687449138442,20,5000.0,7,42,14,1.0,0.0,1136687.4491384418,568343.7245692209,378895.81637948065,947239.5409487017,1420859.3114230523,189447.90818974032,1420859.3114230523,947239.5409487017,59308690.0,189447.90818974032,1420859.3114230523,0.319426897120372,2.3957017284027895,False,False,weekly_timing_eligible,omicron_era
South Korea,primary,1,2020-03-29,2020-04-27,weekly,True,False,2020-04-09,,,,False,1274.0,1107.025399557538,20,5000.0,7,42,14,1.0,0.0,105430.99043405124,105430.99043405124,105430.99043405124,131788.73804256407,87859.1586950427,184504.23325958967,131788.73804256407,87859.1586950427,51269183.0,87859.1586950427,184504.23325958967,0.1713683611752555,0.3598735584680366,False,False,weekly_timing_eligible,2020
South Korea,primary,2,2020-04-27,2020-06-16,weekly,True,True,2020-05-20,2020-05-12,8.0,8.0,True,1460.0,2040.4649595298793,20,5000.0,7,42,14,1.0,0.0,194329.99614570278,194329.99614570278,194329.99614570278,242912.4951821285,161941.66345475233,340077.49325497984,242912.4951821285,161941.66345475233,51269183.0,161941.66345475233,340077.49325497984,0.31586550434156974,0.6633175591172964,False,False,weekly_timing_eligible,2020
South Korea,primary,3,2020-07-12,2020-08-19,weekly,True,True,2020-08-01,2020-07-22,10.0,10.0,True,2929.0,2887.6824803755444,20,5000.0,7,42,14,1.0,0.0,275017.37908338517,275017.37908338517,275017.37908338517,343771.7238542315,229181.1492361543,481280.413395924,343771.7238542315,229181.1492361543,51269183.0,229181.1492361543,481280.413395924,0.447015411258171,0.9387323636421592,False,False,weekly_timing_eligible,2020
South Korea,primary,4,2020-09-23,2020-11-04,weekly,True,True,2020-10-11,2020-09-23,18.0,18.0,True,3834.0,2647.389040255924,20,5000.0,7,42,14,1.0,0.0,252132.28954818324,252132.28954818324,252132.28954818324,315165.3619352291,210110.2412901527,441231.50670932065,315165.3619352291,210110.2412901527,51269183.0,210110.2412901527,441231.50670932065,0.4098178067127629,0.860617394096802,False,False,weekly_timing_eligible,2020
South Korea,primary,5,2020-11-26,2021-01-11,weekly,True,True,2020-12-11,2020-12-22,-11.0,11.0,True,37333.0,1445.1949352064403,20,5000.0,7,42,14,1.0,0.0,137637.61287680382,137637.61287680382,137637.61287680382,172047.0160960048,114698.01073066986,240865.8225344067,172047.0160960048,114698.01073066986,51269183.0,114698.01073066986,240865.8225344067,0.2237172586320907,0.4698062431273904,False,False,weekly_timing_eligible,2020
South Korea,primary,6,2021-04-05,2021-05-03,weekly,True,True,2021-04-19,2021-04-20,-1.0,1.0,True,18517.0,1692.5191727892484,20,5000.0,7,42,14,1.0,0.0,282086.52879820805,282086.52879820805,282086.52879820805,282086.52879820805,282086.52879820805,282086.52879820805,352608.16099776013,235072.10733184006,51269183.0,235072.10733184006,352608.16099776013,0.45850566281081573,0.6877584942162237,False,False,weekly_timing_eligible,2021_pre_omicron
South Korea,primary,7,2021-05-03,2021-07-22,weekly,True,True,2021-07-05,2021-06-03,32.0,32.0,True,62005.0,6820.2499758301265,20,5000.0,7,42,14,1.0,0.0,1136708.329305021,1136708.329305021,1136708.329305021,1136708.329305021,1136708.329305021,1136708.329305021,1420885.4116312764,947256.9410875175,51269183.0,947256.9410875175,1420885.4116312764,1.8476146598386747,2.7714219897580117,False,False,weekly_timing_eligible,2021_pre_omicron
South Korea,primary,8,2021-07-22,2021-09-20,weekly,True,True,2021-09-02,2021-08-12,21.0,21.0,True,105160.0,6301.1844850727475,20,5000.0,7,42,14,1.0,0.0,1050197.4141787912,1050197.4141787912,1050197.4141787912,1050197.4141787912,1050197.4141787912,1050197.4141787912,1312746.767723489,875164.5118156594,51269183.0,875164.5118156594,1312746.767723489,1.7069991378947065,2.5604987068420595,False,False,weekly_timing_eligible,2021_pre_omicron
South Korea,primary,9,2021-09-20,2021-10-19,weekly,True,True,2021-10-11,2021-09-27,14.0,14.0,True,58552.0,3631.9813509053884,20,5000.0,7,42,14,1.0,0.0,605330.2251508981,605330.2251508981,605330.2251508981,605330.2251508981,605330.2251508981,605330.2251508981,756662.7814386226,504441.8542924151,51269183.0,504441.8542924151,756662.7814386226,0.9839085095083631,1.4758627642625446,False,False,weekly_timing_eligible,2021_pre_omicron
South Korea,primary,10,2021-10-19,2021-12-28,weekly,True,True,2021-11-25,2021-12-14,-19.0,19.0,True,276420.0,11264.669945215932,20,5000.0,7,42,14,1.0,0.0,1877444.9908693219,1877444.9908693219,1877444.9908693219,1877444.9908693219,1877444.9908693219,1877444.9908693219,2346806.2385866526,1564537.4923911018,51269183.0,1564537.4923911018,2346806.2385866526,3.0516138562050066,4.57742078430751,False,False,weekly_timing_eligible,2021_pre_omicron
South Korea,primary,11,2021-12-28,2022-05-26,weekly,True,True,2022-03-04,2022-03-14,-10.0,10.0,True,17437755.0,45978.69451126277,20,5000.0,7,42,14,1.0,0.0,45978694.511262774,22989347.255631387,15326231.503754258,38315578.759385645,57473368.13907846,7663115.751877129,57473368.13907846,38315578.759385645,51269183.0,7663115.751877129,57473368.13907846,14.946826345715571,112.10119759286678,True,True,weekly_timing_eligible,omicron_era
South Korea,primary,12,2022-05-26,2022-06-27,weekly,True,True,2022-06-19,2022-06-05,14.0,14.0,True,302599.0,3311.8978056772685,20,5000.0,7,42,14,1.0,0.0,3311897.805677268,1655948.902838634,1103965.9352257561,2759914.8380643907,4139872.2570965854,551982.9676128781,4139872.2570965854,2759914.8380643907,51269183.0,551982.9676128781,4139872.2570965854,1.0766369489696725,8.074777117272545,False,False,weekly_timing_eligible,omicron_era
South Korea,primary,13,2022-06-27,2022-09-16,weekly,True,True,2022-08-05,2022-08-19,-14.0,14.0,True,6030254.0,16561.361077985162,20,5000.0,7,42,14,1.0,0.0,16561361.077985162,8280680.538992581,5520453.69266172,13801134.231654303,20701701.347481452,2760226.84633086,20701701.347481452,13801134.231654303,51269183.0,2760226.84633086,20701701.347481452,5.383793313677068,40.378449852578015,False,True,weekly_timing_eligible,omicron_era
South Korea,primary,14,2022-09-16,2022-11-06,weekly,True,True,2022-10-27,2022-10-14,13.0,13.0,True,1540608.0,10038.061211030315,20,5000.0,7,42,14,1.0,0.0,10038061.211030316,5019030.605515158,3346020.4036767716,8365051.00919193,12547576.513787894,1673010.2018383858,12547576.513787894,8365051.00919193,51269183.0,1673010.2018383858,12547576.513787894,3.2631887304277614,24.473915478208212,False,False,weekly_timing_eligible,omicron_era
South Korea,primary,15,2022-11-06,2022-12-31,weekly,True,True,2022-12-04,2022-11-23,11.0,11.0,True,3278561.0,12647.9912531338,20,5000.0,7,42,14,1.0,0.0,12647991.2531338,6323995.6265669,4215997.084377933,10539992.710944833,15809989.066417249,2107998.5421889666,15809989.066417249,10539992.710944833,51269183.0,2107998.5421889666,15809989.066417249,4.111628894474419,30.837216708558138,False,True,weekly_timing_eligible,omicron_era
Spain,primary,1,2020-02-01,2020-04-28,weekly,True,True,2020-03-12,2020-03-28,-16.0,16.0,True,220807.0,50204.49525807485,20,5000.0,7,42,14,1.0,0.0,4781380.500769033,4781380.500769033,4781380.500769033,5976725.625961293,3984483.750640861,8367415.876345809,5976725.625961293,3984483.750640861,46754783.0,3984483.750640861,8367415.876345809,8.522087998228676,17.89638479628022,False,False,weekly_timing_eligible,2020
Spain,primary,2,2020-06-19,2020-08-03,weekly,True,True,2020-07-16,2020-07-04,12.0,12.0,True,51786.0,4741.571570469518,20,5000.0,7,42,14,1.0,0.0,451578.2448066207,451578.2448066207,451578.2448066207,564472.806008276,376315.20400551724,790261.9284115862,564472.806008276,376315.20400551724,46754783.0,376315.20400551724,790261.9284115862,0.8048699616582912,1.6902269194824115,False,False,weekly_timing_eligible,2020
Spain,primary,3,2020-08-03,2020-09-06,weekly,True,True,2020-08-24,2020-08-16,8.0,8.0,True,210467.0,5277.568431446647,20,5000.0,7,42,14,1.0,0.0,502625.56489968067,502625.56489968067,502625.56489968067,628281.9561246008,418854.63741640054,879594.7385744412,628281.9561246008,418854.63741640054,46754783.0,418854.63741640054,879594.7385744412,0.8958540935082525,1.8812935963673305,False,False,weekly_timing_eligible,2020
Spain,primary,4,2020-09-06,2020-12-02,weekly,True,True,2020-10-16,2020-11-01,-16.0,16.0,True,1166786.0,18972.117229583993,20,5000.0,7,42,14,1.0,0.0,1806868.3075794277,1806868.3075794277,1806868.3075794277,2258585.384474285,1505723.5896495234,3162019.538263999,2258585.384474285,1505723.5896495234,46754783.0,1505723.5896495234,3162019.538263999,3.2204696354799114,6.762986234507813,False,False,weekly_timing_eligible,2020
Spain,primary,5,2020-12-02,2021-02-25,weekly,True,True,2021-01-05,2020-12-21,15.0,15.0,True,1523768.0,10599.936596705451,20,5000.0,7,42,14,1.0,0.0,1766656.0994509084,1766656.0994509084,1766656.0994509084,1766656.0994509084,1766656.0994509084,1766656.0994509084,2208320.1243136358,1472213.4162090905,46754783.0,1472213.4162090905,2208320.1243136358,3.1487974528918046,4.723196179337707,False,True,weekly_timing_eligible,2021_pre_omicron
Spain,primary,6,2021-02-25,2021-05-06,weekly,True,True,2021-04-15,2021-04-24,-9.0,9.0,True,462925.0,1254.8141091315226,20,5000.0,7,42,14,1.0,0.0,209135.68485525376,209135.68485525376,209135.68485525376,209135.68485525376,209135.68485525376,209135.68485525376,261419.60606906723,174279.73737937814,46754783.0,174279.73737937814,261419.60606906723,0.3727527457017139,0.5591291185525709,False,True,weekly_timing_eligible,2021_pre_omicron
Spain,primary,7,2021-05-06,2021-06-15,weekly,True,True,2021-05-24,2021-06-07,-14.0,14.0,True,193937.0,997.9914606849927,20,5000.0,7,42,14,1.0,0.0,166331.91011416545,166331.91011416545,166331.91011416545,166331.91011416545,166331.91011416545,166331.91011416545,207914.88764270683,138609.92509513788,46754783.0,138609.92509513788,207914.88764270683,0.2964614873629889,0.44469223104448335,False,True,weekly_timing_eligible,2021_pre_omicron
Spain,primary,8,2021-06-15,2021-09-18,weekly,True,True,2021-07-27,2021-07-16,11.0,11.0,True,1187779.0,11486.749167670407,20,5000.0,7,42,14,1.0,0.0,1914458.1946117345,1914458.1946117345,1914458.1946117345,1914458.1946117345,1914458.1946117345,1914458.1946117345,2393072.743264668,1595381.828843112,46754783.0,1595381.828843112,2393072.743264668,3.4122323460320882,5.1183485190481335,False,False,weekly_timing_eligible,2021_pre_omicron
Spain,primary,9,2021-09-18,2021-10-10,weekly,True,True,2021-10-08,2021-10-06,2.0,2.0,True,44073.0,1600.0338778307914,20,5000.0,7,42,14,1.0,0.0,266672.3129717986,266672.3129717986,266672.3129717986,266672.3129717986,266672.3129717986,266672.3129717986,333340.39121474826,222226.92747649882,46754783.0,222226.92747649882,333340.39121474826,0.47530308819206546,0.7129546322880982,False,False,weekly_timing_eligible,2021_pre_omicron
Spain,primary,10,2021-10-10,2021-11-22,weekly,True,True,2021-11-11,2021-11-05,6.0,6.0,True,122919.0,5523.298044907455,20,5000.0,7,42,14,1.0,0.0,920549.6741512425,920549.6741512425,920549.6741512425,920549.6741512425,920549.6741512425,920549.6741512425,1150687.0926890532,767124.7284593687,46754783.0,767124.7284593687,1150687.0926890532,1.6407406456348406,2.461110968452261,False,False,weekly_timing_eligible,2021_pre_omicron
Spain,primary,11,2021-12-21,2022-02-09,weekly,True,True,2022-01-10,2022-01-10,0.0,0.0,True,4966910.0,2988.7277976975956,20,5000.0,7,42,14,1.0,0.0,2988727.797697596,1494363.898848798,996242.5992325319,2490606.4980813297,3735909.7471219944,498121.2996162659,3735909.7471219944,2490606.4980813297,46754783.0,498121.2996162659,3735909.7471219944,1.0653911057960976,7.990433293470733,False,True,weekly_timing_eligible,omicron_era
Spain,primary,12,2022-02-09,2022-05-11,weekly,True,True,2022-04-25,2022-03-27,29.0,29.0,True,1619586.0,8073.479619822998,20,5000.0,7,42,14,1.0,0.0,8073479.619822998,4036739.809911499,2691159.8732743324,6727899.683185833,10091849.524778746,1345579.9366371662,10091849.524778746,6727899.683185833,46754783.0,1345579.9366371662,10091849.524778746,2.8779514100988686,21.584635575741515,False,True,weekly_timing_eligible,omicron_era
Spain,primary,13,2022-05-11,2022-06-09,weekly,True,True,2022-05-28,2022-05-06,22.0,22.0,False,377650.0,5361.6915359871855,20,5000.0,7,42,14,1.0,0.0,5361691.535987185,2680845.7679935927,1787230.5119957284,4468076.279989322,6702114.419983981,893615.2559978642,6702114.419983981,4468076.279989322,46754783.0,893615.2559978642,6702114.419983981,1.9112809399583015,14.33460704968726,False,False,weekly_timing_eligible,omicron_era
Spain,primary,14,2022-06-09,2022-08-17,weekly,True,True,2022-06-30,2022-07-03,-3.0,3.0,True,871398.0,18986.392225715488,20,5000.0,7,42,14,1.0,0.0,18986392.22571549,9493196.112857744,6328797.408571829,15821993.521429574,23732990.28214436,3164398.7042859145,23732990.28214436,15821993.521429574,46754783.0,3164398.7042859145,23732990.28214436,6.768074839072431,50.76056129304324,False,False,weekly_timing_eligible,omicron_era
Spain,primary,15,2022-08-17,2022-09-06,weekly,True,False,2022-08-18,,,,False,52063.0,2054.086039751824,20,5000.0,7,42,14,1.0,0.0,2054086.039751824,1027043.019875912,684695.3465839414,1711738.3664598535,2567607.54968978,342347.6732919707,2567607.54968978,1711738.3664598535,46754783.0,342347.6732919707,2567607.54968978,0.7322195748229026,5.491646811171768,False,False,weekly_timing_eligible,omicron_era
Spain,primary,16,2022-09-06,2022-10-15,weekly,True,True,2022-09-25,2022-09-28,-3.0,3.0,True,110574.0,3556.394217513613,20,5000.0,7,42,14,1.0,0.0,3556394.217513613,1778197.1087568065,1185464.7391712044,2963661.8479280113,4445492.771892016,592732.3695856022,4445492.771892016,2963661.8479280113,46754783.0,592732.3695856022,4445492.771892016,1.2677470229850114,9.508102672387585,False,False,weekly_timing_eligible,omicron_era
Spain,primary,17,2022-10-15,2022-12-31,weekly,True,True,2022-11-21,2022-11-15,6.0,6.0,True,221665.0,5600.546739855077,20,5000.0,7,42,14,1.0,0.0,5600546.739855077,2800273.3699275386,1866848.9132850256,4667122.283212565,7000683.424818846,933424.4566425128,7000683.424818846,4667122.283212565,46754783.0,933424.4566425128,7000683.424818846,1.9964255991574442,14.97319199368083,False,False,weekly_timing_eligible,omicron_era
Suriname,primary,1,2020-03-27,2020-06-25,monthly,False,False,2020-05-31,,,,False,365.0,51.69320594467472,20,5000.0,7,42,14,1.0,0.0,4923.162470921402,4923.162470921402,4923.162470921402,6153.953088651753,4102.635392434502,8615.534324112454,6153.953088651753,4102.635392434502,586634.0,4102.635392434502,8615.534324112454,0.6993517921624901,1.4686387635412292,False,False,monthly_descriptive_only,2020
Suriname,primary,2,2020-06-25,2020-09-05,monthly,False,False,2020-07-30,,,,False,3963.0,120.29902403857191,20,5000.0,7,42,14,1.0,0.0,11457.04990843542,11457.04990843542,11457.04990843542,14321.312385544277,9547.541590362851,20049.837339761987,14321.312385544277,9547.541590362851,586634.0,9547.541590362851,20049.837339761987,1.6275124848479379,3.4177762181806695,False,False,monthly_descriptive_only,2020
Suriname,primary,3,2020-09-05,2020-10-22,monthly,False,False,2020-09-18,,,,False,902.0,47.09215371299292,20,5000.0,7,42,14,1.0,0.0,4484.967020285039,4484.967020285039,4484.967020285039,5606.2087753563,3737.4725169042,7848.69228549882,5606.2087753563,3737.4725169042,586634.0,3737.4725169042,7848.69228549882,0.6371046541632772,1.3379197737428823,False,False,monthly_descriptive_only,2020
Suriname,primary,4,2020-10-22,2021-01-08,monthly,False,False,2020-11-29,,,,False,1704.0,103.5295839469306,20,5000.0,7,42,14,1.0,0.0,9859.960375898152,9859.960375898152,9859.960375898152,12324.95046987269,8216.633646581793,17254.930657821766,12324.95046987269,8216.633646581793,586634.0,8216.633646581793,17254.930657821766,1.400640543606711,2.941345141574093,False,False,monthly_descriptive_only,2020
Suriname,primary,5,2021-01-08,2021-02-26,monthly,False,False,2021-01-12,,,,False,2163.0,19.507199206868442,20,5000.0,7,42,14,1.0,0.0,3251.199867811407,3251.199867811407,3251.199867811407,3251.199867811407,3251.199867811407,3251.199867811407,4063.999834764259,2709.3332231761724,586634.0,2709.3332231761724,4063.999834764259,0.4618438793483113,0.692765819022467,False,False,monthly_descriptive_only,2021_pre_omicron
Suriname,primary,6,2021-02-26,2021-07-22,monthly,False,False,2021-05-28,,,,False,15672.0,852.7376306758105,20,5000.0,7,42,14,1.0,0.0,142122.9384459684,142122.9384459684,142122.9384459684,142122.9384459684,142122.9384459684,142122.9384459684,177653.67305746052,118435.782038307,586634.0,118435.782038307,177653.67305746052,20.189041555434393,30.283562333151593,False,False,monthly_descriptive_only,2021_pre_omicron
Suriname,primary,7,2021-07-22,2021-11-18,monthly,False,False,2021-09-17,,,,False,25866.0,894.1404440011752,20,5000.0,7,42,14,1.0,0.0,149023.4073335292,149023.4073335292,149023.4073335292,149023.4073335292,149023.4073335292,149023.4073335292,186279.2591669115,124186.172777941,586634.0,124186.172777941,186279.2591669115,21.16927637640181,31.753914564602717,False,False,monthly_descriptive_only,2021_pre_omicron
Suriname,primary,8,2021-11-18,2022-02-25,monthly,False,False,2021-12-31,,,,False,27828.0,421.6291635049363,20,5000.0,7,42,14,1.0,0.0,421629.16350493627,210814.58175246813,140543.0545016454,351357.6362541136,527036.4543811703,70271.5272508227,527036.4543811703,351357.6362541136,586634.0,70271.5272508227,527036.4543811703,11.978768235530621,89.84076176647967,False,False,monthly_descriptive_only,omicron_era
Suriname,primary,9,2022-02-25,2022-04-24,monthly,False,False,2022-04-03,,,,False,1286.0,134.30681283368293,20,5000.0,7,42,14,1.0,0.0,134306.81283368292,67153.40641684146,44768.937611227644,111922.34402806911,167883.51604210364,22384.468805613822,167883.51604210364,111922.34402806911,586634.0,22384.468805613822,167883.51604210364,3.8157469232287626,28.618101924215722,False,False,monthly_descriptive_only,omicron_era
Suriname,primary,10,2022-04-24,2022-08-07,monthly,False,False,2022-05-26,,,,False,1680.0,242.68723307322915,20,5000.0,7,42,14,1.0,0.0,242687.23307322914,121343.61653661457,80895.74435774305,202239.36089435764,303359.04134153645,40447.87217887153,303359.04134153645,202239.36089435764,586634.0,40447.87217887153,303359.04134153645,6.894907587843788,51.71180690882841,False,False,monthly_descriptive_only,omicron_era
Suriname,primary,11,2022-08-07,2022-11-26,monthly,False,False,2022-10-08,,,,False,246.0,203.94007954722053,20,5000.0,7,42,14,1.0,0.0,203940.07954722052,101970.03977361026,67980.02651574017,169950.06628935045,254925.09943402564,33990.01325787009,254925.09943402564,169950.06628935045,586634.0,33990.01325787009,254925.09943402564,5.794074884488469,43.45556163366352,False,False,monthly_descriptive_only,omicron_era
Sweden,primary,1,2020-02-01,2020-05-12,weekly,True,True,2020-03-22,2020-03-14,8.0,8.0,True,28055.0,5206.233714033747,20,5000.0,7,42,14,1.0,0.0,495831.7822889282,495831.7822889282,495831.7822889282,619789.7278611604,413193.1519074402,867705.6190056244,619789.7278611604,413193.1519074402,10099270.0,413193.1519074402,867705.6190056244,4.091317015065844,8.591765731638272,False,False,weekly_timing_eligible,2020
Sweden,primary,2,2020-05-12,2020-06-29,weekly,True,True,2020-05-21,2020-06-15,-25.0,25.0,True,39818.0,682.3879983885945,20,5000.0,7,42,14,1.0,0.0,64989.33317986614,64989.33317986614,64989.33317986614,81236.66647483269,54157.77764988845,113731.33306476574,81236.66647483269,54157.77764988845,10099270.0,54157.77764988845,113731.33306476574,0.5362543792758135,1.1261341964792084,False,False,weekly_timing_eligible,2020
Sweden,primary,3,2020-09-05,2021-03-01,weekly,True,True,2020-12-03,2020-11-30,3.0,3.0,True,572324.0,4235.168229013926,20,5000.0,7,42,14,1.0,0.0,403349.3551441834,403349.3551441834,403349.3551441834,504186.69393022935,336124.46262015286,705861.371502321,504186.69393022935,336124.46262015286,10099270.0,336124.46262015286,705861.371502321,3.32820552990615,6.989231612802914,False,True,weekly_timing_eligible,2020
Sweden,primary,4,2021-08-10,2021-09-20,weekly,True,True,2021-08-30,2021-09-11,-12.0,12.0,True,40444.0,333.89653484034073,20,5000.0,7,42,14,1.0,0.0,55649.42247339012,55649.42247339012,55649.42247339012,55649.42247339012,55649.42247339012,55649.42247339012,69561.77809173767,46374.5187278251,10099270.0,46374.5187278251,69561.77809173767,0.4591868395223131,0.6887802592834696,False,False,weekly_timing_eligible,2021_pre_omicron
Sweden,primary,5,2021-09-20,2021-11-05,weekly,True,True,2021-10-18,2021-10-30,-12.0,12.0,True,32112.0,341.36453822465177,20,5000.0,7,42,14,1.0,0.0,56894.08970410863,56894.08970410863,56894.08970410863,56894.08970410863,56894.08970410863,56894.08970410863,71117.61213013579,47411.741420090526,10099270.0,47411.741420090526,71117.61213013579,0.4694571134358278,0.7041856701537417,False,False,weekly_timing_eligible,2021_pre_omicron
Sweden,primary,6,2021-11-05,2021-12-27,weekly,True,True,2021-12-09,2021-12-20,-11.0,11.0,True,97044.0,734.1188711203811,20,5000.0,7,42,14,1.0,0.0,734118.871120381,367059.4355601905,244706.29037346036,611765.725933651,917648.5889004763,122353.14518673018,917648.5889004763,611765.725933651,10099270.0,122353.14518673018,917648.5889004763,1.211504843287982,9.086286324659865,False,False,weekly_timing_eligible,omicron_era
Sweden,primary,7,2021-12-27,2022-03-11,weekly,True,True,2022-01-14,2022-01-26,-12.0,12.0,True,1193264.0,660.7729651140271,20,5000.0,7,42,14,1.0,0.0,660772.9651140271,330386.4825570136,220257.65503800902,550644.1375950227,825966.2063925338,110128.82751900451,825966.2063925338,550644.1375950227,10099270.0,110128.82751900451,825966.2063925338,1.0904632465416264,8.178474349062197,False,True,weekly_timing_eligible,omicron_era
Sweden,primary,8,2022-05-15,2022-06-22,weekly,True,True,2022-06-06,2022-05-22,15.0,15.0,True,7959.0,306.7971172605623,20,5000.0,7,42,14,1.0,0.0,306797.11726056226,153398.55863028113,102265.70575352076,255664.26438380193,383496.3965757028,51132.85287676038,383496.3965757028,255664.26438380193,10099270.0,51132.85287676038,383496.3965757028,0.5063024642054365,3.797268481540773,False,False,weekly_timing_eligible,omicron_era
Sweden,primary,9,2022-06-22,2022-08-13,weekly,True,True,2022-07-25,2022-08-18,-24.0,24.0,False,39143.0,753.1585635458197,20,5000.0,7,42,14,1.0,0.0,753158.5635458196,376579.2817729098,251052.8545152732,627632.1362881832,941448.2044322746,125526.4272576366,941448.2044322746,627632.1362881832,10099270.0,125526.4272576366,941448.2044322746,1.2429257486693257,9.321943115019943,False,False,weekly_timing_eligible,omicron_era
Sweden,primary,10,2022-08-13,2022-10-11,weekly,True,True,2022-09-03,2022-10-06,-33.0,33.0,True,49157.0,706.5325563083416,20,5000.0,7,42,14,1.0,0.0,706532.5563083416,353266.2781541708,235510.8521027805,588777.1302569513,883165.6953854269,117755.42605139026,883165.6953854269,588777.1302569513,10099270.0,117755.42605139026,883165.6953854269,1.1659795812112188,8.74484685908414,False,False,weekly_timing_eligible,omicron_era
Sweden,primary,11,2022-10-11,2022-11-08,weekly,True,True,2022-11-03,2022-11-17,-14.0,14.0,False,13844.0,228.92551336815643,20,5000.0,7,42,14,1.0,0.0,228925.51336815642,114462.75668407821,76308.50445605213,190771.26114013037,286156.8917101955,38154.25222802607,286156.8917101955,190771.26114013037,10099270.0,38154.25222802607,286156.8917101955,0.37779217931618886,2.8334413448714164,False,False,weekly_timing_eligible,omicron_era
Sweden,primary,12,2022-11-08,2022-12-31,weekly,True,True,2022-12-04,2022-12-22,-18.0,18.0,True,59865.0,2578.015379966531,20,5000.0,7,42,14,1.0,0.0,2578015.379966531,1289007.6899832655,859338.4599888436,2148346.149972109,3222519.224958163,429669.2299944218,3222519.224958163,2148346.149972109,10099270.0,429669.2299944218,3222519.224958163,4.254458292474821,31.908437193561152,False,False,weekly_timing_eligible,omicron_era
Switzerland,primary,1,2020-02-01,2020-04-30,weekly,True,True,2020-03-15,2020-03-22,-7.0,7.0,True,29586.0,2107.9213417615174,20,5000.0,7,42,14,1.0,0.0,200754.4135010969,200754.4135010969,200754.4135010969,250943.01687637114,167295.34458424742,351320.22362691956,250943.01687637114,167295.34458424742,8654618.0,167295.34458424742,351320.22362691956,1.9330182404844143,4.0593383050172696,False,False,weekly_timing_eligible,2020
Switzerland,primary,2,2020-06-14,2020-08-10,weekly,True,True,2020-07-14,2020-07-31,-17.0,17.0,True,5614.0,212.76711731990403,20,5000.0,7,42,14,1.0,0.0,20263.534982848003,20263.534982848003,20263.534982848003,25329.418728560006,16886.279152373336,35461.186219984,25329.418728560006,16886.279152373336,8654618.0,16886.279152373336,35461.186219984,0.19511293453244657,0.40973716251813774,False,False,weekly_timing_eligible,2020
Switzerland,primary,3,2020-09-08,2020-11-07,weekly,True,True,2020-10-25,2020-11-04,-10.0,10.0,True,167321.0,3995.8303700726365,20,5000.0,7,42,14,1.0,0.0,380555.27334025106,380555.27334025106,380555.27334025106,475694.0916753139,317129.3944502092,665971.7283454394,475694.0916753139,317129.3944502092,8654618.0,317129.3944502092,665971.7283454394,3.664279514707746,7.694986980886267,False,False,weekly_timing_eligible,2020
Switzerland,primary,4,2021-08-03,2021-09-18,weekly,True,True,2021-08-21,2021-07-20,32.0,32.0,False,103394.0,785.0850459778671,20,5000.0,7,42,14,1.0,0.0,130847.50766297785,130847.50766297785,130847.50766297785,130847.50766297785,130847.50766297785,130847.50766297785,163559.38457872233,109039.58971914822,8654618.0,109039.58971914822,163559.38457872233,1.2599006648144173,1.8898509972216258,False,False,weekly_timing_eligible,2021_pre_omicron
Switzerland,primary,5,2021-09-18,2021-10-12,weekly,True,True,2021-10-06,2021-09-10,26.0,26.0,False,28532.0,300.6426689567078,20,5000.0,7,42,14,1.0,0.0,50107.11149278463,50107.11149278463,50107.11149278463,50107.11149278463,50107.11149278463,50107.11149278463,62633.889365980795,41755.926243987196,8654618.0,41755.926243987196,62633.889365980795,0.48246989346019886,0.7237048401902983,False,False,weekly_timing_eligible,2021_pre_omicron
Switzerland,primary,6,2021-10-12,2022-01-16,weekly,True,True,2021-11-18,2021-10-30,19.0,19.0,True,815757.0,2726.450811728378,20,5000.0,7,42,14,1.0,0.0,454408.46862139634,454408.46862139634,454408.46862139634,454408.46862139634,454408.46862139634,454408.46862139634,568010.5857767455,378673.72385116364,8654618.0,378673.72385116364,568010.5857767455,4.375395007048995,6.563092510573493,False,True,weekly_timing_eligible,2021_pre_omicron
Switzerland,primary,7,2022-02-07,2022-04-17,weekly,True,True,2022-03-08,2022-03-14,-6.0,6.0,True,1204003.0,1275.5330988686592,20,5000.0,7,42,14,1.0,0.0,1275533.0988686592,637766.5494343296,425177.6996228864,1062944.249057216,1594416.373585824,212588.8498114432,1594416.373585824,1062944.249057216,8654618.0,212588.8498114432,1594416.373585824,2.456363178726585,18.422723840449386,False,True,weekly_timing_eligible,omicron_era
Switzerland,primary,8,2022-04-17,2022-05-11,weekly,True,False,2022-04-27,,,,False,80539.0,198.49304414045943,20,5000.0,7,42,14,1.0,0.0,198493.04414045942,99246.52207022971,66164.34804681981,165410.87011704955,248116.30517557426,33082.174023409905,248116.30517557426,165410.87011704955,8654618.0,33082.174023409905,248116.30517557426,0.38224880663028576,2.866866049727143,False,True,weekly_timing_eligible,omicron_era
Switzerland,primary,9,2022-05-11,2022-06-16,weekly,True,False,2022-06-01,,,,False,52740.0,754.0300726479654,20,5000.0,7,42,14,1.0,0.0,754030.0726479654,377015.0363239827,251343.3575493218,628358.3938733046,942537.5908099568,125671.6787746609,942537.5908099568,628358.3938733046,8654618.0,125671.6787746609,942537.5908099568,1.4520765535192992,10.890574151394745,False,False,weekly_timing_eligible,omicron_era
Switzerland,primary,10,2022-06-16,2022-08-27,weekly,True,True,2022-07-06,2022-07-12,-6.0,6.0,True,327762.0,1802.0996148087395,20,5000.0,7,42,14,1.0,0.0,1802099.6148087394,901049.8074043697,600699.8716029131,1501749.679007283,2252624.518510924,300349.93580145657,2252624.518510924,1501749.679007283,8654618.0,300349.93580145657,2252624.518510924,3.4704008403543236,26.028006302657428,False,True,weekly_timing_eligible,omicron_era
Switzerland,primary,11,2022-08-27,2022-10-01,weekly,True,False,2022-09-15,,,,False,74302.0,827.4302139728737,20,5000.0,7,42,14,1.0,0.0,827430.2139728738,413715.1069864369,275810.07132429123,689525.1783107282,1034287.7674660921,137905.03566214562,1034287.7674660921,689525.1783107282,8654618.0,137905.03566214562,1034287.7674660921,1.5934271814440062,11.950703860830046,False,False,weekly_timing_eligible,omicron_era
Switzerland,primary,12,2022-10-21,2022-12-31,weekly,True,True,2022-11-30,2022-11-22,8.0,8.0,True,197805.0,2388.0787750942036,20,5000.0,7,42,14,1.0,0.0,2388078.7750942037,1194039.3875471018,796026.2583647345,1990065.6459118365,2985098.4688677546,398013.12918236724,2985098.4688677546,1990065.6459118365,8654618.0,398013.12918236724,2985098.4688677546,4.598852649329725,34.491394869972936,False,False,weekly_timing_eligible,omicron_era
Taiwan,primary,1,2020-07-19,2020-09-29,monthly,False,False,2020-08-26,,,,False,65.0,529.1019920353034,20,5000.0,7,42,14,1.0,0.0,50390.66590812413,50390.66590812413,50390.66590812413,62988.33238515517,41992.22159010344,88183.66533921723,62988.33238515517,41992.22159010344,23816775.0,41992.22159010344,88183.66533921723,0.1763136343610898,0.3702586321582885,False,False,monthly_descriptive_only,2020
Taiwan,primary,2,2020-09-29,2021-03-02,monthly,False,False,2021-01-01,,,,False,442.0,3669.5700864044406,20,5000.0,7,42,14,1.0,0.0,611595.01440074,611595.01440074,611595.01440074,611595.01440074,611595.01440074,611595.01440074,764493.7680009252,509662.51200061676,23816775.0,509662.51200061676,764493.7680009252,2.1399308344669534,3.2098962517004304,False,False,monthly_descriptive_only,2021_pre_omicron
Taiwan,primary,3,2021-03-02,2021-07-12,monthly,False,False,2021-05-26,,,,False,14318.0,5464.982070976437,20,5000.0,7,42,14,1.0,0.0,910830.3451627395,910830.3451627395,910830.3451627395,910830.3451627395,910830.3451627395,910830.3451627395,1138537.9314534245,759025.2876356163,23816775.0,759025.2876356163,1138537.9314534245,3.1869356268244386,4.780403440236659,False,False,monthly_descriptive_only,2021_pre_omicron
Taiwan,primary,4,2021-07-12,2021-09-20,monthly,False,False,2021-08-12,,,,False,898.0,1600.656502924067,20,5000.0,7,42,14,1.0,0.0,266776.0838206778,266776.0838206778,266776.0838206778,266776.0838206778,266776.0838206778,266776.0838206778,333470.1047758473,222313.4031838982,23816775.0,222313.4031838982,333470.1047758473,0.9334320166517011,1.4001480249775515,False,False,monthly_descriptive_only,2021_pre_omicron
Taiwan,primary,5,2021-09-20,2022-01-15,monthly,False,False,2021-11-03,,,,False,1628.0,4857.228682088623,20,5000.0,7,42,14,1.0,0.0,809538.1136814371,809538.1136814371,809538.1136814371,809538.1136814371,809538.1136814371,809538.1136814371,1011922.6421017966,674615.094734531,23816775.0,674615.094734531,1011922.6421017966,2.832520753689494,4.248781130534241,False,False,monthly_descriptive_only,2021_pre_omicron
Taiwan,primary,6,2022-01-15,2022-03-24,monthly,False,False,2022-02-19,,,,False,4635.0,2226.154136215667,20,5000.0,7,42,14,1.0,0.0,2226154.1362156672,1113077.0681078336,742051.3787385557,1855128.4468463894,2782692.670269584,371025.68936927785,2782692.670269584,1855128.4468463894,23816775.0,371025.68936927785,2782692.670269584,1.5578334571715855,11.68375092878689,False,False,monthly_descriptive_only,omicron_era
Taiwan,primary,7,2022-03-24,2022-07-08,monthly,False,False,2022-05-26,,,,False,4003879.0,14767.22237493278,20,5000.0,7,42,14,1.0,0.0,14767222.37493278,7383611.18746639,4922407.458310926,12306018.645777319,18459027.968665976,2461203.729155463,18459027.968665976,12306018.645777319,23816775.0,2461203.729155463,18459027.968665976,10.333908470628216,77.50431352971162,False,True,monthly_descriptive_only,omicron_era
Taiwan,primary,8,2022-07-08,2022-09-21,monthly,False,False,2022-08-07,,,,False,2094752.0,8430.95874178385,20,5000.0,7,42,14,1.0,0.0,8430958.74178385,4215479.370891925,2810319.5805946165,7025798.951486543,10538698.427229812,1405159.7902973082,10538698.427229812,7025798.951486543,23816775.0,1405159.7902973082,10538698.427229812,5.899874312526815,44.24905734395111,False,True,monthly_descriptive_only,omicron_era
Taiwan,primary,9,2022-09-21,2022-12-19,monthly,False,False,2022-11-02,,,,False,2544875.0,10306.097679502232,20,5000.0,7,42,14,1.0,0.0,10306097.679502232,5153048.839751116,3435365.893167411,8588414.732918527,12882622.09937779,1717682.9465837055,12882622.09937779,8588414.732918527,23816775.0,1717682.9465837055,12882622.09937779,7.212071939142497,54.090539543568724,False,True,monthly_descriptive_only,omicron_era
Tajikistan,primary,1,2020-03-09,2020-06-13,monthly,False,False,2020-04-27,,,,False,4902.0,3290.466983176469,20,5000.0,7,42,14,1.0,0.0,313377.80792156846,313377.80792156846,313377.80792156846,391722.2599019606,261148.17326797373,548411.1638627448,391722.2599019606,261148.17326797373,9537642.0,261148.17326797373,548411.1638627448,2.738079005984642,5.749965912567748,False,False,monthly_descriptive_only,2020
Tajikistan,primary,2,2020-06-13,2020-12-04,monthly,False,False,2020-09-30,,,,False,7474.0,5848.146576250741,20,5000.0,7,42,14,1.0,0.0,556966.3405953087,556966.3405953087,556966.3405953087,696207.925744136,464138.61716275726,974691.0960417902,696207.925744136,464138.61716275726,9537642.0,464138.61716275726,974691.0960417902,4.866387490354087,10.21941372974358,False,False,monthly_descriptive_only,2020
Tajikistan,primary,3,2021-05-07,2021-09-11,monthly,False,False,2021-07-01,,,,False,3728.0,6179.354311658572,20,5000.0,7,42,14,1.0,0.0,1029892.3852764288,1029892.3852764288,1029892.3852764288,1029892.3852764288,1029892.3852764288,1029892.3852764288,1287365.481595536,858243.654397024,9537642.0,858243.654397024,1287365.481595536,8.998488875940447,13.497733313910672,False,False,monthly_descriptive_only,2021_pre_omicron
Tajikistan,primary,4,2021-09-11,2021-12-07,monthly,False,False,2021-10-16,,,,False,51.0,408.9154384737071,20,5000.0,7,42,14,1.0,0.0,68152.57307895119,68152.57307895119,68152.57307895119,68152.57307895119,68152.57307895119,68152.57307895119,85190.71634868899,56793.810899125994,9537642.0,56793.810899125994,85190.71634868899,0.5954701476436838,0.8932052214655257,False,False,monthly_descriptive_only,2021_pre_omicron
Thailand,primary,1,2020-02-01,2020-04-09,monthly,False,False,2020-02-20,,,,False,2404.0,4655.134320634302,20,5000.0,7,42,14,1.0,0.0,443346.12577469536,443346.12577469536,443346.12577469536,554182.6572183693,369455.10481224617,775855.720105717,554182.6572183693,369455.10481224617,69799978.0,369455.10481224617,775855.720105717,0.5293054745837401,1.111541496625854,False,False,monthly_descriptive_only,2020
Thailand,primary,2,2020-04-09,2020-07-06,monthly,False,False,2020-05-28,,,,False,826.0,3067.464205484296,20,5000.0,7,42,14,1.0,0.0,292139.4481413615,292139.4481413615,292139.4481413615,365174.3101767019,243449.54011780128,511244.03424738266,365174.3101767019,243449.54011780128,69799978.0,243449.54011780128,511244.03424738266,0.34878168603119225,0.7324415406655037,False,False,monthly_descriptive_only,2020
Thailand,primary,3,2020-09-18,2021-01-20,monthly,False,False,2020-11-21,,,,False,9163.0,12562.508956438216,20,5000.0,7,42,14,1.0,0.0,1196429.4244226872,1196429.4244226872,1196429.4244226872,1495536.780528359,997024.5203522394,2093751.4927397026,1495536.780528359,997024.5203522394,69799978.0,997024.5203522394,2093751.4927397026,1.428402341834892,2.999644917853273,False,False,monthly_descriptive_only,2020
Thailand,primary,4,2021-01-20,2021-03-30,monthly,False,False,2021-02-25,,,,False,16227.0,7401.077011209734,20,5000.0,7,42,14,1.0,0.0,1233512.8352016225,1233512.8352016225,1233512.8352016225,1233512.8352016225,1233512.8352016225,1233512.8352016225,1541891.0440020282,1027927.3626680187,69799978.0,1027927.3626680187,1541891.0440020282,1.472675768849123,2.2090136532736846,False,False,monthly_descriptive_only,2021_pre_omicron
Thailand,primary,5,2021-03-30,2021-09-24,monthly,False,False,2021-07-28,,,,False,1508537.0,49655.7188385571,20,5000.0,7,42,14,1.0,0.0,8275953.139759516,8275953.139759516,8275953.139759516,8275953.139759516,8275953.139759516,8275953.139759516,10344941.424699396,6896627.616466264,69799978.0,6896627.616466264,10344941.424699396,9.880558438666363,14.820837657999542,False,False,monthly_descriptive_only,2021_pre_omicron
Thailand,primary,6,2021-09-24,2022-01-14,monthly,False,False,2021-11-15,,,,False,784002.0,28227.775396514637,20,5000.0,7,42,14,1.0,0.0,4704629.23275244,4704629.23275244,4704629.23275244,4704629.23275244,4704629.23275244,4704629.23275244,5880786.54094055,3920524.360627033,69799978.0,3920524.360627033,5880786.54094055,5.61679884859997,8.425198272899959,False,False,monthly_descriptive_only,2021_pre_omicron
Thailand,primary,7,2022-01-14,2022-04-29,monthly,False,False,2022-03-12,,,,False,1937604.0,37216.76310557926,20,5000.0,7,42,14,1.0,0.0,37216763.10557926,18608381.55278963,12405587.701859754,31013969.254649386,46520953.88197407,6202793.850929877,46520953.88197407,31013969.254649386,69799978.0,6202793.850929877,46520953.88197407,8.886526942644418,66.64895206983313,False,False,monthly_descriptive_only,omicron_era
Thailand,primary,8,2022-04-29,2022-06-23,monthly,False,False,2022-05-15,,,,False,292562.0,16371.572281997123,20,5000.0,7,42,14,1.0,0.0,16371572.281997124,8185786.140998562,5457190.760665707,13642976.90166427,20464465.352496404,2728595.3803328536,20464465.352496404,13642976.90166427,69799978.0,2728595.3803328536,20464465.352496404,3.909163668121577,29.31872751091183,False,False,monthly_descriptive_only,omicron_era
Thailand,primary,9,2022-06-23,2022-09-09,monthly,False,False,2022-07-31,,,,False,161524.0,26292.480537798103,20,5000.0,7,42,14,1.0,0.0,26292480.537798103,13146240.268899051,8764160.179266034,21910400.44816509,32865600.672247626,4382080.089633017,32865600.672247626,21910400.44816509,69799978.0,4382080.089633017,32865600.672247626,6.278053683101471,47.08540262326103,False,False,monthly_descriptive_only,omicron_era
Thailand,primary,10,2022-09-09,2022-12-31,monthly,False,False,2022-12-12,,,,False,56461.0,38115.3466886897,20,5000.0,7,42,14,1.0,0.0,38115346.6886897,19057673.34434485,12705115.562896566,31762788.90724142,47644183.36086212,6352557.781448283,47644183.36086212,31762788.90724142,69799978.0,6352557.781448283,47644183.36086212,9.101088515311972,68.25816386483979,False,False,monthly_descriptive_only,omicron_era
Tunisia,primary,1,2020-06-17,2020-08-16,monthly,False,False,2020-07-29,,,,False,982.0,559.272490124617,20,5000.0,7,42,14,1.0,0.0,53264.04667853495,53264.04667853495,53264.04667853495,66580.05834816869,44386.705565445794,93212.08168743616,66580.05834816869,44386.705565445794,11818618.0,44386.705565445794,93212.08168743616,0.37556595505029267,0.7886885056056144,False,False,monthly_descriptive_only,2020
Tunisia,primary,2,2020-08-16,2020-11-13,monthly,False,False,2020-10-05,,,,False,75645.0,5489.523390737146,20,5000.0,7,42,14,1.0,0.0,522811.75149877573,522811.75149877573,522811.75149877573,653514.6893734698,435676.45958231314,914920.5651228576,653514.6893734698,435676.45958231314,11818618.0,435676.45958231314,914920.5651228576,3.6863570646103727,7.741349835681782,False,False,monthly_descriptive_only,2020
Tunisia,primary,3,2020-11-13,2021-02-07,monthly,False,False,2020-12-20,,,,False,140980.0,5129.336681596072,20,5000.0,7,42,14,1.0,0.0,488508.25539010204,488508.25539010204,488508.25539010204,610635.3192376277,407090.21282508504,854889.4469326786,610635.3192376277,407090.21282508504,11818618.0,407090.21282508504,854889.4469326786,3.44448236524004,7.2334129670040825,False,False,monthly_descriptive_only,2020
Tunisia,primary,4,2021-02-07,2021-05-02,monthly,False,False,2021-04-03,,,,False,95567.0,6416.40369583315,20,5000.0,7,42,14,1.0,0.0,1069400.6159721916,1069400.6159721916,1069400.6159721916,1069400.6159721916,1069400.6159721916,1069400.6159721916,1336750.7699652396,891167.1799768264,11818618.0,891167.1799768264,1336750.7699652396,7.540367071486924,11.310550607230386,False,False,monthly_descriptive_only,2021_pre_omicron
Tunisia,primary,5,2021-05-02,2021-10-16,monthly,False,False,2021-07-01,,,,False,400039.0,24413.738072346758,20,5000.0,7,42,14,1.0,0.0,4068956.3453911263,4068956.3453911263,4068956.3453911263,4068956.3453911263,4068956.3453911263,4068956.3453911263,5086195.431738908,3390796.9544926053,11818618.0,3390796.9544926053,5086195.431738908,28.690299952943782,43.03544992941568,False,False,monthly_descriptive_only,2021_pre_omicron
Tunisia,primary,6,2021-10-16,2022-03-19,monthly,False,False,2022-01-21,,,,False,319089.0,6701.883938395664,20,5000.0,7,42,14,1.0,0.0,6701883.938395664,3350941.969197832,2233961.3127985545,5584903.281996387,8377354.922994579,1116980.6563992773,8377354.922994579,5584903.281996387,11818618.0,1116980.6563992773,8377354.922994579,9.451025969358493,70.88269477018869,False,False,monthly_descriptive_only,omicron_era
Tunisia,primary,7,2022-03-19,2022-10-07,monthly,False,False,2022-06-27,,,,False,116640.0,3570.9132708634106,20,5000.0,7,42,14,1.0,0.0,3570913.2708634106,1785456.6354317053,1190304.423621137,2975761.0590528427,4463641.588579263,595152.2118105685,4463641.588579263,2975761.0590528427,11818618.0,595152.2118105685,4463641.588579263,5.035717473993731,37.76788105495298,False,False,monthly_descriptive_only,omicron_era
Tunisia,primary,8,2022-10-07,2022-12-24,monthly,False,False,2022-11-29,,,,False,1648.0,1023.3032657099303,20,5000.0,7,42,14,1.0,0.0,1023303.2657099303,511651.63285496517,341101.08856997674,852752.721424942,1279129.0821374129,170550.54428498837,1279129.0821374129,852752.721424942,11818618.0,170550.54428498837,1279129.0821374129,1.4430667298409035,10.823000473806776,False,False,monthly_descriptive_only,omicron_era
Turkey,primary,1,2020-02-01,2020-05-12,monthly,False,False,2020-03-26,,,,False,141475.0,6259.403951309864,20,5000.0,7,42,14,1.0,0.0,596133.7096485584,596133.7096485584,596133.7096485584,745167.1370606981,496778.0913737987,1043233.9918849773,745167.1370606981,496778.0913737987,84339067.0,496778.0913737987,1043233.9918849773,0.5890248837751534,1.236952255927822,False,False,monthly_descriptive_only,2020
Turkey,primary,2,2020-05-12,2020-09-20,monthly,False,False,2020-08-22,,,,False,163096.0,26630.12999687803,20,5000.0,7,42,14,1.0,0.0,2536202.8568455265,2536202.8568455265,2536202.8568455265,3170253.5710569085,2113502.3807046055,4438354.999479672,3170253.5710569085,2113502.3807046055,84339067.0,2113502.3807046055,4438354.999479672,2.505958929691036,5.262513752351175,False,False,monthly_descriptive_only,2020
Turkey,primary,3,2020-09-20,2021-01-16,monthly,False,False,2020-11-11,,,,False,2079317.0,58445.80951412117,20,5000.0,7,42,14,1.0,0.0,5566267.5727734445,5566267.5727734445,5566267.5727734445,6957834.465966806,4638556.310644537,9740968.252353529,6957834.465966806,4638556.310644537,84339067.0,4638556.310644537,9740968.252353529,5.499890472637713,11.549769992539197,False,False,monthly_descriptive_only,2020
Turkey,primary,4,2021-01-16,2021-06-02,monthly,False,False,2021-03-31,,,,False,2890582.0,40745.93294061609,20,5000.0,7,42,14,1.0,0.0,6790988.823436015,6790988.823436015,6790988.823436015,6790988.823436015,6790988.823436015,6790988.823436015,8488736.02929502,5659157.352863346,84339067.0,5659157.352863346,8488736.02929502,6.710007063349831,10.065010595024747,False,False,monthly_descriptive_only,2021_pre_omicron
Turkey,primary,5,2021-06-02,2021-09-21,monthly,False,False,2021-08-09,,,,False,1647769.0,52961.666250156915,20,5000.0,7,42,14,1.0,0.0,8826944.375026152,8826944.375026152,8826944.375026152,8826944.375026152,8826944.375026152,8826944.375026152,11033680.468782691,7355786.979188461,84339067.0,7355786.979188461,11033680.468782691,8.721684079322886,13.082526118984328,False,False,monthly_descriptive_only,2021_pre_omicron
Turkey,primary,6,2021-09-21,2021-12-20,monthly,False,False,2021-10-22,,,,False,2314934.0,48035.82248963935,20,5000.0,7,42,14,1.0,0.0,8005970.414939892,8005970.414939892,8005970.414939892,8005970.414939892,8005970.414939892,8005970.414939892,10007463.018674865,6671642.01244991,84339067.0,6671642.01244991,10007463.018674865,7.9105001392177,11.865750208826551,False,False,monthly_descriptive_only,2021_pre_omicron
Turkey,primary,7,2021-12-20,2022-05-24,monthly,False,False,2022-01-25,,,,False,5894405.0,46406.718476566166,20,5000.0,7,42,14,1.0,0.0,46406718.476566166,23203359.238283083,15468906.158855388,38672265.39713848,58008398.09570771,7734453.079427694,58008398.09570771,38672265.39713848,84339067.0,7734453.079427694,58008398.09570771,9.170664740016266,68.77998555012199,False,False,monthly_descriptive_only,omicron_era
Turkey,primary,8,2022-05-24,2022-09-09,monthly,False,False,2022-07-21,,,,False,1733530.0,19070.067753471616,20,5000.0,7,42,14,1.0,0.0,19070067.753471617,9535033.876735808,6356689.251157206,15891723.127893014,23837584.69183952,3178344.625578603,23837584.69183952,15891723.127893014,84339067.0,3178344.625578603,23837584.69183952,3.768531878089904,28.26398908567428,False,False,monthly_descriptive_only,omicron_era
Turkey,primary,9,2022-09-09,2022-12-15,monthly,False,False,2022-11-16,,,,False,121888.0,13046.39146572016,20,5000.0,7,42,14,1.0,0.0,13046391.46572016,6523195.73286008,4348797.155240053,10871992.888100134,16307989.3321502,2174398.5776200267,16307989.3321502,10871992.888100134,84339067.0,2174398.5776200267,16307989.3321502,2.578162949822562,19.336222123669213,False,False,monthly_descriptive_only,omicron_era
Ukraine,primary,1,2020-02-01,2020-07-18,monthly,False,False,2020-06-07,,,,False,59333.0,3105.5853469298,20,5000.0,7,42,14,1.0,0.0,295770.0330409333,295770.0330409333,295770.0330409333,369712.5413011667,246475.0275341111,517597.5578216333,369712.5413011667,246475.0275341111,43733759.0,246475.0275341111,517597.5578216333,0.5635807055462831,1.1835194816471946,False,False,monthly_descriptive_only,2020
Ukraine,primary,2,2020-07-18,2021-01-05,monthly,False,False,2020-11-15,,,,False,1058790.0,48415.87910511922,20,5000.0,7,42,14,1.0,0.0,4611036.105249449,4611036.105249449,4611036.105249449,5763795.131561812,3842530.0877078744,8069313.184186536,5763795.131561812,3842530.0877078744,43733759.0,3842530.0877078744,8069313.184186536,8.786187548405968,18.450993851652534,False,False,monthly_descriptive_only,2020
Ukraine,primary,3,2021-01-05,2021-05-12,monthly,False,False,2021-03-22,,,,False,1073457.0,41681.65359530053,20,5000.0,7,42,14,1.0,0.0,6946942.2658834215,6946942.2658834215,6946942.2658834215,6946942.2658834215,6946942.2658834215,6946942.2658834215,8683677.832354277,5789118.554902852,43733759.0,5789118.554902852,8683677.832354277,13.23718492824468,19.85577739236702,False,False,monthly_descriptive_only,2021_pre_omicron
Ukraine,primary,4,2021-05-12,2021-07-19,monthly,False,False,2021-05-25,,,,False,138323.0,4959.366796679944,20,5000.0,7,42,14,1.0,0.0,826561.1327799907,826561.1327799907,826561.1327799907,826561.1327799907,826561.1327799907,826561.1327799907,1033201.4159749884,688800.9439833256,43733759.0,688800.9439833256,1033201.4159749884,1.5749868287867175,2.3624802431800758,False,False,monthly_descriptive_only,2021_pre_omicron
Ukraine,primary,5,2021-07-19,2021-12-27,monthly,False,False,2021-10-24,,,,False,1507882.0,82531.17061747603,20,5000.0,7,42,14,1.0,0.0,13755195.102912672,13755195.102912672,13755195.102912672,13755195.102912672,13755195.102912672,13755195.102912672,17193993.87864084,11462662.58576056,43733759.0,11462662.58576056,17193993.87864084,26.210101413328225,39.31515211999234,False,False,monthly_descriptive_only,2021_pre_omicron
United Arab Emirates,primary,1,2020-02-01,2020-09-12,monthly,False,False,2020-04-25,,,,False,78845.0,1670.8564545384259,20,5000.0,7,42,14,1.0,0.0,159129.18614651673,159129.18614651673,159129.18614651673,198911.48268314594,132607.6551220973,278476.0757564043,198911.48268314594,132607.6551220973,9890400.0,132607.6551220973,278476.0757564043,1.3407714058288571,2.8156199522406,False,False,monthly_descriptive_only,2020
United Arab Emirates,primary,2,2020-11-21,2021-04-09,monthly,False,False,2021-01-28,,,,False,323483.0,1437.7651173616773,20,5000.0,7,42,14,1.0,0.0,239627.51956027956,239627.51956027956,239627.51956027956,239627.51956027956,239627.51956027956,239627.51956027956,299534.39945034945,199689.5996335663,9890400.0,199689.5996335663,299534.39945034945,2.0190245049094706,3.028536757364206,False,True,monthly_descriptive_only,2021_pre_omicron
United Arab Emirates,primary,3,2021-04-09,2021-09-05,monthly,False,False,2021-06-21,,,,False,245132.0,1603.761518923936,20,5000.0,7,42,14,1.0,0.0,267293.58648732264,267293.58648732264,267293.58648732264,267293.58648732264,267293.58648732264,267293.58648732264,334116.98310915334,222744.65540610222,9890400.0,222744.65540610222,334116.98310915334,2.252129897740255,3.3781948466103833,False,True,monthly_descriptive_only,2021_pre_omicron
United Arab Emirates,primary,4,2021-11-07,2022-02-09,monthly,False,False,2022-01-01,,,,False,122152.0,643.4467333550024,20,5000.0,7,42,14,1.0,0.0,643446.7333550024,321723.3666775012,214482.24445166744,536205.6111291687,804308.416693753,107241.12222583372,804308.416693753,536205.6111291687,9890400.0,107241.12222583372,804308.416693753,1.0842950965161542,8.132213223871158,False,True,monthly_descriptive_only,omicron_era
United Arab Emirates,primary,5,2022-04-04,2022-08-06,monthly,False,False,2022-06-23,,,,False,105599.0,962.4635687443938,20,5000.0,7,42,14,1.0,0.0,962463.5687443938,481231.7843721969,320821.18958146457,802052.9739536616,1203079.4609304923,160410.59479073228,1203079.4609304923,802052.9739536616,9890400.0,160410.59479073228,1203079.4609304923,1.6218817721298662,12.164113290973997,False,False,monthly_descriptive_only,omicron_era
United Kingdom,primary,1,2020-02-01,2020-06-23,weekly,True,True,2020-03-30,2020-04-19,-20.0,20.0,True,281032.0,65385.4184494651,20,5000.0,7,42,14,1.0,0.0,6227182.709472866,6227182.709472866,6227182.709472866,7783978.386841084,5189318.924560722,10897569.741577515,7783978.386841084,5189318.924560722,67886004.0,5189318.924560722,10897569.741577515,7.644166129679282,16.05274887232649,False,False,weekly_timing_eligible,2020
United Kingdom,primary,2,2020-06-23,2020-08-15,weekly,True,True,2020-07-31,2020-07-17,14.0,14.0,True,39071.0,1170.033284301918,20,5000.0,7,42,14,1.0,0.0,111431.74136208743,111431.74136208743,111431.74136208743,139289.6767026093,92859.78446840619,195005.547383653,139289.6767026093,92859.78446840619,67886004.0,92859.78446840619,195005.547383653,0.13678781928069617,0.28725442048946204,False,False,weekly_timing_eligible,2020
United Kingdom,primary,3,2020-09-13,2020-11-20,weekly,True,True,2020-10-31,2020-11-13,-13.0,13.0,True,1109610.0,15045.907488207902,20,5000.0,7,42,14,1.0,0.0,1432943.5703055144,1432943.5703055144,1432943.5703055144,1791179.4628818932,1194119.641921262,2507651.2480346505,1791179.4628818932,1194119.641921262,67886004.0,1194119.641921262,2507651.2480346505,1.759007117168455,3.6939149460537557,False,False,weekly_timing_eligible,2020
United Kingdom,primary,4,2020-11-20,2021-03-22,weekly,True,True,2021-01-08,2021-01-06,2.0,2.0,True,2858681.0,44318.748724668374,20,5000.0,7,42,14,1.0,0.0,7386458.120778062,7386458.120778062,7386458.120778062,7386458.120778062,7386458.120778062,7386458.120778062,9233072.650972579,6155381.767315052,67886004.0,6155381.767315052,9233072.650972579,9.06723242586948,13.600848638804221,False,False,weekly_timing_eligible,2021_pre_omicron
United Kingdom,primary,5,2021-06-05,2021-08-07,weekly,True,True,2021-07-20,2021-07-18,2.0,2.0,True,1548952.0,7825.582687392254,20,5000.0,7,42,14,1.0,0.0,1304263.7812320422,1304263.7812320422,1304263.7812320422,1304263.7812320422,1304263.7812320422,1304263.7812320422,1630329.726540053,1086886.4843600353,67886004.0,1086886.4843600353,1630329.726540053,1.6010464901720172,2.401569735258026,False,True,weekly_timing_eligible,2021_pre_omicron
United Kingdom,primary,6,2021-08-07,2021-09-12,weekly,True,True,2021-08-26,2021-09-05,-10.0,10.0,True,1217299.0,8602.59806444735,20,5000.0,7,42,14,1.0,0.0,1433766.3440745582,1433766.3440745582,1433766.3440745582,1433766.3440745582,1433766.3440745582,1433766.3440745582,1792207.9300931979,1194805.2867287986,67886004.0,1194805.2867287986,1792207.9300931979,1.7600171115224261,2.640025667283639,False,True,weekly_timing_eligible,2021_pre_omicron
United Kingdom,primary,7,2021-10-03,2021-11-10,weekly,True,True,2021-10-22,2021-10-20,2.0,2.0,True,1543709.0,9912.504034495498,20,5000.0,7,42,14,1.0,0.0,1652084.0057492496,1652084.0057492496,1652084.0057492496,1652084.0057492496,1652084.0057492496,1652084.0057492496,2065105.0071865623,1376736.671457708,67886004.0,1376736.671457708,2065105.0071865623,2.028012536218376,3.042018804327564,False,True,weekly_timing_eligible,2021_pre_omicron
United Kingdom,primary,8,2021-11-10,2022-01-23,weekly,True,True,2021-11-25,2021-12-05,-10.0,10.0,True,6554997.0,6884.970954186685,20,5000.0,7,42,14,1.0,0.0,1147495.159031114,1147495.159031114,1147495.159031114,1147495.159031114,1147495.159031114,1147495.159031114,1434368.948788893,956245.9658592618,67886004.0,956245.9658592618,1434368.948788893,1.4086054702222004,2.112908205333301,False,True,weekly_timing_eligible,2021_pre_omicron
United Kingdom,primary,9,2022-03-23,2022-05-12,weekly,True,True,2022-04-25,2022-04-22,3.0,3.0,True,1788596.0,7074.943015093253,20,5000.0,7,42,14,1.0,0.0,7074943.015093253,3537471.5075466265,2358314.3383644177,5895785.845911045,8843678.768866565,1179157.1691822088,8843678.768866565,5895785.845911045,67886004.0,1179157.1691822088,8843678.768866565,1.7369665316906984,13.027248987680236,False,True,weekly_timing_eligible,omicron_era
United Kingdom,primary,10,2022-05-12,2022-06-15,weekly,True,True,2022-05-29,2022-06-15,-17.0,17.0,True,303871.0,5973.7973038322425,20,5000.0,7,42,14,1.0,0.0,5973797.303832242,2986898.651916121,1991265.7679440808,4978164.419860203,7467246.629790302,995632.8839720404,7467246.629790302,4978164.419860203,67886004.0,995632.8839720404,7467246.629790302,1.466624672696953,10.999685045227146,False,False,weekly_timing_eligible,omicron_era
United Kingdom,primary,11,2022-06-15,2022-07-20,weekly,True,True,2022-07-06,2022-07-15,-9.0,9.0,True,809365.0,9037.83806002517,20,5000.0,7,42,14,1.0,0.0,9037838.060025169,4518919.030012584,3012612.6866750563,7531531.716687642,11297297.575031461,1506306.3433375282,11297297.575031461,7531531.716687642,67886004.0,1506306.3433375282,11297297.575031461,2.218876137322103,16.64157102991577,False,False,weekly_timing_eligible,omicron_era
United Kingdom,primary,12,2022-08-13,2022-09-02,weekly,True,True,2022-08-18,2022-08-28,-10.0,10.0,True,103255.0,3303.061418170111,20,5000.0,7,42,14,1.0,0.0,3303061.4181701113,1651530.7090850556,1101020.4727233704,2752551.181808426,4128826.7727126386,550510.2363616852,4128826.7727126386,2752551.181808426,67886004.0,550510.2363616852,4128826.7727126386,0.8109333351859762,6.08200001389482,False,False,weekly_timing_eligible,omicron_era
United Kingdom,primary,13,2022-09-02,2022-11-12,weekly,True,True,2022-09-24,2022-10-10,-16.0,16.0,True,441621.0,16761.42592740904,20,5000.0,7,42,14,1.0,0.0,16761425.92740904,8380712.96370452,5587141.975803013,13967854.939507535,20951782.409261297,2793570.9879015065,20951782.409261297,13967854.939507535,67886004.0,2793570.9879015065,20951782.409261297,4.11509121659526,30.863184124464446,False,False,weekly_timing_eligible,omicron_era
United Kingdom,primary,14,2022-12-06,2022-12-31,weekly,True,True,2022-12-23,2022-12-22,1.0,1.0,True,113671.0,11865.98538910583,20,5000.0,7,42,14,1.0,0.0,11865985.38910583,5932992.694552915,3955328.4630352766,9888321.157588193,14832481.736382287,1977664.2315176383,14832481.736382287,9888321.157588193,67886004.0,1977664.2315176383,14832481.736382287,2.9132134976123183,21.849101232092387,False,False,weekly_timing_eligible,omicron_era
United States,primary,1,2020-02-01,2020-02-20,weekly,True,True,2020-02-11,2020-02-03,8.0,8.0,True,6.0,6445.081247795758,20,5000.0,7,42,14,1.0,0.0,613817.2616948341,613817.2616948341,613817.2616948341,767271.5771185426,511514.38474569505,1074180.2079659596,767271.5771185426,511514.38474569505,329466283.0,511514.38474569505,1074180.2079659596,0.15525545742891544,0.3260364606007224,False,False,weekly_timing_eligible,2020
United States,primary,2,2020-02-20,2020-05-25,weekly,True,True,2020-03-24,2020-04-07,-14.0,14.0,True,1666685.0,176417.4114634968,20,5000.0,7,42,14,1.0,0.0,16801658.234618742,16801658.234618742,16801658.234618742,21002072.79327343,14001381.862182286,29402901.9105828,21002072.79327343,14001381.862182286,329466283.0,14001381.862182286,29402901.9105828,4.249716157505041,8.924403930760587,False,False,weekly_timing_eligible,2020
United States,primary,3,2020-05-25,2020-08-24,weekly,True,True,2020-07-07,2020-07-21,-14.0,14.0,True,4106700.0,145987.44512066335,20,5000.0,7,42,14,1.0,0.0,13903566.201967938,13903566.201967938,13903566.201967938,17379457.752459925,11586305.168306615,24331240.85344389,17379457.752459925,11586305.168306615,329466283.0,11586305.168306615,24331240.85344389,3.5166891928381685,7.385047304960152,False,False,weekly_timing_eligible,2020
United States,primary,4,2020-08-24,2020-09-25,weekly,True,True,2020-09-02,2020-09-21,-19.0,19.0,True,1330704.0,42205.64468345174,20,5000.0,7,42,14,1.0,0.0,4019585.2079477846,4019585.2079477846,4019585.2079477846,5024481.509934732,3349654.3399564875,7034274.113908623,5024481.509934732,3349654.3399564875,329466283.0,3349654.3399564875,7034274.113908623,1.0166910888288037,2.1350512865404876,False,False,weekly_timing_eligible,2020
United States,primary,5,2020-09-25,2021-02-27,weekly,True,True,2020-12-11,2020-11-22,19.0,19.0,True,21709442.0,389778.09289554873,20,5000.0,7,42,14,1.0,0.0,37121723.1329094,37121723.1329094,37121723.1329094,46402153.91613676,30934769.277424503,64963015.48259146,46402153.91613676,30934769.277424503,329466283.0,30934769.277424503,64963015.48259146,9.389358144858939,19.717652104203772,False,False,weekly_timing_eligible,2020
United States,primary,6,2021-02-27,2021-04-20,weekly,True,True,2021-04-09,2021-04-10,-1.0,1.0,True,3277391.0,41336.56697076656,20,5000.0,7,42,14,1.0,0.0,6889427.828461093,6889427.828461093,6889427.828461093,6889427.828461093,6889427.828461093,6889427.828461093,8611784.785576368,5741189.857050911,329466283.0,5741189.857050911,8611784.785576368,1.742572807382208,2.6138592110733128,False,False,weekly_timing_eligible,2021_pre_omicron
United States,primary,7,2021-05-24,2021-06-18,weekly,True,True,2021-06-11,2021-06-04,7.0,7.0,True,404393.0,23301.075947175505,20,5000.0,7,42,14,1.0,0.0,3883512.657862584,3883512.657862584,3883512.657862584,3883512.657862584,3883512.657862584,3883512.657862584,4854390.82232823,3236260.5482188202,329466283.0,3236260.5482188202,4854390.82232823,0.9822736696303519,1.4734105044455277,False,False,weekly_timing_eligible,2021_pre_omicron
United States,primary,8,2021-06-18,2021-10-28,weekly,True,True,2021-08-16,2021-09-02,-17.0,17.0,True,12263727.0,305389.11818125134,20,5000.0,7,42,14,1.0,0.0,50898186.363541886,50898186.363541886,50898186.363541886,50898186.363541886,50898186.363541886,50898186.363541886,63622732.95442737,42415155.302951574,329466283.0,42415155.302951574,63622732.95442737,12.873898632884256,19.310847949326387,False,False,weekly_timing_eligible,2021_pre_omicron
United States,primary,9,2021-10-28,2021-11-30,weekly,True,True,2021-11-18,2021-12-02,-14.0,14.0,False,2792623.0,73108.42974130766,20,5000.0,7,42,14,1.0,0.0,12184738.290217942,12184738.290217942,12184738.290217942,12184738.290217942,12184738.290217942,12184738.290217942,15230922.86277243,10153948.575181618,329466283.0,10153948.575181618,15230922.86277243,3.0819386077153204,4.622907911572981,False,False,weekly_timing_eligible,2021_pre_omicron
United States,primary,10,2021-11-30,2022-03-10,weekly,True,True,2022-01-04,2022-01-12,-8.0,8.0,True,31092995.0,212906.17000997558,20,5000.0,7,42,14,1.0,0.0,212906170.00997558,106453085.00498779,70968723.33665852,177421808.34164634,266132712.51246947,35484361.66832926,266132712.51246947,177421808.34164634,329466283.0,35484361.66832926,266132712.51246947,10.770255865098422,80.77691898823817,False,False,weekly_timing_eligible,omicron_era
United States,primary,11,2022-06-12,2022-09-03,weekly,True,True,2022-07-05,2022-07-14,-9.0,9.0,True,9136550.0,99214.38112856586,20,5000.0,7,42,14,1.0,0.0,99214381.12856586,49607190.56428293,33071460.37618862,82678650.94047156,124017976.41070732,16535730.18809431,124017976.41070732,82678650.94047156,329466283.0,16535730.18809431,124017976.41070732,5.018944590483121,37.642084428623406,False,False,weekly_timing_eligible,omicron_era
United States,primary,12,2022-09-03,2022-10-03,weekly,True,True,2022-09-18,2022-09-26,-8.0,8.0,True,1693288.0,34480.1472457295,20,5000.0,7,42,14,1.0,0.0,34480147.2457295,17240073.62286475,11493382.415243167,28733456.03810792,43100184.057161875,5746691.207621584,43100184.057161875,28733456.03810792,329466283.0,5746691.207621584,43100184.057161875,1.744242583882729,13.081819379120466,False,False,weekly_timing_eligible,omicron_era
United States,primary,13,2022-11-24,2022-12-31,weekly,True,True,2022-12-06,2022-11-30,6.0,6.0,True,2242714.0,49308.040945461,20,5000.0,7,42,14,1.0,0.0,49308040.945461,24654020.4727305,16436013.648487,41090034.121217504,61635051.18182624,8218006.8242435,61635051.18182624,41090034.121217504,329466283.0,8218006.8242435,61635051.18182624,2.4943392535992825,18.707544401994618,False,False,weekly_timing_eligible,omicron_era
Uruguay,primary,1,2020-07-15,2021-02-06,monthly,False,False,2020-12-27,,,,False,43815.0,988.7313752917315,20,5000.0,7,42,14,1.0,0.0,94164.89288492681,94164.89288492681,94164.89288492681,117706.11610615852,78470.74407077234,164788.5625486219,117706.11610615852,78470.74407077234,3473727.0,78470.74407077234,164788.5625486219,2.258978442196878,4.743854728613443,False,False,monthly_descriptive_only,2020
Uruguay,primary,2,2021-02-06,2021-08-24,monthly,False,False,2021-04-06,,,,False,339984.0,5882.437629537983,20,5000.0,7,42,14,1.0,0.0,980406.2715896639,980406.2715896639,980406.2715896639,980406.2715896639,980406.2715896639,980406.2715896639,1225507.83948708,817005.22632472,3473727.0,817005.22632472,1225507.83948708,23.519557706311403,35.279336559467104,False,False,monthly_descriptive_only,2021_pre_omicron
Uruguay,primary,3,2021-08-24,2021-10-24,monthly,False,False,2021-10-17,,,,False,7967.0,235.22038050342996,20,5000.0,7,42,14,1.0,0.0,39203.39675057166,39203.39675057166,39203.39675057166,39203.39675057166,39203.39675057166,39203.39675057166,49004.24593821458,32669.497292143053,3473727.0,32669.497292143053,49004.24593821458,0.940473943178121,1.410710914767182,False,False,monthly_descriptive_only,2021_pre_omicron
Uruguay,primary,4,2021-10-24,2022-03-09,monthly,False,False,2022-01-18,,,,False,467136.0,3576.3754537227087,20,5000.0,7,42,14,1.0,0.0,3576375.4537227084,1788187.7268613542,1192125.151240903,2980312.8781022574,4470469.317153386,596062.5756204515,4470469.317153386,2980312.8781022574,3473727.0,596062.5756204515,4470469.317153386,17.15916580722813,128.69374355421095,True,False,monthly_descriptive_only,omicron_era
Uruguay,primary,5,2022-03-09,2022-04-17,monthly,False,False,2022-03-31,,,,False,38140.0,500.02981031166155,20,5000.0,7,42,14,1.0,0.0,500029.81031166157,250014.90515583078,166676.6034372205,416691.50859305135,625037.262889577,83338.30171861025,625037.262889577,416691.50859305135,3473727.0,83338.30171861025,625037.262889577,2.3991033756714404,17.993275317535804,False,False,monthly_descriptive_only,omicron_era
Uruguay,primary,6,2022-04-17,2022-08-23,monthly,False,False,2022-05-26,,,,False,81713.0,1499.9533837812182,20,5000.0,7,42,14,1.0,0.0,1499953.3837812182,749976.6918906091,499984.46126040607,1249961.1531510153,1874941.7297265227,249992.23063020303,1874941.7297265227,1249961.1531510153,3473727.0,249992.23063020303,1874941.7297265227,7.19665738355959,53.97493037669692,False,False,monthly_descriptive_only,omicron_era
Uruguay,primary,7,2022-08-23,2022-10-28,monthly,False,False,2022-09-30,,,,False,12324.0,220.67104844367248,20,5000.0,7,42,14,1.0,0.0,220671.04844367248,110335.52422183624,73557.01614789083,183892.54036972707,275838.8105545906,36778.50807394541,275838.8105545906,183892.54036972707,3473727.0,36778.50807394541,275838.8105545906,1.0587621904065982,7.940716428049487,False,False,monthly_descriptive_only,omicron_era
Uruguay,primary,8,2022-10-28,2022-12-31,monthly,False,False,2022-12-19,,,,False,22359.0,456.5941403172935,20,5000.0,7,42,14,1.0,0.0,456594.1403172935,228297.07015864676,152198.04677243117,380495.11693107797,570742.6753966169,76099.02338621559,570742.6753966169,380495.11693107797,3473727.0,76099.02338621559,570742.6753966169,2.190702475646923,16.430268567351924,False,False,monthly_descriptive_only,omicron_era
Uzbekistan,primary,1,2020-03-22,2020-09-02,monthly,False,False,2020-07-25,,,,False,42394.0,15431.904184805226,20,5000.0,7,42,14,1.0,0.0,1469705.1604576404,1469705.1604576404,1469705.1604576404,1837131.4505720509,1224754.300381367,2571984.030800871,1837131.4505720509,1224754.300381367,33469199.0,1224754.300381367,2571984.030800871,3.6593475104718434,7.684629771990871,False,False,monthly_descriptive_only,2020
Uzbekistan,primary,2,2020-09-02,2020-11-10,monthly,False,False,2020-09-28,,,,False,26900.0,5530.508712623179,20,5000.0,7,42,14,1.0,0.0,526715.1154879218,526715.1154879218,526715.1154879218,658393.8943599024,438929.26290660154,921751.4521038632,658393.8943599024,438929.26290660154,33469199.0,438929.26290660154,921751.4521038632,1.311442388885977,2.7540290166605517,False,False,monthly_descriptive_only,2020
Uzbekistan,primary,3,2020-11-10,2021-03-31,monthly,False,False,2021-01-05,,,,False,13842.0,4484.8866510427415,20,5000.0,7,42,14,1.0,0.0,747481.1085071235,747481.1085071235,747481.1085071235,747481.1085071235,747481.1085071235,747481.1085071235,934351.3856339046,622900.9237559363,33469199.0,622900.9237559363,934351.3856339046,1.8611169145575797,2.79167537183637,False,False,monthly_descriptive_only,2021_pre_omicron
Uzbekistan,primary,4,2021-03-31,2021-09-12,monthly,False,False,2021-07-26,,,,False,81682.0,18073.828579905254,20,5000.0,7,42,14,1.0,0.0,3012304.763317542,3012304.763317542,3012304.763317542,3012304.763317542,3012304.763317542,3012304.763317542,3765380.954146928,2510253.9694312853,33469199.0,2510253.9694312853,3765380.954146928,7.500191353343369,11.250287030015054,False,False,monthly_descriptive_only,2021_pre_omicron
Uzbekistan,primary,5,2021-09-12,2021-11-21,monthly,False,False,2021-09-30,,,,False,27564.0,2079.402228452256,20,5000.0,7,42,14,1.0,0.0,346567.038075376,346567.038075376,346567.038075376,346567.038075376,346567.038075376,346567.038075376,433208.7975942201,288805.8650628134,33469199.0,288805.8650628134,433208.7975942201,0.8629004388865518,1.2943506583298277,False,False,monthly_descriptive_only,2021_pre_omicron
Uzbekistan,primary,6,2021-11-21,2022-04-06,monthly,False,False,2022-01-07,,,,False,46810.0,3112.403630024448,20,5000.0,7,42,14,1.0,0.0,3112403.630024448,1556201.815012224,1037467.8766748159,2593669.69168704,3890504.5375305596,518733.93833740795,3890504.5375305596,2593669.69168704,33469199.0,518733.93833740795,3890504.5375305596,1.549884532155693,11.624133991167698,False,False,monthly_descriptive_only,omicron_era
Uzbekistan,primary,7,2022-04-06,2022-09-17,monthly,False,False,2022-07-26,,,,False,6117.0,15738.246045789885,20,5000.0,7,42,14,1.0,0.0,15738246.045789884,7869123.022894942,5246082.015263295,13115205.038158238,19672807.557237357,2623041.0076316474,19672807.557237357,13115205.038158238,33469199.0,2623041.0076316474,19672807.557237357,7.837178916745654,58.77884187559241,False,False,monthly_descriptive_only,omicron_era
Uzbekistan,primary,8,2022-09-17,2022-11-23,monthly,False,False,2022-09-24,,,,False,1642.0,1663.9169192314184,20,5000.0,7,42,14,1.0,0.0,1663916.9192314183,831958.4596157091,554638.9730771395,1386597.4326928488,2079896.149039273,277319.48653856973,2079896.149039273,1386597.4326928488,33469199.0,277319.48653856973,2079896.149039273,0.8285811875526802,6.214358906645101,False,False,monthly_descriptive_only,omicron_era
